ISO-10303-21;
HEADER;
FILE_DESCRIPTION(('Open CASCADE Model'),'2;1');
FILE_NAME('Open CASCADE Shape Model','2026-10-01T15:31:22',('Author'),(
    'Open CASCADE'),'Open CASCADE STEP processor 8.0','build123d',
  'Unknown');
FILE_SCHEMA(('AUTOMOTIVE_DESIGN { 1 0 10303 214 1 1 1 1 }'));
ENDSEC;
DATA;
#1 = APPLICATION_PROTOCOL_DEFINITION('international standard',
  'automotive_design',2000,#2);
#2 = APPLICATION_CONTEXT(
  'core data for automotive mechanical design processes');
#3 = SHAPE_DEFINITION_REPRESENTATION(#4,#10);
#4 = PRODUCT_DEFINITION_SHAPE('','',#5);
#5 = PRODUCT_DEFINITION('design','',#6,#9);
#6 = PRODUCT_DEFINITION_FORMATION('','',#7);
#7 = PRODUCT('COMPOUND','COMPOUND','',(#8));
#8 = PRODUCT_CONTEXT('',#2,'mechanical');
#9 = PRODUCT_DEFINITION_CONTEXT('part definition',#2,'design');
#10 = ADVANCED_BREP_SHAPE_REPRESENTATION('',(#11,#15),#2120);
#11 = AXIS2_PLACEMENT_3D('',#12,#13,#14);
#12 = CARTESIAN_POINT('',(0.,0.,0.));
#13 = DIRECTION('',(0.,0.,1.));
#14 = DIRECTION('',(1.,0.,-0.));
#15 = MANIFOLD_SOLID_BREP('',#16);
#16 = CLOSED_SHELL('',(#17,#721,#756,#782,#809,#911,#938,#1001,#1028,
    #1033,#1060,#1123,#1178,#1233,#1288,#1343,#1378,#1684,#1719,#1754,
    #1809,#1878,#1927,#1975,#2004,#2054,#2104));
#17 = ADVANCED_FACE('',(#18),#32,.T.);
#18 = FACE_BOUND('',#19,.T.);
#19 = EDGE_LOOP('',(#20,#50,#113,#145,#179,#205,#268,#289,#319,#351,#414
    ,#441,#471,#497,#560,#581,#610,#637,#693,#694));
#20 = ORIENTED_EDGE('',*,*,#21,.T.);
#21 = EDGE_CURVE('',#22,#24,#26,.T.);
#22 = VERTEX_POINT('',#23);
#23 = CARTESIAN_POINT('',(36.,-8.817456953861E-15,120.));
#24 = VERTEX_POINT('',#25);
#25 = CARTESIAN_POINT('',(36.,-8.817456953861E-15,129.21539030917));
#26 = SEAM_CURVE('',#27,(#31,#43),.PCURVE_S1.);
#27 = LINE('',#28,#29);
#28 = CARTESIAN_POINT('',(36.,-8.817456953861E-15,120.));
#29 = VECTOR('',#30,1.);
#30 = DIRECTION('',(0.,0.,1.));
#31 = PCURVE('',#32,#37);
#32 = CYLINDRICAL_SURFACE('',#33,36.);
#33 = AXIS2_PLACEMENT_3D('',#34,#35,#36);
#34 = CARTESIAN_POINT('',(0.,0.,120.));
#35 = DIRECTION('',(0.,0.,1.));
#36 = DIRECTION('',(1.,0.,-0.));
#37 = DEFINITIONAL_REPRESENTATION('',(#38),#42);
#38 = LINE('',#39,#40);
#39 = CARTESIAN_POINT('',(6.28318530718,-0.));
#40 = VECTOR('',#41,1.);
#41 = DIRECTION('',(0.,1.));
#42 = ( GEOMETRIC_REPRESENTATION_CONTEXT(2) 
PARAMETRIC_REPRESENTATION_CONTEXT() REPRESENTATION_CONTEXT('2D SPACE',''
  ) );
#43 = PCURVE('',#32,#44);
#44 = DEFINITIONAL_REPRESENTATION('',(#45),#49);
#45 = LINE('',#46,#47);
#46 = CARTESIAN_POINT('',(0.,-0.));
#47 = VECTOR('',#48,1.);
#48 = DIRECTION('',(0.,1.));
#49 = ( GEOMETRIC_REPRESENTATION_CONTEXT(2) 
PARAMETRIC_REPRESENTATION_CONTEXT() REPRESENTATION_CONTEXT('2D SPACE',''
  ) );
#50 = ORIENTED_EDGE('',*,*,#51,.F.);
#51 = EDGE_CURVE('',#52,#24,#54,.T.);
#52 = VERTEX_POINT('',#53);
#53 = CARTESIAN_POINT('',(30.743901834348,-18.72998932194,132.25));
#54 = SURFACE_CURVE('',#55,(#60,#101),.PCURVE_S1.);
#55 = ELLIPSE('',#56,41.569219381653,36.);
#56 = AXIS2_PLACEMENT_3D('',#57,#58,#59);
#57 = CARTESIAN_POINT('',(0.,0.,150.));
#58 = DIRECTION('',(0.5,0.,0.866025403784));
#59 = DIRECTION('',(-0.866025403784,0.,0.5));
#60 = PCURVE('',#32,#61);
#61 = DEFINITIONAL_REPRESENTATION('',(#62),#100);
#62 = B_SPLINE_CURVE_WITH_KNOTS('',8,(#63,#64,#65,#66,#67,#68,#69,#70,
    #71,#72,#73,#74,#75,#76,#77,#78,#79,#80,#81,#82,#83,#84,#85,#86,#87,
    #88,#89,#90,#91,#92,#93,#94,#95,#96,#97,#98,#99),.UNSPECIFIED.,.F.,
  .F.,(9,7,7,7,7,9),(3.14159265359,4.712388980385,5.890486225481,
    6.774059159303,8.099418560036,9.424777960769),.UNSPECIFIED.);
#63 = CARTESIAN_POINT('',(-8.881784197001E-16,9.215390309173));
#64 = CARTESIAN_POINT('',(0.196349540849,9.215390309173));
#65 = CARTESIAN_POINT('',(0.392699081696,10.131176340716));
#66 = CARTESIAN_POINT('',(0.589048622541,11.962740624171));
#67 = CARTESIAN_POINT('',(0.785398163379,14.63479540871));
#68 = CARTESIAN_POINT('',(0.981747704253,17.996612274423));
#69 = CARTESIAN_POINT('',(1.178097245089,21.837901891973));
#70 = CARTESIAN_POINT('',(1.374446785946,25.918951430473));
#71 = CARTESIAN_POINT('',(1.718058482432,33.060786427145));
#72 = CARTESIAN_POINT('',(1.865320638073,36.121572938431));
#73 = CARTESIAN_POINT('',(2.012582793669,39.0812133937));
#74 = CARTESIAN_POINT('',(2.159844949395,41.838565768354));
#75 = CARTESIAN_POINT('',(2.307107104935,44.299494016508));
#76 = CARTESIAN_POINT('',(2.454369260619,46.383933613899));
#77 = CARTESIAN_POINT('',(2.601631416254,48.031163228914));
#78 = CARTESIAN_POINT('',(2.859340188619,50.080959676348));
#79 = CARTESIAN_POINT('',(2.969786805347,50.691740445996));
#80 = CARTESIAN_POINT('',(3.080233422074,51.018488613364));
#81 = CARTESIAN_POINT('',(3.190680038802,51.051839274308));
#82 = CARTESIAN_POINT('',(3.30112665553,50.790039484135));
#83 = CARTESIAN_POINT('',(3.411573272258,50.239110246521));
#84 = CARTESIAN_POINT('',(3.522019888985,49.412522807929));
#85 = CARTESIAN_POINT('',(3.798136430805,46.707188931909));
#86 = CARTESIAN_POINT('',(3.963806355882,44.509010671456));
#87 = CARTESIAN_POINT('',(4.129476281004,41.80374432118));
#88 = CARTESIAN_POINT('',(4.295146205998,38.692934092047));
#89 = CARTESIAN_POINT('',(4.460816131189,35.305865196438));
#90 = CARTESIAN_POINT('',(4.626486056248,31.788547112403));
#91 = CARTESIAN_POINT('',(4.792155981355,28.289942603499));
#92 = CARTESIAN_POINT('',(5.123495831538,21.609560992709));
#93 = CARTESIAN_POINT('',(5.289165756628,18.427783441492));
#94 = CARTESIAN_POINT('',(5.454835681722,15.544118559214));
#95 = CARTESIAN_POINT('',(5.620505606738,13.088981058689));
#96 = CARTESIAN_POINT('',(5.786175531936,11.171270332146));
#97 = CARTESIAN_POINT('',(5.951845456992,9.867350806084));
#98 = CARTESIAN_POINT('',(6.117515382088,9.215390309173));
#99 = CARTESIAN_POINT('',(6.28318530718,9.215390309173));
#100 = ( GEOMETRIC_REPRESENTATION_CONTEXT(2) 
PARAMETRIC_REPRESENTATION_CONTEXT() REPRESENTATION_CONTEXT('2D SPACE',''
  ) );
#101 = PCURVE('',#102,#107);
#102 = PLANE('',#103);
#103 = AXIS2_PLACEMENT_3D('',#104,#105,#106);
#104 = CARTESIAN_POINT('',(-173.2050807568,-200.,250.));
#105 = DIRECTION('',(0.5,0.,0.866025403784));
#106 = DIRECTION('',(0.866025403784,0.,-0.5));
#107 = DEFINITIONAL_REPRESENTATION('',(#108),#112);
#108 = ELLIPSE('',#109,41.569219381653,36.);
#109 = AXIS2_PLACEMENT_2D('',#110,#111);
#110 = CARTESIAN_POINT('',(200.,200.));
#111 = DIRECTION('',(-1.,0.));
#112 = ( GEOMETRIC_REPRESENTATION_CONTEXT(2) 
PARAMETRIC_REPRESENTATION_CONTEXT() REPRESENTATION_CONTEXT('2D SPACE',''
  ) );
#113 = ORIENTED_EDGE('',*,*,#114,.T.);
#114 = EDGE_CURVE('',#52,#115,#117,.T.);
#115 = VERTEX_POINT('',#116);
#116 = CARTESIAN_POINT('',(30.243901834348,-19.52706843933,
    131.38397459621));
#117 = SURFACE_CURVE('',#118,(#123,#133),.PCURVE_S1.);
#118 = ELLIPSE('',#119,72.,36.);
#119 = AXIS2_PLACEMENT_3D('',#120,#121,#122);
#120 = CARTESIAN_POINT('',(0.,0.,79.));
#121 = DIRECTION('',(0.866025403784,0.,-0.5));
#122 = DIRECTION('',(0.5,0.,0.866025403784));
#123 = PCURVE('',#32,#124);
#124 = DEFINITIONAL_REPRESENTATION('',(#125),#132);
#125 = B_SPLINE_CURVE_WITH_KNOTS('',5,(#126,#127,#128,#129,#130,#131),
  .UNSPECIFIED.,.F.,.F.,(6,6),(0.544500445682,0.575868812301),
  .PIECEWISE_BEZIER_KNOTS.);
#126 = CARTESIAN_POINT('',(5.738684861498,12.336602540378));
#127 = CARTESIAN_POINT('',(5.732411188174,12.133970969343));
#128 = CARTESIAN_POINT('',(5.72613751485,11.928715305671));
#129 = CARTESIAN_POINT('',(5.719863841526,11.720852164708));
#130 = CARTESIAN_POINT('',(5.713590168203,11.510398592186));
#131 = CARTESIAN_POINT('',(5.707316494879,11.297372055837));
#132 = ( GEOMETRIC_REPRESENTATION_CONTEXT(2) 
PARAMETRIC_REPRESENTATION_CONTEXT() REPRESENTATION_CONTEXT('2D SPACE',''
  ) );
#133 = PCURVE('',#134,#139);
#134 = PLANE('',#135);
#135 = AXIS2_PLACEMENT_3D('',#136,#137,#138);
#136 = CARTESIAN_POINT('',(30.243901834348,-25.5,131.38397459621));
#137 = DIRECTION('',(0.866025403784,0.,-0.5));
#138 = DIRECTION('',(0.5,0.,0.866025403784));
#139 = DEFINITIONAL_REPRESENTATION('',(#140),#144);
#140 = ELLIPSE('',#141,72.,36.);
#141 = AXIS2_PLACEMENT_2D('',#142,#143);
#142 = CARTESIAN_POINT('',(-60.48780366869,-25.5));
#143 = DIRECTION('',(1.,0.));
#144 = ( GEOMETRIC_REPRESENTATION_CONTEXT(2) 
PARAMETRIC_REPRESENTATION_CONTEXT() REPRESENTATION_CONTEXT('2D SPACE',''
  ) );
#145 = ORIENTED_EDGE('',*,*,#146,.F.);
#146 = EDGE_CURVE('',#147,#115,#149,.T.);
#147 = VERTEX_POINT('',#148);
#148 = CARTESIAN_POINT('',(25.411611519146,-25.5,134.1738987105));
#149 = SURFACE_CURVE('',#150,(#155,#167),.PCURVE_S1.);
#150 = ELLIPSE('',#151,41.569219381653,36.);
#151 = AXIS2_PLACEMENT_3D('',#152,#153,#154);
#152 = CARTESIAN_POINT('',(0.,0.,148.84529946162));
#153 = DIRECTION('',(0.5,0.,0.866025403784));
#154 = DIRECTION('',(-0.866025403784,0.,0.5));
#155 = PCURVE('',#32,#156);
#156 = DEFINITIONAL_REPRESENTATION('',(#157),#166);
#157 = B_SPLINE_CURVE_WITH_KNOTS('',7,(#158,#159,#160,#161,#162,#163,
    #164,#165),.UNSPECIFIED.,.F.,.F.,(8,8),(2.125607359775,3.14159265359
    ),.PIECEWISE_BEZIER_KNOTS.);
#158 = CARTESIAN_POINT('',(5.267200013365,17.896326907084));
#159 = CARTESIAN_POINT('',(5.412340769624,15.332137033366));
#160 = CARTESIAN_POINT('',(5.557481525882,13.037038759521));
#161 = CARTESIAN_POINT('',(5.702622282144,11.099253428569));
#162 = CARTESIAN_POINT('',(5.8477630384,9.593144013588));
#163 = CARTESIAN_POINT('',(5.992903794662,8.571510011871));
#164 = CARTESIAN_POINT('',(6.13804455092,8.060689770794));
#165 = CARTESIAN_POINT('',(6.28318530718,8.060689770794));
#166 = ( GEOMETRIC_REPRESENTATION_CONTEXT(2) 
PARAMETRIC_REPRESENTATION_CONTEXT() REPRESENTATION_CONTEXT('2D SPACE',''
  ) );
#167 = PCURVE('',#168,#173);
#168 = PLANE('',#169);
#169 = AXIS2_PLACEMENT_3D('',#170,#171,#172);
#170 = CARTESIAN_POINT('',(-31.24390183434,-25.5,166.88397459621));
#171 = DIRECTION('',(0.5,0.,0.866025403784));
#172 = DIRECTION('',(0.866025403784,0.,-0.5));
#173 = DEFINITIONAL_REPRESENTATION('',(#174),#178);
#174 = ELLIPSE('',#175,41.569219381653,36.);
#175 = AXIS2_PLACEMENT_2D('',#176,#177);
#176 = CARTESIAN_POINT('',(36.07735026919,25.5));
#177 = DIRECTION('',(-1.,0.));
#178 = ( GEOMETRIC_REPRESENTATION_CONTEXT(2) 
PARAMETRIC_REPRESENTATION_CONTEXT() REPRESENTATION_CONTEXT('2D SPACE',''
  ) );
#179 = ORIENTED_EDGE('',*,*,#180,.T.);
#180 = EDGE_CURVE('',#147,#181,#183,.T.);
#181 = VERTEX_POINT('',#182);
#182 = CARTESIAN_POINT('',(25.411611519147,-25.5,135.32859924887));
#183 = SURFACE_CURVE('',#184,(#188,#194),.PCURVE_S1.);
#184 = LINE('',#185,#186);
#185 = CARTESIAN_POINT('',(25.411611519146,-25.5,120.));
#186 = VECTOR('',#187,1.);
#187 = DIRECTION('',(0.,0.,1.));
#188 = PCURVE('',#32,#189);
#189 = DEFINITIONAL_REPRESENTATION('',(#190),#193);
#190 = B_SPLINE_CURVE_WITH_KNOTS('',1,(#191,#192),.UNSPECIFIED.,.F.,.F.,
  (2,2),(14.058428656662,15.444069302717),.PIECEWISE_BEZIER_KNOTS.);
#191 = CARTESIAN_POINT('',(5.496051029182,14.058428656662));
#192 = CARTESIAN_POINT('',(5.496051029182,15.444069302717));
#193 = ( GEOMETRIC_REPRESENTATION_CONTEXT(2) 
PARAMETRIC_REPRESENTATION_CONTEXT() REPRESENTATION_CONTEXT('2D SPACE',''
  ) );
#194 = PCURVE('',#195,#200);
#195 = PLANE('',#196);
#196 = AXIS2_PLACEMENT_3D('',#197,#198,#199);
#197 = CARTESIAN_POINT('',(-31.24390183434,-25.5,166.88397459621));
#198 = DIRECTION('',(0.,1.,0.));
#199 = DIRECTION('',(0.5,0.,0.866025403784));
#200 = DEFINITIONAL_REPRESENTATION('',(#201),#204);
#201 = B_SPLINE_CURVE_WITH_KNOTS('',1,(#202,#203),.UNSPECIFIED.,.F.,.F.,
  (2,2),(14.058428656662,15.444069302717),.PIECEWISE_BEZIER_KNOTS.);
#202 = CARTESIAN_POINT('',(-9.999999999999E-02,65.477886798351));
#203 = CARTESIAN_POINT('',(1.1,64.785066475323));
#204 = ( GEOMETRIC_REPRESENTATION_CONTEXT(2) 
PARAMETRIC_REPRESENTATION_CONTEXT() REPRESENTATION_CONTEXT('2D SPACE',''
  ) );
#205 = ORIENTED_EDGE('',*,*,#206,.F.);
#206 = EDGE_CURVE('',#207,#181,#209,.T.);
#207 = VERTEX_POINT('',#208);
#208 = CARTESIAN_POINT('',(-25.41161151914,-25.5,164.67140075112));
#209 = SURFACE_CURVE('',#210,(#215,#256),.PCURVE_S1.);
#210 = ELLIPSE('',#211,41.569219381653,36.);
#211 = AXIS2_PLACEMENT_3D('',#212,#213,#214);
#212 = CARTESIAN_POINT('',(0.,0.,150.));
#213 = DIRECTION('',(0.5,0.,0.866025403784));
#214 = DIRECTION('',(-0.866025403784,0.,0.5));
#215 = PCURVE('',#32,#216);
#216 = DEFINITIONAL_REPRESENTATION('',(#217),#255);
#217 = B_SPLINE_CURVE_WITH_KNOTS('',8,(#218,#219,#220,#221,#222,#223,
    #224,#225,#226,#227,#228,#229,#230,#231,#232,#233,#234,#235,#236,
    #237,#238,#239,#240,#241,#242,#243,#244,#245,#246,#247,#248,#249,
    #250,#251,#252,#253,#254),.UNSPECIFIED.,.F.,.F.,(9,7,7,7,7,9),(
    3.14159265359,4.712388980385,5.890486225481,6.774059159303,
    8.099418560036,9.424777960769),.UNSPECIFIED.);
#218 = CARTESIAN_POINT('',(-8.881784197001E-16,9.215390309173));
#219 = CARTESIAN_POINT('',(0.196349540849,9.215390309173));
#220 = CARTESIAN_POINT('',(0.392699081696,10.131176340716));
#221 = CARTESIAN_POINT('',(0.589048622541,11.962740624171));
#222 = CARTESIAN_POINT('',(0.785398163379,14.63479540871));
#223 = CARTESIAN_POINT('',(0.981747704253,17.996612274423));
#224 = CARTESIAN_POINT('',(1.178097245089,21.837901891973));
#225 = CARTESIAN_POINT('',(1.374446785946,25.918951430473));
#226 = CARTESIAN_POINT('',(1.718058482432,33.060786427145));
#227 = CARTESIAN_POINT('',(1.865320638073,36.121572938431));
#228 = CARTESIAN_POINT('',(2.012582793669,39.0812133937));
#229 = CARTESIAN_POINT('',(2.159844949395,41.838565768354));
#230 = CARTESIAN_POINT('',(2.307107104935,44.299494016508));
#231 = CARTESIAN_POINT('',(2.454369260619,46.383933613899));
#232 = CARTESIAN_POINT('',(2.601631416254,48.031163228914));
#233 = CARTESIAN_POINT('',(2.859340188619,50.080959676348));
#234 = CARTESIAN_POINT('',(2.969786805347,50.691740445996));
#235 = CARTESIAN_POINT('',(3.080233422074,51.018488613364));
#236 = CARTESIAN_POINT('',(3.190680038802,51.051839274308));
#237 = CARTESIAN_POINT('',(3.30112665553,50.790039484135));
#238 = CARTESIAN_POINT('',(3.411573272258,50.239110246521));
#239 = CARTESIAN_POINT('',(3.522019888985,49.412522807929));
#240 = CARTESIAN_POINT('',(3.798136430805,46.707188931909));
#241 = CARTESIAN_POINT('',(3.963806355882,44.509010671456));
#242 = CARTESIAN_POINT('',(4.129476281004,41.80374432118));
#243 = CARTESIAN_POINT('',(4.295146205998,38.692934092047));
#244 = CARTESIAN_POINT('',(4.460816131189,35.305865196438));
#245 = CARTESIAN_POINT('',(4.626486056248,31.788547112403));
#246 = CARTESIAN_POINT('',(4.792155981355,28.289942603499));
#247 = CARTESIAN_POINT('',(5.123495831538,21.609560992709));
#248 = CARTESIAN_POINT('',(5.289165756628,18.427783441492));
#249 = CARTESIAN_POINT('',(5.454835681722,15.544118559214));
#250 = CARTESIAN_POINT('',(5.620505606738,13.088981058689));
#251 = CARTESIAN_POINT('',(5.786175531936,11.171270332146));
#252 = CARTESIAN_POINT('',(5.951845456992,9.867350806084));
#253 = CARTESIAN_POINT('',(6.117515382088,9.215390309173));
#254 = CARTESIAN_POINT('',(6.28318530718,9.215390309173));
#255 = ( GEOMETRIC_REPRESENTATION_CONTEXT(2) 
PARAMETRIC_REPRESENTATION_CONTEXT() REPRESENTATION_CONTEXT('2D SPACE',''
  ) );
#256 = PCURVE('',#257,#262);
#257 = PLANE('',#258);
#258 = AXIS2_PLACEMENT_3D('',#259,#260,#261);
#259 = CARTESIAN_POINT('',(-173.2050807568,-200.,250.));
#260 = DIRECTION('',(0.5,0.,0.866025403784));
#261 = DIRECTION('',(0.866025403784,0.,-0.5));
#262 = DEFINITIONAL_REPRESENTATION('',(#263),#267);
#263 = ELLIPSE('',#264,41.569219381653,36.);
#264 = AXIS2_PLACEMENT_2D('',#265,#266);
#265 = CARTESIAN_POINT('',(200.,200.));
#266 = DIRECTION('',(-1.,0.));
#267 = ( GEOMETRIC_REPRESENTATION_CONTEXT(2) 
PARAMETRIC_REPRESENTATION_CONTEXT() REPRESENTATION_CONTEXT('2D SPACE',''
  ) );
#268 = ORIENTED_EDGE('',*,*,#269,.F.);
#269 = EDGE_CURVE('',#270,#207,#272,.T.);
#270 = VERTEX_POINT('',#271);
#271 = CARTESIAN_POINT('',(-25.41161151914,-25.5,163.51670021274));
#272 = SURFACE_CURVE('',#273,(#277,#283),.PCURVE_S1.);
#273 = LINE('',#274,#275);
#274 = CARTESIAN_POINT('',(-25.41161151914,-25.5,120.));
#275 = VECTOR('',#276,1.);
#276 = DIRECTION('',(0.,0.,1.));
#277 = PCURVE('',#32,#278);
#278 = DEFINITIONAL_REPRESENTATION('',(#279),#282);
#279 = B_SPLINE_CURVE_WITH_KNOTS('',1,(#280,#281),.UNSPECIFIED.,.F.,.F.,
  (2,2),(43.401230158904,44.786870804959),.PIECEWISE_BEZIER_KNOTS.);
#280 = CARTESIAN_POINT('',(3.928726931587,43.401230158904));
#281 = CARTESIAN_POINT('',(3.928726931587,44.786870804959));
#282 = ( GEOMETRIC_REPRESENTATION_CONTEXT(2) 
PARAMETRIC_REPRESENTATION_CONTEXT() REPRESENTATION_CONTEXT('2D SPACE',''
  ) );
#283 = PCURVE('',#195,#284);
#284 = DEFINITIONAL_REPRESENTATION('',(#285),#288);
#285 = B_SPLINE_CURVE_WITH_KNOTS('',1,(#286,#287),.UNSPECIFIED.,.F.,.F.,
  (2,2),(43.401230158904,44.786870804959),.PIECEWISE_BEZIER_KNOTS.);
#286 = CARTESIAN_POINT('',(-0.1,6.792283793866));
#287 = CARTESIAN_POINT('',(1.1,6.099463470839));
#288 = ( GEOMETRIC_REPRESENTATION_CONTEXT(2) 
PARAMETRIC_REPRESENTATION_CONTEXT() REPRESENTATION_CONTEXT('2D SPACE',''
  ) );
#289 = ORIENTED_EDGE('',*,*,#290,.F.);
#290 = EDGE_CURVE('',#291,#270,#293,.T.);
#291 = VERTEX_POINT('',#292);
#292 = CARTESIAN_POINT('',(-31.24390183434,-17.88347276581,
    166.88397459621));
#293 = SURFACE_CURVE('',#294,(#299,#312),.PCURVE_S1.);
#294 = ELLIPSE('',#295,41.569219381653,36.);
#295 = AXIS2_PLACEMENT_3D('',#296,#297,#298);
#296 = CARTESIAN_POINT('',(0.,0.,148.84529946162));
#297 = DIRECTION('',(0.5,0.,0.866025403784));
#298 = DIRECTION('',(-0.866025403784,0.,0.5));
#299 = PCURVE('',#32,#300);
#300 = DEFINITIONAL_REPRESENTATION('',(#301),#311);
#301 = B_SPLINE_CURVE_WITH_KNOTS('',8,(#302,#303,#304,#305,#306,#307,
    #308,#309,#310),.UNSPECIFIED.,.F.,.F.,(9,9),(5.267200013365,
    7.299170600994),.PIECEWISE_BEZIER_KNOTS.);
#302 = CARTESIAN_POINT('',(2.125607359775,39.794272016158));
#303 = CARTESIAN_POINT('',(2.379603683229,44.281604295164));
#304 = CARTESIAN_POINT('',(2.633600006682,47.961664913491));
#305 = CARTESIAN_POINT('',(2.887596330127,50.393306350452));
#306 = CARTESIAN_POINT('',(3.14159265359,51.246556757134));
#307 = CARTESIAN_POINT('',(3.395588977035,50.393306350306));
#308 = CARTESIAN_POINT('',(3.649585300495,47.961664913477));
#309 = CARTESIAN_POINT('',(3.903581623951,44.281604295164));
#310 = CARTESIAN_POINT('',(4.157577947405,39.794272016158));
#311 = ( GEOMETRIC_REPRESENTATION_CONTEXT(2) 
PARAMETRIC_REPRESENTATION_CONTEXT() REPRESENTATION_CONTEXT('2D SPACE',''
  ) );
#312 = PCURVE('',#168,#313);
#313 = DEFINITIONAL_REPRESENTATION('',(#314),#318);
#314 = ELLIPSE('',#315,41.569219381653,36.);
#315 = AXIS2_PLACEMENT_2D('',#316,#317);
#316 = CARTESIAN_POINT('',(36.07735026919,25.5));
#317 = DIRECTION('',(-1.,0.));
#318 = ( GEOMETRIC_REPRESENTATION_CONTEXT(2) 
PARAMETRIC_REPRESENTATION_CONTEXT() REPRESENTATION_CONTEXT('2D SPACE',''
  ) );
#319 = ORIENTED_EDGE('',*,*,#320,.F.);
#320 = EDGE_CURVE('',#321,#291,#323,.T.);
#321 = VERTEX_POINT('',#322);
#322 = CARTESIAN_POINT('',(-30.74390183434,-18.72998932194,167.75));
#323 = SURFACE_CURVE('',#324,(#329,#339),.PCURVE_S1.);
#324 = ELLIPSE('',#325,72.,36.);
#325 = AXIS2_PLACEMENT_3D('',#326,#327,#328);
#326 = CARTESIAN_POINT('',(0.,0.,221.));
#327 = DIRECTION('',(0.866025403784,0.,-0.5));
#328 = DIRECTION('',(0.5,0.,0.866025403784));
#329 = PCURVE('',#32,#330);
#330 = DEFINITIONAL_REPRESENTATION('',(#331),#338);
#331 = B_SPLINE_CURVE_WITH_KNOTS('',5,(#332,#333,#334,#335,#336,#337),
  .UNSPECIFIED.,.F.,.F.,(6,6),(2.591753118969,2.624530218593),
  .PIECEWISE_BEZIER_KNOTS.);
#332 = CARTESIAN_POINT('',(3.691432188211,47.836602540378));
#333 = CARTESIAN_POINT('',(3.684876768286,47.623007164045));
#334 = CARTESIAN_POINT('',(3.678321348361,47.412267561306));
#335 = CARTESIAN_POINT('',(3.671765928436,47.20440285498));
#336 = CARTESIAN_POINT('',(3.665210508511,46.999431656485));
#337 = CARTESIAN_POINT('',(3.658655088586,46.797372055837));
#338 = ( GEOMETRIC_REPRESENTATION_CONTEXT(2) 
PARAMETRIC_REPRESENTATION_CONTEXT() REPRESENTATION_CONTEXT('2D SPACE',''
  ) );
#339 = PCURVE('',#340,#345);
#340 = PLANE('',#341);
#341 = AXIS2_PLACEMENT_3D('',#342,#343,#344);
#342 = CARTESIAN_POINT('',(-31.24390183434,-25.5,166.88397459621));
#343 = DIRECTION('',(0.866025403784,0.,-0.5));
#344 = DIRECTION('',(0.5,0.,0.866025403784));
#345 = DEFINITIONAL_REPRESENTATION('',(#346),#350);
#346 = ELLIPSE('',#347,72.,36.);
#347 = AXIS2_PLACEMENT_2D('',#348,#349);
#348 = CARTESIAN_POINT('',(62.487803668695,-25.5));
#349 = DIRECTION('',(1.,0.));
#350 = ( GEOMETRIC_REPRESENTATION_CONTEXT(2) 
PARAMETRIC_REPRESENTATION_CONTEXT() REPRESENTATION_CONTEXT('2D SPACE',''
  ) );
#351 = ORIENTED_EDGE('',*,*,#352,.F.);
#352 = EDGE_CURVE('',#353,#321,#355,.T.);
#353 = VERTEX_POINT('',#354);
#354 = CARTESIAN_POINT('',(-30.74390183434,18.72998932194,167.75));
#355 = SURFACE_CURVE('',#356,(#361,#402),.PCURVE_S1.);
#356 = ELLIPSE('',#357,41.569219381653,36.);
#357 = AXIS2_PLACEMENT_3D('',#358,#359,#360);
#358 = CARTESIAN_POINT('',(0.,0.,150.));
#359 = DIRECTION('',(0.5,0.,0.866025403784));
#360 = DIRECTION('',(-0.866025403784,0.,0.5));
#361 = PCURVE('',#32,#362);
#362 = DEFINITIONAL_REPRESENTATION('',(#363),#401);
#363 = B_SPLINE_CURVE_WITH_KNOTS('',8,(#364,#365,#366,#367,#368,#369,
    #370,#371,#372,#373,#374,#375,#376,#377,#378,#379,#380,#381,#382,
    #383,#384,#385,#386,#387,#388,#389,#390,#391,#392,#393,#394,#395,
    #396,#397,#398,#399,#400),.UNSPECIFIED.,.F.,.F.,(9,7,7,7,7,9),(
    3.14159265359,4.712388980385,5.890486225481,6.774059159303,
    8.099418560036,9.424777960769),.UNSPECIFIED.);
#364 = CARTESIAN_POINT('',(-8.881784197001E-16,9.215390309173));
#365 = CARTESIAN_POINT('',(0.196349540849,9.215390309173));
#366 = CARTESIAN_POINT('',(0.392699081696,10.131176340716));
#367 = CARTESIAN_POINT('',(0.589048622541,11.962740624171));
#368 = CARTESIAN_POINT('',(0.785398163379,14.63479540871));
#369 = CARTESIAN_POINT('',(0.981747704253,17.996612274423));
#370 = CARTESIAN_POINT('',(1.178097245089,21.837901891973));
#371 = CARTESIAN_POINT('',(1.374446785946,25.918951430473));
#372 = CARTESIAN_POINT('',(1.718058482432,33.060786427145));
#373 = CARTESIAN_POINT('',(1.865320638073,36.121572938431));
#374 = CARTESIAN_POINT('',(2.012582793669,39.0812133937));
#375 = CARTESIAN_POINT('',(2.159844949395,41.838565768354));
#376 = CARTESIAN_POINT('',(2.307107104935,44.299494016508));
#377 = CARTESIAN_POINT('',(2.454369260619,46.383933613899));
#378 = CARTESIAN_POINT('',(2.601631416254,48.031163228914));
#379 = CARTESIAN_POINT('',(2.859340188619,50.080959676348));
#380 = CARTESIAN_POINT('',(2.969786805347,50.691740445996));
#381 = CARTESIAN_POINT('',(3.080233422074,51.018488613364));
#382 = CARTESIAN_POINT('',(3.190680038802,51.051839274308));
#383 = CARTESIAN_POINT('',(3.30112665553,50.790039484135));
#384 = CARTESIAN_POINT('',(3.411573272258,50.239110246521));
#385 = CARTESIAN_POINT('',(3.522019888985,49.412522807929));
#386 = CARTESIAN_POINT('',(3.798136430805,46.707188931909));
#387 = CARTESIAN_POINT('',(3.963806355882,44.509010671456));
#388 = CARTESIAN_POINT('',(4.129476281004,41.80374432118));
#389 = CARTESIAN_POINT('',(4.295146205998,38.692934092047));
#390 = CARTESIAN_POINT('',(4.460816131189,35.305865196438));
#391 = CARTESIAN_POINT('',(4.626486056248,31.788547112403));
#392 = CARTESIAN_POINT('',(4.792155981355,28.289942603499));
#393 = CARTESIAN_POINT('',(5.123495831538,21.609560992709));
#394 = CARTESIAN_POINT('',(5.289165756628,18.427783441492));
#395 = CARTESIAN_POINT('',(5.454835681722,15.544118559214));
#396 = CARTESIAN_POINT('',(5.620505606738,13.088981058689));
#397 = CARTESIAN_POINT('',(5.786175531936,11.171270332146));
#398 = CARTESIAN_POINT('',(5.951845456992,9.867350806084));
#399 = CARTESIAN_POINT('',(6.117515382088,9.215390309173));
#400 = CARTESIAN_POINT('',(6.28318530718,9.215390309173));
#401 = ( GEOMETRIC_REPRESENTATION_CONTEXT(2) 
PARAMETRIC_REPRESENTATION_CONTEXT() REPRESENTATION_CONTEXT('2D SPACE',''
  ) );
#402 = PCURVE('',#403,#408);
#403 = PLANE('',#404);
#404 = AXIS2_PLACEMENT_3D('',#405,#406,#407);
#405 = CARTESIAN_POINT('',(-173.2050807568,-200.,250.));
#406 = DIRECTION('',(0.5,0.,0.866025403784));
#407 = DIRECTION('',(0.866025403784,0.,-0.5));
#408 = DEFINITIONAL_REPRESENTATION('',(#409),#413);
#409 = ELLIPSE('',#410,41.569219381653,36.);
#410 = AXIS2_PLACEMENT_2D('',#411,#412);
#411 = CARTESIAN_POINT('',(200.,200.));
#412 = DIRECTION('',(-1.,0.));
#413 = ( GEOMETRIC_REPRESENTATION_CONTEXT(2) 
PARAMETRIC_REPRESENTATION_CONTEXT() REPRESENTATION_CONTEXT('2D SPACE',''
  ) );
#414 = ORIENTED_EDGE('',*,*,#415,.F.);
#415 = EDGE_CURVE('',#416,#353,#418,.T.);
#416 = VERTEX_POINT('',#417);
#417 = CARTESIAN_POINT('',(-31.24390183434,17.883472765815,
    166.88397459621));
#418 = SURFACE_CURVE('',#419,(#424,#434),.PCURVE_S1.);
#419 = ELLIPSE('',#420,72.,36.);
#420 = AXIS2_PLACEMENT_3D('',#421,#422,#423);
#421 = CARTESIAN_POINT('',(0.,0.,221.));
#422 = DIRECTION('',(0.866025403784,0.,-0.5));
#423 = DIRECTION('',(0.5,0.,0.866025403784));
#424 = PCURVE('',#32,#425);
#425 = DEFINITIONAL_REPRESENTATION('',(#426),#433);
#426 = B_SPLINE_CURVE_WITH_KNOTS('',5,(#427,#428,#429,#430,#431,#432),
  .UNSPECIFIED.,.F.,.F.,(6,6),(3.658655088586,3.691432188211),
  .PIECEWISE_BEZIER_KNOTS.);
#427 = CARTESIAN_POINT('',(2.624530218593,46.797372055837));
#428 = CARTESIAN_POINT('',(2.617974798668,46.999431656485));
#429 = CARTESIAN_POINT('',(2.611419378743,47.20440285498));
#430 = CARTESIAN_POINT('',(2.604863958818,47.412267561306));
#431 = CARTESIAN_POINT('',(2.598308538894,47.623007164045));
#432 = CARTESIAN_POINT('',(2.591753118969,47.836602540378));
#433 = ( GEOMETRIC_REPRESENTATION_CONTEXT(2) 
PARAMETRIC_REPRESENTATION_CONTEXT() REPRESENTATION_CONTEXT('2D SPACE',''
  ) );
#434 = PCURVE('',#340,#435);
#435 = DEFINITIONAL_REPRESENTATION('',(#436),#440);
#436 = ELLIPSE('',#437,72.,36.);
#437 = AXIS2_PLACEMENT_2D('',#438,#439);
#438 = CARTESIAN_POINT('',(62.487803668695,-25.5));
#439 = DIRECTION('',(1.,0.));
#440 = ( GEOMETRIC_REPRESENTATION_CONTEXT(2) 
PARAMETRIC_REPRESENTATION_CONTEXT() REPRESENTATION_CONTEXT('2D SPACE',''
  ) );
#441 = ORIENTED_EDGE('',*,*,#442,.F.);
#442 = EDGE_CURVE('',#443,#416,#445,.T.);
#443 = VERTEX_POINT('',#444);
#444 = CARTESIAN_POINT('',(-25.41161151914,25.5,163.51670021274));
#445 = SURFACE_CURVE('',#446,(#451,#464),.PCURVE_S1.);
#446 = ELLIPSE('',#447,41.569219381653,36.);
#447 = AXIS2_PLACEMENT_3D('',#448,#449,#450);
#448 = CARTESIAN_POINT('',(0.,0.,148.84529946162));
#449 = DIRECTION('',(0.5,0.,0.866025403784));
#450 = DIRECTION('',(-0.866025403784,0.,0.5));
#451 = PCURVE('',#32,#452);
#452 = DEFINITIONAL_REPRESENTATION('',(#453),#463);
#453 = B_SPLINE_CURVE_WITH_KNOTS('',8,(#454,#455,#456,#457,#458,#459,
    #460,#461,#462),.UNSPECIFIED.,.F.,.F.,(9,9),(5.267200013365,
    7.299170600994),.PIECEWISE_BEZIER_KNOTS.);
#454 = CARTESIAN_POINT('',(2.125607359775,39.794272016158));
#455 = CARTESIAN_POINT('',(2.379603683229,44.281604295164));
#456 = CARTESIAN_POINT('',(2.633600006682,47.961664913491));
#457 = CARTESIAN_POINT('',(2.887596330127,50.393306350452));
#458 = CARTESIAN_POINT('',(3.14159265359,51.246556757134));
#459 = CARTESIAN_POINT('',(3.395588977035,50.393306350306));
#460 = CARTESIAN_POINT('',(3.649585300495,47.961664913477));
#461 = CARTESIAN_POINT('',(3.903581623951,44.281604295164));
#462 = CARTESIAN_POINT('',(4.157577947405,39.794272016158));
#463 = ( GEOMETRIC_REPRESENTATION_CONTEXT(2) 
PARAMETRIC_REPRESENTATION_CONTEXT() REPRESENTATION_CONTEXT('2D SPACE',''
  ) );
#464 = PCURVE('',#168,#465);
#465 = DEFINITIONAL_REPRESENTATION('',(#466),#470);
#466 = ELLIPSE('',#467,41.569219381653,36.);
#467 = AXIS2_PLACEMENT_2D('',#468,#469);
#468 = CARTESIAN_POINT('',(36.07735026919,25.5));
#469 = DIRECTION('',(-1.,0.));
#470 = ( GEOMETRIC_REPRESENTATION_CONTEXT(2) 
PARAMETRIC_REPRESENTATION_CONTEXT() REPRESENTATION_CONTEXT('2D SPACE',''
  ) );
#471 = ORIENTED_EDGE('',*,*,#472,.T.);
#472 = EDGE_CURVE('',#443,#473,#475,.T.);
#473 = VERTEX_POINT('',#474);
#474 = CARTESIAN_POINT('',(-25.41161151914,25.5,164.67140075112));
#475 = SURFACE_CURVE('',#476,(#480,#486),.PCURVE_S1.);
#476 = LINE('',#477,#478);
#477 = CARTESIAN_POINT('',(-25.41161151914,25.5,120.));
#478 = VECTOR('',#479,1.);
#479 = DIRECTION('',(0.,0.,1.));
#480 = PCURVE('',#32,#481);
#481 = DEFINITIONAL_REPRESENTATION('',(#482),#485);
#482 = B_SPLINE_CURVE_WITH_KNOTS('',1,(#483,#484),.UNSPECIFIED.,.F.,.F.,
  (2,2),(43.401230158904,44.786870804959),.PIECEWISE_BEZIER_KNOTS.);
#483 = CARTESIAN_POINT('',(2.354458375593,43.401230158904));
#484 = CARTESIAN_POINT('',(2.354458375593,44.786870804959));
#485 = ( GEOMETRIC_REPRESENTATION_CONTEXT(2) 
PARAMETRIC_REPRESENTATION_CONTEXT() REPRESENTATION_CONTEXT('2D SPACE',''
  ) );
#486 = PCURVE('',#487,#492);
#487 = PLANE('',#488);
#488 = AXIS2_PLACEMENT_3D('',#489,#490,#491);
#489 = CARTESIAN_POINT('',(-31.24390183434,25.5,166.88397459621));
#490 = DIRECTION('',(0.,1.,0.));
#491 = DIRECTION('',(0.5,0.,0.866025403784));
#492 = DEFINITIONAL_REPRESENTATION('',(#493),#496);
#493 = B_SPLINE_CURVE_WITH_KNOTS('',1,(#494,#495),.UNSPECIFIED.,.F.,.F.,
  (2,2),(43.401230158904,44.786870804959),.PIECEWISE_BEZIER_KNOTS.);
#494 = CARTESIAN_POINT('',(-0.1,6.792283793866));
#495 = CARTESIAN_POINT('',(1.1,6.099463470839));
#496 = ( GEOMETRIC_REPRESENTATION_CONTEXT(2) 
PARAMETRIC_REPRESENTATION_CONTEXT() REPRESENTATION_CONTEXT('2D SPACE',''
  ) );
#497 = ORIENTED_EDGE('',*,*,#498,.F.);
#498 = EDGE_CURVE('',#499,#473,#501,.T.);
#499 = VERTEX_POINT('',#500);
#500 = CARTESIAN_POINT('',(25.411611519147,25.5,135.32859924887));
#501 = SURFACE_CURVE('',#502,(#507,#548),.PCURVE_S1.);
#502 = ELLIPSE('',#503,41.569219381653,36.);
#503 = AXIS2_PLACEMENT_3D('',#504,#505,#506);
#504 = CARTESIAN_POINT('',(0.,0.,150.));
#505 = DIRECTION('',(0.5,0.,0.866025403784));
#506 = DIRECTION('',(-0.866025403784,0.,0.5));
#507 = PCURVE('',#32,#508);
#508 = DEFINITIONAL_REPRESENTATION('',(#509),#547);
#509 = B_SPLINE_CURVE_WITH_KNOTS('',8,(#510,#511,#512,#513,#514,#515,
    #516,#517,#518,#519,#520,#521,#522,#523,#524,#525,#526,#527,#528,
    #529,#530,#531,#532,#533,#534,#535,#536,#537,#538,#539,#540,#541,
    #542,#543,#544,#545,#546),.UNSPECIFIED.,.F.,.F.,(9,7,7,7,7,9),(
    3.14159265359,4.712388980385,5.890486225481,6.774059159303,
    8.099418560036,9.424777960769),.UNSPECIFIED.);
#510 = CARTESIAN_POINT('',(-8.881784197001E-16,9.215390309173));
#511 = CARTESIAN_POINT('',(0.196349540849,9.215390309173));
#512 = CARTESIAN_POINT('',(0.392699081696,10.131176340716));
#513 = CARTESIAN_POINT('',(0.589048622541,11.962740624171));
#514 = CARTESIAN_POINT('',(0.785398163379,14.63479540871));
#515 = CARTESIAN_POINT('',(0.981747704253,17.996612274423));
#516 = CARTESIAN_POINT('',(1.178097245089,21.837901891973));
#517 = CARTESIAN_POINT('',(1.374446785946,25.918951430473));
#518 = CARTESIAN_POINT('',(1.718058482432,33.060786427145));
#519 = CARTESIAN_POINT('',(1.865320638073,36.121572938431));
#520 = CARTESIAN_POINT('',(2.012582793669,39.0812133937));
#521 = CARTESIAN_POINT('',(2.159844949395,41.838565768354));
#522 = CARTESIAN_POINT('',(2.307107104935,44.299494016508));
#523 = CARTESIAN_POINT('',(2.454369260619,46.383933613899));
#524 = CARTESIAN_POINT('',(2.601631416254,48.031163228914));
#525 = CARTESIAN_POINT('',(2.859340188619,50.080959676348));
#526 = CARTESIAN_POINT('',(2.969786805347,50.691740445996));
#527 = CARTESIAN_POINT('',(3.080233422074,51.018488613364));
#528 = CARTESIAN_POINT('',(3.190680038802,51.051839274308));
#529 = CARTESIAN_POINT('',(3.30112665553,50.790039484135));
#530 = CARTESIAN_POINT('',(3.411573272258,50.239110246521));
#531 = CARTESIAN_POINT('',(3.522019888985,49.412522807929));
#532 = CARTESIAN_POINT('',(3.798136430805,46.707188931909));
#533 = CARTESIAN_POINT('',(3.963806355882,44.509010671456));
#534 = CARTESIAN_POINT('',(4.129476281004,41.80374432118));
#535 = CARTESIAN_POINT('',(4.295146205998,38.692934092047));
#536 = CARTESIAN_POINT('',(4.460816131189,35.305865196438));
#537 = CARTESIAN_POINT('',(4.626486056248,31.788547112403));
#538 = CARTESIAN_POINT('',(4.792155981355,28.289942603499));
#539 = CARTESIAN_POINT('',(5.123495831538,21.609560992709));
#540 = CARTESIAN_POINT('',(5.289165756628,18.427783441492));
#541 = CARTESIAN_POINT('',(5.454835681722,15.544118559214));
#542 = CARTESIAN_POINT('',(5.620505606738,13.088981058689));
#543 = CARTESIAN_POINT('',(5.786175531936,11.171270332146));
#544 = CARTESIAN_POINT('',(5.951845456992,9.867350806084));
#545 = CARTESIAN_POINT('',(6.117515382088,9.215390309173));
#546 = CARTESIAN_POINT('',(6.28318530718,9.215390309173));
#547 = ( GEOMETRIC_REPRESENTATION_CONTEXT(2) 
PARAMETRIC_REPRESENTATION_CONTEXT() REPRESENTATION_CONTEXT('2D SPACE',''
  ) );
#548 = PCURVE('',#549,#554);
#549 = PLANE('',#550);
#550 = AXIS2_PLACEMENT_3D('',#551,#552,#553);
#551 = CARTESIAN_POINT('',(-173.2050807568,-200.,250.));
#552 = DIRECTION('',(0.5,0.,0.866025403784));
#553 = DIRECTION('',(0.866025403784,0.,-0.5));
#554 = DEFINITIONAL_REPRESENTATION('',(#555),#559);
#555 = ELLIPSE('',#556,41.569219381653,36.);
#556 = AXIS2_PLACEMENT_2D('',#557,#558);
#557 = CARTESIAN_POINT('',(200.,200.));
#558 = DIRECTION('',(-1.,0.));
#559 = ( GEOMETRIC_REPRESENTATION_CONTEXT(2) 
PARAMETRIC_REPRESENTATION_CONTEXT() REPRESENTATION_CONTEXT('2D SPACE',''
  ) );
#560 = ORIENTED_EDGE('',*,*,#561,.F.);
#561 = EDGE_CURVE('',#562,#499,#564,.T.);
#562 = VERTEX_POINT('',#563);
#563 = CARTESIAN_POINT('',(25.411611519146,25.5,134.1738987105));
#564 = SURFACE_CURVE('',#565,(#569,#575),.PCURVE_S1.);
#565 = LINE('',#566,#567);
#566 = CARTESIAN_POINT('',(25.411611519146,25.5,120.));
#567 = VECTOR('',#568,1.);
#568 = DIRECTION('',(0.,0.,1.));
#569 = PCURVE('',#32,#570);
#570 = DEFINITIONAL_REPRESENTATION('',(#571),#574);
#571 = B_SPLINE_CURVE_WITH_KNOTS('',1,(#572,#573),.UNSPECIFIED.,.F.,.F.,
  (2,2),(14.058428656662,15.444069302717),.PIECEWISE_BEZIER_KNOTS.);
#572 = CARTESIAN_POINT('',(0.787134277997,14.058428656662));
#573 = CARTESIAN_POINT('',(0.787134277997,15.444069302717));
#574 = ( GEOMETRIC_REPRESENTATION_CONTEXT(2) 
PARAMETRIC_REPRESENTATION_CONTEXT() REPRESENTATION_CONTEXT('2D SPACE',''
  ) );
#575 = PCURVE('',#487,#576);
#576 = DEFINITIONAL_REPRESENTATION('',(#577),#580);
#577 = B_SPLINE_CURVE_WITH_KNOTS('',1,(#578,#579),.UNSPECIFIED.,.F.,.F.,
  (2,2),(14.058428656662,15.444069302717),.PIECEWISE_BEZIER_KNOTS.);
#578 = CARTESIAN_POINT('',(-9.999999999999E-02,65.477886798351));
#579 = CARTESIAN_POINT('',(1.1,64.785066475323));
#580 = ( GEOMETRIC_REPRESENTATION_CONTEXT(2) 
PARAMETRIC_REPRESENTATION_CONTEXT() REPRESENTATION_CONTEXT('2D SPACE',''
  ) );
#581 = ORIENTED_EDGE('',*,*,#582,.F.);
#582 = EDGE_CURVE('',#583,#562,#585,.T.);
#583 = VERTEX_POINT('',#584);
#584 = CARTESIAN_POINT('',(30.243901834348,19.527068439332,
    131.38397459621));
#585 = SURFACE_CURVE('',#586,(#591,#603),.PCURVE_S1.);
#586 = ELLIPSE('',#587,41.569219381653,36.);
#587 = AXIS2_PLACEMENT_3D('',#588,#589,#590);
#588 = CARTESIAN_POINT('',(0.,0.,148.84529946162));
#589 = DIRECTION('',(0.5,0.,0.866025403784));
#590 = DIRECTION('',(-0.866025403784,0.,0.5));
#591 = PCURVE('',#32,#592);
#592 = DEFINITIONAL_REPRESENTATION('',(#593),#602);
#593 = B_SPLINE_CURVE_WITH_KNOTS('',7,(#594,#595,#596,#597,#598,#599,
    #600,#601),.UNSPECIFIED.,.F.,.F.,(8,8),(3.14159265359,4.157577947405
    ),.PIECEWISE_BEZIER_KNOTS.);
#594 = CARTESIAN_POINT('',(-8.881784197001E-16,8.060689770794));
#595 = CARTESIAN_POINT('',(0.145140756259,8.060689770794));
#596 = CARTESIAN_POINT('',(0.290281512518,8.57151001187));
#597 = CARTESIAN_POINT('',(0.435422268778,9.593144013585));
#598 = CARTESIAN_POINT('',(0.580563025037,11.099253428568));
#599 = CARTESIAN_POINT('',(0.725703781296,13.037038759523));
#600 = CARTESIAN_POINT('',(0.870844537556,15.332137033366));
#601 = CARTESIAN_POINT('',(1.015985293815,17.896326907084));
#602 = ( GEOMETRIC_REPRESENTATION_CONTEXT(2) 
PARAMETRIC_REPRESENTATION_CONTEXT() REPRESENTATION_CONTEXT('2D SPACE',''
  ) );
#603 = PCURVE('',#168,#604);
#604 = DEFINITIONAL_REPRESENTATION('',(#605),#609);
#605 = ELLIPSE('',#606,41.569219381653,36.);
#606 = AXIS2_PLACEMENT_2D('',#607,#608);
#607 = CARTESIAN_POINT('',(36.07735026919,25.5));
#608 = DIRECTION('',(-1.,0.));
#609 = ( GEOMETRIC_REPRESENTATION_CONTEXT(2) 
PARAMETRIC_REPRESENTATION_CONTEXT() REPRESENTATION_CONTEXT('2D SPACE',''
  ) );
#610 = ORIENTED_EDGE('',*,*,#611,.T.);
#611 = EDGE_CURVE('',#583,#612,#614,.T.);
#612 = VERTEX_POINT('',#613);
#613 = CARTESIAN_POINT('',(30.743901834348,18.72998932194,132.25));
#614 = SURFACE_CURVE('',#615,(#620,#630),.PCURVE_S1.);
#615 = ELLIPSE('',#616,72.,36.);
#616 = AXIS2_PLACEMENT_3D('',#617,#618,#619);
#617 = CARTESIAN_POINT('',(0.,0.,79.));
#618 = DIRECTION('',(0.866025403784,0.,-0.5));
#619 = DIRECTION('',(0.5,0.,0.866025403784));
#620 = PCURVE('',#32,#621);
#621 = DEFINITIONAL_REPRESENTATION('',(#622),#629);
#622 = B_SPLINE_CURVE_WITH_KNOTS('',5,(#623,#624,#625,#626,#627,#628),
  .UNSPECIFIED.,.F.,.F.,(6,6),(5.707316494879,5.738684861498),
  .PIECEWISE_BEZIER_KNOTS.);
#623 = CARTESIAN_POINT('',(0.575868812301,11.297372055837));
#624 = CARTESIAN_POINT('',(0.569595138977,11.510398592186));
#625 = CARTESIAN_POINT('',(0.563321465653,11.720852164708));
#626 = CARTESIAN_POINT('',(0.557047792329,11.928715305671));
#627 = CARTESIAN_POINT('',(0.550774119005,12.133970969343));
#628 = CARTESIAN_POINT('',(0.544500445682,12.336602540378));
#629 = ( GEOMETRIC_REPRESENTATION_CONTEXT(2) 
PARAMETRIC_REPRESENTATION_CONTEXT() REPRESENTATION_CONTEXT('2D SPACE',''
  ) );
#630 = PCURVE('',#134,#631);
#631 = DEFINITIONAL_REPRESENTATION('',(#632),#636);
#632 = ELLIPSE('',#633,72.,36.);
#633 = AXIS2_PLACEMENT_2D('',#634,#635);
#634 = CARTESIAN_POINT('',(-60.48780366869,-25.5));
#635 = DIRECTION('',(1.,0.));
#636 = ( GEOMETRIC_REPRESENTATION_CONTEXT(2) 
PARAMETRIC_REPRESENTATION_CONTEXT() REPRESENTATION_CONTEXT('2D SPACE',''
  ) );
#637 = ORIENTED_EDGE('',*,*,#638,.F.);
#638 = EDGE_CURVE('',#24,#612,#639,.T.);
#639 = SURFACE_CURVE('',#640,(#645,#686),.PCURVE_S1.);
#640 = ELLIPSE('',#641,41.569219381653,36.);
#641 = AXIS2_PLACEMENT_3D('',#642,#643,#644);
#642 = CARTESIAN_POINT('',(0.,0.,150.));
#643 = DIRECTION('',(0.5,0.,0.866025403784));
#644 = DIRECTION('',(-0.866025403784,0.,0.5));
#645 = PCURVE('',#32,#646);
#646 = DEFINITIONAL_REPRESENTATION('',(#647),#685);
#647 = B_SPLINE_CURVE_WITH_KNOTS('',8,(#648,#649,#650,#651,#652,#653,
    #654,#655,#656,#657,#658,#659,#660,#661,#662,#663,#664,#665,#666,
    #667,#668,#669,#670,#671,#672,#673,#674,#675,#676,#677,#678,#679,
    #680,#681,#682,#683,#684),.UNSPECIFIED.,.F.,.F.,(9,7,7,7,7,9),(
    3.14159265359,4.712388980385,5.890486225481,6.774059159303,
    8.099418560036,9.424777960769),.UNSPECIFIED.);
#648 = CARTESIAN_POINT('',(-8.881784197001E-16,9.215390309173));
#649 = CARTESIAN_POINT('',(0.196349540849,9.215390309173));
#650 = CARTESIAN_POINT('',(0.392699081696,10.131176340716));
#651 = CARTESIAN_POINT('',(0.589048622541,11.962740624171));
#652 = CARTESIAN_POINT('',(0.785398163379,14.63479540871));
#653 = CARTESIAN_POINT('',(0.981747704253,17.996612274423));
#654 = CARTESIAN_POINT('',(1.178097245089,21.837901891973));
#655 = CARTESIAN_POINT('',(1.374446785946,25.918951430473));
#656 = CARTESIAN_POINT('',(1.718058482432,33.060786427145));
#657 = CARTESIAN_POINT('',(1.865320638073,36.121572938431));
#658 = CARTESIAN_POINT('',(2.012582793669,39.0812133937));
#659 = CARTESIAN_POINT('',(2.159844949395,41.838565768354));
#660 = CARTESIAN_POINT('',(2.307107104935,44.299494016508));
#661 = CARTESIAN_POINT('',(2.454369260619,46.383933613899));
#662 = CARTESIAN_POINT('',(2.601631416254,48.031163228914));
#663 = CARTESIAN_POINT('',(2.859340188619,50.080959676348));
#664 = CARTESIAN_POINT('',(2.969786805347,50.691740445996));
#665 = CARTESIAN_POINT('',(3.080233422074,51.018488613364));
#666 = CARTESIAN_POINT('',(3.190680038802,51.051839274308));
#667 = CARTESIAN_POINT('',(3.30112665553,50.790039484135));
#668 = CARTESIAN_POINT('',(3.411573272258,50.239110246521));
#669 = CARTESIAN_POINT('',(3.522019888985,49.412522807929));
#670 = CARTESIAN_POINT('',(3.798136430805,46.707188931909));
#671 = CARTESIAN_POINT('',(3.963806355882,44.509010671456));
#672 = CARTESIAN_POINT('',(4.129476281004,41.80374432118));
#673 = CARTESIAN_POINT('',(4.295146205998,38.692934092047));
#674 = CARTESIAN_POINT('',(4.460816131189,35.305865196438));
#675 = CARTESIAN_POINT('',(4.626486056248,31.788547112403));
#676 = CARTESIAN_POINT('',(4.792155981355,28.289942603499));
#677 = CARTESIAN_POINT('',(5.123495831538,21.609560992709));
#678 = CARTESIAN_POINT('',(5.289165756628,18.427783441492));
#679 = CARTESIAN_POINT('',(5.454835681722,15.544118559214));
#680 = CARTESIAN_POINT('',(5.620505606738,13.088981058689));
#681 = CARTESIAN_POINT('',(5.786175531936,11.171270332146));
#682 = CARTESIAN_POINT('',(5.951845456992,9.867350806084));
#683 = CARTESIAN_POINT('',(6.117515382088,9.215390309173));
#684 = CARTESIAN_POINT('',(6.28318530718,9.215390309173));
#685 = ( GEOMETRIC_REPRESENTATION_CONTEXT(2) 
PARAMETRIC_REPRESENTATION_CONTEXT() REPRESENTATION_CONTEXT('2D SPACE',''
  ) );
#686 = PCURVE('',#102,#687);
#687 = DEFINITIONAL_REPRESENTATION('',(#688),#692);
#688 = ELLIPSE('',#689,41.569219381653,36.);
#689 = AXIS2_PLACEMENT_2D('',#690,#691);
#690 = CARTESIAN_POINT('',(200.,200.));
#691 = DIRECTION('',(-1.,0.));
#692 = ( GEOMETRIC_REPRESENTATION_CONTEXT(2) 
PARAMETRIC_REPRESENTATION_CONTEXT() REPRESENTATION_CONTEXT('2D SPACE',''
  ) );
#693 = ORIENTED_EDGE('',*,*,#21,.F.);
#694 = ORIENTED_EDGE('',*,*,#695,.T.);
#695 = EDGE_CURVE('',#22,#22,#696,.T.);
#696 = SURFACE_CURVE('',#697,(#702,#709),.PCURVE_S1.);
#697 = CIRCLE('',#698,36.);
#698 = AXIS2_PLACEMENT_3D('',#699,#700,#701);
#699 = CARTESIAN_POINT('',(0.,0.,120.));
#700 = DIRECTION('',(0.,0.,1.));
#701 = DIRECTION('',(1.,0.,-0.));
#702 = PCURVE('',#32,#703);
#703 = DEFINITIONAL_REPRESENTATION('',(#704),#708);
#704 = LINE('',#705,#706);
#705 = CARTESIAN_POINT('',(0.,0.));
#706 = VECTOR('',#707,1.);
#707 = DIRECTION('',(1.,0.));
#708 = ( GEOMETRIC_REPRESENTATION_CONTEXT(2) 
PARAMETRIC_REPRESENTATION_CONTEXT() REPRESENTATION_CONTEXT('2D SPACE',''
  ) );
#709 = PCURVE('',#710,#715);
#710 = PLANE('',#711);
#711 = AXIS2_PLACEMENT_3D('',#712,#713,#714);
#712 = CARTESIAN_POINT('',(0.,0.,120.));
#713 = DIRECTION('',(0.,0.,1.));
#714 = DIRECTION('',(1.,0.,-0.));
#715 = DEFINITIONAL_REPRESENTATION('',(#716),#720);
#716 = CIRCLE('',#717,36.);
#717 = AXIS2_PLACEMENT_2D('',#718,#719);
#718 = CARTESIAN_POINT('',(0.,0.));
#719 = DIRECTION('',(1.,0.));
#720 = ( GEOMETRIC_REPRESENTATION_CONTEXT(2) 
PARAMETRIC_REPRESENTATION_CONTEXT() REPRESENTATION_CONTEXT('2D SPACE',''
  ) );
#721 = ADVANCED_FACE('',(#722,#725),#710,.F.);
#722 = FACE_BOUND('',#723,.F.);
#723 = EDGE_LOOP('',(#724));
#724 = ORIENTED_EDGE('',*,*,#695,.T.);
#725 = FACE_BOUND('',#726,.F.);
#726 = EDGE_LOOP('',(#727));
#727 = ORIENTED_EDGE('',*,*,#728,.F.);
#728 = EDGE_CURVE('',#729,#729,#731,.T.);
#729 = VERTEX_POINT('',#730);
#730 = CARTESIAN_POINT('',(34.6,-8.4745558501E-15,120.));
#731 = SURFACE_CURVE('',#732,(#737,#744),.PCURVE_S1.);
#732 = CIRCLE('',#733,34.6);
#733 = AXIS2_PLACEMENT_3D('',#734,#735,#736);
#734 = CARTESIAN_POINT('',(0.,0.,120.));
#735 = DIRECTION('',(0.,0.,1.));
#736 = DIRECTION('',(1.,0.,-0.));
#737 = PCURVE('',#710,#738);
#738 = DEFINITIONAL_REPRESENTATION('',(#739),#743);
#739 = CIRCLE('',#740,34.6);
#740 = AXIS2_PLACEMENT_2D('',#741,#742);
#741 = CARTESIAN_POINT('',(0.,0.));
#742 = DIRECTION('',(1.,0.));
#743 = ( GEOMETRIC_REPRESENTATION_CONTEXT(2) 
PARAMETRIC_REPRESENTATION_CONTEXT() REPRESENTATION_CONTEXT('2D SPACE',''
  ) );
#744 = PCURVE('',#745,#750);
#745 = CYLINDRICAL_SURFACE('',#746,34.6);
#746 = AXIS2_PLACEMENT_3D('',#747,#748,#749);
#747 = CARTESIAN_POINT('',(0.,0.,119.));
#748 = DIRECTION('',(0.,0.,1.));
#749 = DIRECTION('',(1.,0.,-0.));
#750 = DEFINITIONAL_REPRESENTATION('',(#751),#755);
#751 = LINE('',#752,#753);
#752 = CARTESIAN_POINT('',(0.,1.));
#753 = VECTOR('',#754,1.);
#754 = DIRECTION('',(1.,0.));
#755 = ( GEOMETRIC_REPRESENTATION_CONTEXT(2) 
PARAMETRIC_REPRESENTATION_CONTEXT() REPRESENTATION_CONTEXT('2D SPACE',''
  ) );
#756 = ADVANCED_FACE('',(#757),#102,.T.);
#757 = FACE_BOUND('',#758,.T.);
#758 = EDGE_LOOP('',(#759,#760,#761));
#759 = ORIENTED_EDGE('',*,*,#51,.T.);
#760 = ORIENTED_EDGE('',*,*,#638,.T.);
#761 = ORIENTED_EDGE('',*,*,#762,.F.);
#762 = EDGE_CURVE('',#52,#612,#763,.T.);
#763 = SURFACE_CURVE('',#764,(#768,#775),.PCURVE_S1.);
#764 = LINE('',#765,#766);
#765 = CARTESIAN_POINT('',(30.743901834348,-25.5,132.25));
#766 = VECTOR('',#767,1.);
#767 = DIRECTION('',(0.,1.,0.));
#768 = PCURVE('',#102,#769);
#769 = DEFINITIONAL_REPRESENTATION('',(#770),#774);
#770 = LINE('',#771,#772);
#771 = CARTESIAN_POINT('',(235.5,174.5));
#772 = VECTOR('',#773,1.);
#773 = DIRECTION('',(0.,1.));
#774 = ( GEOMETRIC_REPRESENTATION_CONTEXT(2) 
PARAMETRIC_REPRESENTATION_CONTEXT() REPRESENTATION_CONTEXT('2D SPACE',''
  ) );
#775 = PCURVE('',#134,#776);
#776 = DEFINITIONAL_REPRESENTATION('',(#777),#781);
#777 = LINE('',#778,#779);
#778 = CARTESIAN_POINT('',(1.,0.));
#779 = VECTOR('',#780,1.);
#780 = DIRECTION('',(0.,-1.));
#781 = ( GEOMETRIC_REPRESENTATION_CONTEXT(2) 
PARAMETRIC_REPRESENTATION_CONTEXT() REPRESENTATION_CONTEXT('2D SPACE',''
  ) );
#782 = ADVANCED_FACE('',(#783),#134,.F.);
#783 = FACE_BOUND('',#784,.F.);
#784 = EDGE_LOOP('',(#785,#786,#787,#808));
#785 = ORIENTED_EDGE('',*,*,#762,.F.);
#786 = ORIENTED_EDGE('',*,*,#114,.T.);
#787 = ORIENTED_EDGE('',*,*,#788,.T.);
#788 = EDGE_CURVE('',#115,#583,#789,.T.);
#789 = SURFACE_CURVE('',#790,(#794,#801),.PCURVE_S1.);
#790 = LINE('',#791,#792);
#791 = CARTESIAN_POINT('',(30.243901834348,-25.5,131.38397459621));
#792 = VECTOR('',#793,1.);
#793 = DIRECTION('',(0.,1.,0.));
#794 = PCURVE('',#134,#795);
#795 = DEFINITIONAL_REPRESENTATION('',(#796),#800);
#796 = LINE('',#797,#798);
#797 = CARTESIAN_POINT('',(0.,0.));
#798 = VECTOR('',#799,1.);
#799 = DIRECTION('',(0.,-1.));
#800 = ( GEOMETRIC_REPRESENTATION_CONTEXT(2) 
PARAMETRIC_REPRESENTATION_CONTEXT() REPRESENTATION_CONTEXT('2D SPACE',''
  ) );
#801 = PCURVE('',#168,#802);
#802 = DEFINITIONAL_REPRESENTATION('',(#803),#807);
#803 = LINE('',#804,#805);
#804 = CARTESIAN_POINT('',(71.,0.));
#805 = VECTOR('',#806,1.);
#806 = DIRECTION('',(0.,1.));
#807 = ( GEOMETRIC_REPRESENTATION_CONTEXT(2) 
PARAMETRIC_REPRESENTATION_CONTEXT() REPRESENTATION_CONTEXT('2D SPACE',''
  ) );
#808 = ORIENTED_EDGE('',*,*,#611,.T.);
#809 = ADVANCED_FACE('',(#810,#880),#168,.T.);
#810 = FACE_BOUND('',#811,.T.);
#811 = EDGE_LOOP('',(#812,#833,#834,#855,#856,#857,#858,#879));
#812 = ORIENTED_EDGE('',*,*,#813,.F.);
#813 = EDGE_CURVE('',#291,#416,#814,.T.);
#814 = SURFACE_CURVE('',#815,(#819,#826),.PCURVE_S1.);
#815 = LINE('',#816,#817);
#816 = CARTESIAN_POINT('',(-31.24390183434,-25.5,166.88397459621));
#817 = VECTOR('',#818,1.);
#818 = DIRECTION('',(0.,1.,0.));
#819 = PCURVE('',#168,#820);
#820 = DEFINITIONAL_REPRESENTATION('',(#821),#825);
#821 = LINE('',#822,#823);
#822 = CARTESIAN_POINT('',(0.,0.));
#823 = VECTOR('',#824,1.);
#824 = DIRECTION('',(0.,1.));
#825 = ( GEOMETRIC_REPRESENTATION_CONTEXT(2) 
PARAMETRIC_REPRESENTATION_CONTEXT() REPRESENTATION_CONTEXT('2D SPACE',''
  ) );
#826 = PCURVE('',#340,#827);
#827 = DEFINITIONAL_REPRESENTATION('',(#828),#832);
#828 = LINE('',#829,#830);
#829 = CARTESIAN_POINT('',(0.,0.));
#830 = VECTOR('',#831,1.);
#831 = DIRECTION('',(0.,-1.));
#832 = ( GEOMETRIC_REPRESENTATION_CONTEXT(2) 
PARAMETRIC_REPRESENTATION_CONTEXT() REPRESENTATION_CONTEXT('2D SPACE',''
  ) );
#833 = ORIENTED_EDGE('',*,*,#290,.T.);
#834 = ORIENTED_EDGE('',*,*,#835,.T.);
#835 = EDGE_CURVE('',#270,#147,#836,.T.);
#836 = SURFACE_CURVE('',#837,(#841,#848),.PCURVE_S1.);
#837 = LINE('',#838,#839);
#838 = CARTESIAN_POINT('',(-31.24390183434,-25.5,166.88397459621));
#839 = VECTOR('',#840,1.);
#840 = DIRECTION('',(0.866025403784,0.,-0.5));
#841 = PCURVE('',#168,#842);
#842 = DEFINITIONAL_REPRESENTATION('',(#843),#847);
#843 = LINE('',#844,#845);
#844 = CARTESIAN_POINT('',(0.,0.));
#845 = VECTOR('',#846,1.);
#846 = DIRECTION('',(1.,0.));
#847 = ( GEOMETRIC_REPRESENTATION_CONTEXT(2) 
PARAMETRIC_REPRESENTATION_CONTEXT() REPRESENTATION_CONTEXT('2D SPACE',''
  ) );
#848 = PCURVE('',#195,#849);
#849 = DEFINITIONAL_REPRESENTATION('',(#850),#854);
#850 = LINE('',#851,#852);
#851 = CARTESIAN_POINT('',(0.,0.));
#852 = VECTOR('',#853,1.);
#853 = DIRECTION('',(0.,1.));
#854 = ( GEOMETRIC_REPRESENTATION_CONTEXT(2) 
PARAMETRIC_REPRESENTATION_CONTEXT() REPRESENTATION_CONTEXT('2D SPACE',''
  ) );
#855 = ORIENTED_EDGE('',*,*,#146,.T.);
#856 = ORIENTED_EDGE('',*,*,#788,.T.);
#857 = ORIENTED_EDGE('',*,*,#582,.T.);
#858 = ORIENTED_EDGE('',*,*,#859,.F.);
#859 = EDGE_CURVE('',#443,#562,#860,.T.);
#860 = SURFACE_CURVE('',#861,(#865,#872),.PCURVE_S1.);
#861 = LINE('',#862,#863);
#862 = CARTESIAN_POINT('',(-31.24390183434,25.5,166.88397459621));
#863 = VECTOR('',#864,1.);
#864 = DIRECTION('',(0.866025403784,0.,-0.5));
#865 = PCURVE('',#168,#866);
#866 = DEFINITIONAL_REPRESENTATION('',(#867),#871);
#867 = LINE('',#868,#869);
#868 = CARTESIAN_POINT('',(0.,51.));
#869 = VECTOR('',#870,1.);
#870 = DIRECTION('',(1.,0.));
#871 = ( GEOMETRIC_REPRESENTATION_CONTEXT(2) 
PARAMETRIC_REPRESENTATION_CONTEXT() REPRESENTATION_CONTEXT('2D SPACE',''
  ) );
#872 = PCURVE('',#487,#873);
#873 = DEFINITIONAL_REPRESENTATION('',(#874),#878);
#874 = LINE('',#875,#876);
#875 = CARTESIAN_POINT('',(0.,0.));
#876 = VECTOR('',#877,1.);
#877 = DIRECTION('',(0.,1.));
#878 = ( GEOMETRIC_REPRESENTATION_CONTEXT(2) 
PARAMETRIC_REPRESENTATION_CONTEXT() REPRESENTATION_CONTEXT('2D SPACE',''
  ) );
#879 = ORIENTED_EDGE('',*,*,#442,.T.);
#880 = FACE_BOUND('',#881,.T.);
#881 = EDGE_LOOP('',(#882));
#882 = ORIENTED_EDGE('',*,*,#883,.F.);
#883 = EDGE_CURVE('',#884,#884,#886,.T.);
#884 = VERTEX_POINT('',#885);
#885 = CARTESIAN_POINT('',(1.665063509461,-6.123233995737E-16,
    147.88397459621));
#886 = SURFACE_CURVE('',#887,(#892,#899),.PCURVE_S1.);
#887 = CIRCLE('',#888,2.5);
#888 = AXIS2_PLACEMENT_3D('',#889,#890,#891);
#889 = CARTESIAN_POINT('',(-0.5,0.,149.13397459621));
#890 = DIRECTION('',(0.5,0.,0.866025403784));
#891 = DIRECTION('',(0.866025403784,0.,-0.5));
#892 = PCURVE('',#168,#893);
#893 = DEFINITIONAL_REPRESENTATION('',(#894),#898);
#894 = CIRCLE('',#895,2.5);
#895 = AXIS2_PLACEMENT_2D('',#896,#897);
#896 = CARTESIAN_POINT('',(35.5,25.5));
#897 = DIRECTION('',(1.,0.));
#898 = ( GEOMETRIC_REPRESENTATION_CONTEXT(2) 
PARAMETRIC_REPRESENTATION_CONTEXT() REPRESENTATION_CONTEXT('2D SPACE',''
  ) );
#899 = PCURVE('',#900,#905);
#900 = CYLINDRICAL_SURFACE('',#901,2.5);
#901 = AXIS2_PLACEMENT_3D('',#902,#903,#904);
#902 = CARTESIAN_POINT('',(-5.5,0.,140.47372055837));
#903 = DIRECTION('',(0.5,0.,0.866025403784));
#904 = DIRECTION('',(0.866025403784,0.,-0.5));
#905 = DEFINITIONAL_REPRESENTATION('',(#906),#910);
#906 = LINE('',#907,#908);
#907 = CARTESIAN_POINT('',(0.,10.));
#908 = VECTOR('',#909,1.);
#909 = DIRECTION('',(1.,0.));
#910 = ( GEOMETRIC_REPRESENTATION_CONTEXT(2) 
PARAMETRIC_REPRESENTATION_CONTEXT() REPRESENTATION_CONTEXT('2D SPACE',''
  ) );
#911 = ADVANCED_FACE('',(#912),#487,.F.);
#912 = FACE_BOUND('',#913,.F.);
#913 = EDGE_LOOP('',(#914,#915,#916,#937));
#914 = ORIENTED_EDGE('',*,*,#859,.F.);
#915 = ORIENTED_EDGE('',*,*,#472,.T.);
#916 = ORIENTED_EDGE('',*,*,#917,.T.);
#917 = EDGE_CURVE('',#473,#499,#918,.T.);
#918 = SURFACE_CURVE('',#919,(#923,#930),.PCURVE_S1.);
#919 = LINE('',#920,#921);
#920 = CARTESIAN_POINT('',(-30.74390183434,25.5,167.75));
#921 = VECTOR('',#922,1.);
#922 = DIRECTION('',(0.866025403784,0.,-0.5));
#923 = PCURVE('',#487,#924);
#924 = DEFINITIONAL_REPRESENTATION('',(#925),#929);
#925 = LINE('',#926,#927);
#926 = CARTESIAN_POINT('',(1.,0.));
#927 = VECTOR('',#928,1.);
#928 = DIRECTION('',(0.,1.));
#929 = ( GEOMETRIC_REPRESENTATION_CONTEXT(2) 
PARAMETRIC_REPRESENTATION_CONTEXT() REPRESENTATION_CONTEXT('2D SPACE',''
  ) );
#930 = PCURVE('',#549,#931);
#931 = DEFINITIONAL_REPRESENTATION('',(#932),#936);
#932 = LINE('',#933,#934);
#933 = CARTESIAN_POINT('',(164.5,225.5));
#934 = VECTOR('',#935,1.);
#935 = DIRECTION('',(1.,0.));
#936 = ( GEOMETRIC_REPRESENTATION_CONTEXT(2) 
PARAMETRIC_REPRESENTATION_CONTEXT() REPRESENTATION_CONTEXT('2D SPACE',''
  ) );
#937 = ORIENTED_EDGE('',*,*,#561,.F.);
#938 = ADVANCED_FACE('',(#939,#943),#549,.T.);
#939 = FACE_BOUND('',#940,.T.);
#940 = EDGE_LOOP('',(#941,#942));
#941 = ORIENTED_EDGE('',*,*,#917,.T.);
#942 = ORIENTED_EDGE('',*,*,#498,.T.);
#943 = FACE_BOUND('',#944,.T.);
#944 = EDGE_LOOP('',(#945));
#945 = ORIENTED_EDGE('',*,*,#946,.F.);
#946 = EDGE_CURVE('',#947,#947,#949,.T.);
#947 = VERTEX_POINT('',#948);
#948 = CARTESIAN_POINT('',(3.2,29.5,148.15247913859));
#949 = SURFACE_CURVE('',#950,(#955,#962),.PCURVE_S1.);
#950 = ELLIPSE('',#951,3.695041722814,3.2);
#951 = AXIS2_PLACEMENT_3D('',#952,#953,#954);
#952 = CARTESIAN_POINT('',(0.,29.5,150.));
#953 = DIRECTION('',(0.5,0.,0.866025403784));
#954 = DIRECTION('',(-0.866025403784,0.,0.5));
#955 = PCURVE('',#549,#956);
#956 = DEFINITIONAL_REPRESENTATION('',(#957),#961);
#957 = ELLIPSE('',#958,3.695041722814,3.2);
#958 = AXIS2_PLACEMENT_2D('',#959,#960);
#959 = CARTESIAN_POINT('',(200.,229.5));
#960 = DIRECTION('',(-1.,0.));
#961 = ( GEOMETRIC_REPRESENTATION_CONTEXT(2) 
PARAMETRIC_REPRESENTATION_CONTEXT() REPRESENTATION_CONTEXT('2D SPACE',''
  ) );
#962 = PCURVE('',#963,#968);
#963 = CYLINDRICAL_SURFACE('',#964,3.2);
#964 = AXIS2_PLACEMENT_3D('',#965,#966,#967);
#965 = CARTESIAN_POINT('',(0.,29.5,123.));
#966 = DIRECTION('',(0.,0.,1.));
#967 = DIRECTION('',(1.,0.,-0.));
#968 = DEFINITIONAL_REPRESENTATION('',(#969),#1000);
#969 = B_SPLINE_CURVE_WITH_KNOTS('',8,(#970,#971,#972,#973,#974,#975,
    #976,#977,#978,#979,#980,#981,#982,#983,#984,#985,#986,#987,#988,
    #989,#990,#991,#992,#993,#994,#995,#996,#997,#998,#999),
  .UNSPECIFIED.,.F.,.F.,(9,7,7,7,9),(3.14159265359,4.712388980385,
    7.068583470577,8.246680715673,9.424777960769),.UNSPECIFIED.);
#970 = CARTESIAN_POINT('',(0.,25.152479138593));
#971 = CARTESIAN_POINT('',(0.196349540849,25.152479138593));
#972 = CARTESIAN_POINT('',(0.392699081698,25.233882341396));
#973 = CARTESIAN_POINT('',(0.58904862255,25.396688055422));
#974 = CARTESIAN_POINT('',(0.785398163392,25.634204036251));
#975 = CARTESIAN_POINT('',(0.98174770425,25.933032202156));
#976 = CARTESIAN_POINT('',(1.178097245096,26.274480168177));
#977 = CARTESIAN_POINT('',(1.374446785946,26.637240127153));
#978 = CARTESIAN_POINT('',(1.865320638069,27.54413980927));
#979 = CARTESIAN_POINT('',(2.159844949338,28.088281590339));
#980 = CARTESIAN_POINT('',(2.454369260633,28.560481092514));
#981 = CARTESIAN_POINT('',(2.748893571865,28.888898529898));
#982 = CARTESIAN_POINT('',(3.04341788318,29.021302861191));
#983 = CARTESIAN_POINT('',(3.337942194434,28.946411498164));
#984 = CARTESIAN_POINT('',(3.632466505713,28.691159478533));
#985 = CARTESIAN_POINT('',(4.074252972624,28.11401205496));
#986 = CARTESIAN_POINT('',(4.221515128261,27.889251639751));
#987 = CARTESIAN_POINT('',(4.368777283898,27.638471000221));
#988 = CARTESIAN_POINT('',(4.516039439537,27.369524364294));
#989 = CARTESIAN_POINT('',(4.663301595174,27.091325962045));
#990 = CARTESIAN_POINT('',(4.81056375081,26.813226769343));
#991 = CARTESIAN_POINT('',(4.957825906446,26.544344191695));
#992 = CARTESIAN_POINT('',(5.25235021772,26.041624559086));
#993 = CARTESIAN_POINT('',(5.399612373357,25.807787688106));
#994 = CARTESIAN_POINT('',(5.546874528996,25.599779045427));
#995 = CARTESIAN_POINT('',(5.694136684631,25.425097274221));
#996 = CARTESIAN_POINT('',(5.841398840267,25.289846277845));
#997 = CARTESIAN_POINT('',(5.988660995906,25.198268561008));
#998 = CARTESIAN_POINT('',(6.135923151543,25.152479138593));
#999 = CARTESIAN_POINT('',(6.28318530718,25.152479138593));
#1000 = ( GEOMETRIC_REPRESENTATION_CONTEXT(2) 
PARAMETRIC_REPRESENTATION_CONTEXT() REPRESENTATION_CONTEXT('2D SPACE',''
  ) );
#1001 = ADVANCED_FACE('',(#1002),#340,.T.);
#1002 = FACE_BOUND('',#1003,.T.);
#1003 = EDGE_LOOP('',(#1004,#1025,#1026,#1027));
#1004 = ORIENTED_EDGE('',*,*,#1005,.F.);
#1005 = EDGE_CURVE('',#321,#353,#1006,.T.);
#1006 = SURFACE_CURVE('',#1007,(#1011,#1018),.PCURVE_S1.);
#1007 = LINE('',#1008,#1009);
#1008 = CARTESIAN_POINT('',(-30.74390183434,-25.5,167.75));
#1009 = VECTOR('',#1010,1.);
#1010 = DIRECTION('',(0.,1.,0.));
#1011 = PCURVE('',#340,#1012);
#1012 = DEFINITIONAL_REPRESENTATION('',(#1013),#1017);
#1013 = LINE('',#1014,#1015);
#1014 = CARTESIAN_POINT('',(1.,0.));
#1015 = VECTOR('',#1016,1.);
#1016 = DIRECTION('',(0.,-1.));
#1017 = ( GEOMETRIC_REPRESENTATION_CONTEXT(2) 
PARAMETRIC_REPRESENTATION_CONTEXT() REPRESENTATION_CONTEXT('2D SPACE',''
  ) );
#1018 = PCURVE('',#403,#1019);
#1019 = DEFINITIONAL_REPRESENTATION('',(#1020),#1024);
#1020 = LINE('',#1021,#1022);
#1021 = CARTESIAN_POINT('',(164.5,174.5));
#1022 = VECTOR('',#1023,1.);
#1023 = DIRECTION('',(0.,1.));
#1024 = ( GEOMETRIC_REPRESENTATION_CONTEXT(2) 
PARAMETRIC_REPRESENTATION_CONTEXT() REPRESENTATION_CONTEXT('2D SPACE',''
  ) );
#1025 = ORIENTED_EDGE('',*,*,#320,.T.);
#1026 = ORIENTED_EDGE('',*,*,#813,.T.);
#1027 = ORIENTED_EDGE('',*,*,#415,.T.);
#1028 = ADVANCED_FACE('',(#1029),#403,.T.);
#1029 = FACE_BOUND('',#1030,.T.);
#1030 = EDGE_LOOP('',(#1031,#1032));
#1031 = ORIENTED_EDGE('',*,*,#1005,.T.);
#1032 = ORIENTED_EDGE('',*,*,#352,.T.);
#1033 = ADVANCED_FACE('',(#1034),#195,.T.);
#1034 = FACE_BOUND('',#1035,.T.);
#1035 = EDGE_LOOP('',(#1036,#1037,#1038,#1059));
#1036 = ORIENTED_EDGE('',*,*,#835,.F.);
#1037 = ORIENTED_EDGE('',*,*,#269,.T.);
#1038 = ORIENTED_EDGE('',*,*,#1039,.T.);
#1039 = EDGE_CURVE('',#207,#181,#1040,.T.);
#1040 = SURFACE_CURVE('',#1041,(#1045,#1052),.PCURVE_S1.);
#1041 = LINE('',#1042,#1043);
#1042 = CARTESIAN_POINT('',(-30.74390183434,-25.5,167.75));
#1043 = VECTOR('',#1044,1.);
#1044 = DIRECTION('',(0.866025403784,0.,-0.5));
#1045 = PCURVE('',#195,#1046);
#1046 = DEFINITIONAL_REPRESENTATION('',(#1047),#1051);
#1047 = LINE('',#1048,#1049);
#1048 = CARTESIAN_POINT('',(1.,0.));
#1049 = VECTOR('',#1050,1.);
#1050 = DIRECTION('',(0.,1.));
#1051 = ( GEOMETRIC_REPRESENTATION_CONTEXT(2) 
PARAMETRIC_REPRESENTATION_CONTEXT() REPRESENTATION_CONTEXT('2D SPACE',''
  ) );
#1052 = PCURVE('',#257,#1053);
#1053 = DEFINITIONAL_REPRESENTATION('',(#1054),#1058);
#1054 = LINE('',#1055,#1056);
#1055 = CARTESIAN_POINT('',(164.5,174.5));
#1056 = VECTOR('',#1057,1.);
#1057 = DIRECTION('',(1.,0.));
#1058 = ( GEOMETRIC_REPRESENTATION_CONTEXT(2) 
PARAMETRIC_REPRESENTATION_CONTEXT() REPRESENTATION_CONTEXT('2D SPACE',''
  ) );
#1059 = ORIENTED_EDGE('',*,*,#180,.F.);
#1060 = ADVANCED_FACE('',(#1061,#1065),#257,.T.);
#1061 = FACE_BOUND('',#1062,.T.);
#1062 = EDGE_LOOP('',(#1063,#1064));
#1063 = ORIENTED_EDGE('',*,*,#206,.T.);
#1064 = ORIENTED_EDGE('',*,*,#1039,.F.);
#1065 = FACE_BOUND('',#1066,.T.);
#1066 = EDGE_LOOP('',(#1067));
#1067 = ORIENTED_EDGE('',*,*,#1068,.F.);
#1068 = EDGE_CURVE('',#1069,#1069,#1071,.T.);
#1069 = VERTEX_POINT('',#1070);
#1070 = CARTESIAN_POINT('',(3.2,-29.5,148.15247913859));
#1071 = SURFACE_CURVE('',#1072,(#1077,#1084),.PCURVE_S1.);
#1072 = ELLIPSE('',#1073,3.695041722814,3.2);
#1073 = AXIS2_PLACEMENT_3D('',#1074,#1075,#1076);
#1074 = CARTESIAN_POINT('',(0.,-29.5,150.));
#1075 = DIRECTION('',(0.5,0.,0.866025403784));
#1076 = DIRECTION('',(-0.866025403784,0.,0.5));
#1077 = PCURVE('',#257,#1078);
#1078 = DEFINITIONAL_REPRESENTATION('',(#1079),#1083);
#1079 = ELLIPSE('',#1080,3.695041722814,3.2);
#1080 = AXIS2_PLACEMENT_2D('',#1081,#1082);
#1081 = CARTESIAN_POINT('',(200.,170.5));
#1082 = DIRECTION('',(-1.,0.));
#1083 = ( GEOMETRIC_REPRESENTATION_CONTEXT(2) 
PARAMETRIC_REPRESENTATION_CONTEXT() REPRESENTATION_CONTEXT('2D SPACE',''
  ) );
#1084 = PCURVE('',#1085,#1090);
#1085 = CYLINDRICAL_SURFACE('',#1086,3.2);
#1086 = AXIS2_PLACEMENT_3D('',#1087,#1088,#1089);
#1087 = CARTESIAN_POINT('',(0.,-29.5,123.));
#1088 = DIRECTION('',(0.,0.,1.));
#1089 = DIRECTION('',(1.,0.,-0.));
#1090 = DEFINITIONAL_REPRESENTATION('',(#1091),#1122);
#1091 = B_SPLINE_CURVE_WITH_KNOTS('',8,(#1092,#1093,#1094,#1095,#1096,
    #1097,#1098,#1099,#1100,#1101,#1102,#1103,#1104,#1105,#1106,#1107,
    #1108,#1109,#1110,#1111,#1112,#1113,#1114,#1115,#1116,#1117,#1118,
    #1119,#1120,#1121),.UNSPECIFIED.,.F.,.F.,(9,7,7,7,9),(3.14159265359,
    4.712388980385,7.068583470577,8.246680715673,9.424777960769),
  .UNSPECIFIED.);
#1092 = CARTESIAN_POINT('',(0.,25.152479138593));
#1093 = CARTESIAN_POINT('',(0.196349540849,25.152479138593));
#1094 = CARTESIAN_POINT('',(0.392699081698,25.233882341396));
#1095 = CARTESIAN_POINT('',(0.589048622548,25.396688055422));
#1096 = CARTESIAN_POINT('',(0.785398163393,25.634204036251));
#1097 = CARTESIAN_POINT('',(0.981747704248,25.933032202156));
#1098 = CARTESIAN_POINT('',(1.178097245096,26.274480168177));
#1099 = CARTESIAN_POINT('',(1.374446785946,26.637240127153));
#1100 = CARTESIAN_POINT('',(1.865320638069,27.54413980927));
#1101 = CARTESIAN_POINT('',(2.159844949338,28.088281590339));
#1102 = CARTESIAN_POINT('',(2.454369260633,28.560481092514));
#1103 = CARTESIAN_POINT('',(2.748893571865,28.888898529898));
#1104 = CARTESIAN_POINT('',(3.04341788318,29.021302861191));
#1105 = CARTESIAN_POINT('',(3.337942194434,28.946411498164));
#1106 = CARTESIAN_POINT('',(3.632466505713,28.691159478533));
#1107 = CARTESIAN_POINT('',(4.074252972624,28.11401205496));
#1108 = CARTESIAN_POINT('',(4.221515128261,27.889251639751));
#1109 = CARTESIAN_POINT('',(4.368777283899,27.638471000221));
#1110 = CARTESIAN_POINT('',(4.516039439537,27.369524364294));
#1111 = CARTESIAN_POINT('',(4.663301595173,27.091325962045));
#1112 = CARTESIAN_POINT('',(4.81056375081,26.813226769343));
#1113 = CARTESIAN_POINT('',(4.957825906446,26.544344191695));
#1114 = CARTESIAN_POINT('',(5.25235021772,26.041624559086));
#1115 = CARTESIAN_POINT('',(5.399612373357,25.807787688106));
#1116 = CARTESIAN_POINT('',(5.546874528996,25.599779045427));
#1117 = CARTESIAN_POINT('',(5.694136684631,25.425097274221));
#1118 = CARTESIAN_POINT('',(5.841398840267,25.289846277845));
#1119 = CARTESIAN_POINT('',(5.988660995906,25.198268561008));
#1120 = CARTESIAN_POINT('',(6.135923151543,25.152479138593));
#1121 = CARTESIAN_POINT('',(6.28318530718,25.152479138593));
#1122 = ( GEOMETRIC_REPRESENTATION_CONTEXT(2) 
PARAMETRIC_REPRESENTATION_CONTEXT() REPRESENTATION_CONTEXT('2D SPACE',''
  ) );
#1123 = ADVANCED_FACE('',(#1124),#745,.F.);
#1124 = FACE_BOUND('',#1125,.F.);
#1125 = EDGE_LOOP('',(#1126,#1149,#1176,#1177));
#1126 = ORIENTED_EDGE('',*,*,#1127,.T.);
#1127 = EDGE_CURVE('',#729,#1128,#1130,.T.);
#1128 = VERTEX_POINT('',#1129);
#1129 = CARTESIAN_POINT('',(34.6,-8.4745558501E-15,121.5));
#1130 = SEAM_CURVE('',#1131,(#1135,#1142),.PCURVE_S1.);
#1131 = LINE('',#1132,#1133);
#1132 = CARTESIAN_POINT('',(34.6,-8.4745558501E-15,119.));
#1133 = VECTOR('',#1134,1.);
#1134 = DIRECTION('',(0.,0.,1.));
#1135 = PCURVE('',#745,#1136);
#1136 = DEFINITIONAL_REPRESENTATION('',(#1137),#1141);
#1137 = LINE('',#1138,#1139);
#1138 = CARTESIAN_POINT('',(6.28318530718,-0.));
#1139 = VECTOR('',#1140,1.);
#1140 = DIRECTION('',(0.,1.));
#1141 = ( GEOMETRIC_REPRESENTATION_CONTEXT(2) 
PARAMETRIC_REPRESENTATION_CONTEXT() REPRESENTATION_CONTEXT('2D SPACE',''
  ) );
#1142 = PCURVE('',#745,#1143);
#1143 = DEFINITIONAL_REPRESENTATION('',(#1144),#1148);
#1144 = LINE('',#1145,#1146);
#1145 = CARTESIAN_POINT('',(0.,-0.));
#1146 = VECTOR('',#1147,1.);
#1147 = DIRECTION('',(0.,1.));
#1148 = ( GEOMETRIC_REPRESENTATION_CONTEXT(2) 
PARAMETRIC_REPRESENTATION_CONTEXT() REPRESENTATION_CONTEXT('2D SPACE',''
  ) );
#1149 = ORIENTED_EDGE('',*,*,#1150,.F.);
#1150 = EDGE_CURVE('',#1128,#1128,#1151,.T.);
#1151 = SURFACE_CURVE('',#1152,(#1157,#1164),.PCURVE_S1.);
#1152 = CIRCLE('',#1153,34.6);
#1153 = AXIS2_PLACEMENT_3D('',#1154,#1155,#1156);
#1154 = CARTESIAN_POINT('',(0.,0.,121.5));
#1155 = DIRECTION('',(0.,0.,1.));
#1156 = DIRECTION('',(1.,0.,-0.));
#1157 = PCURVE('',#745,#1158);
#1158 = DEFINITIONAL_REPRESENTATION('',(#1159),#1163);
#1159 = LINE('',#1160,#1161);
#1160 = CARTESIAN_POINT('',(0.,2.5));
#1161 = VECTOR('',#1162,1.);
#1162 = DIRECTION('',(1.,0.));
#1163 = ( GEOMETRIC_REPRESENTATION_CONTEXT(2) 
PARAMETRIC_REPRESENTATION_CONTEXT() REPRESENTATION_CONTEXT('2D SPACE',''
  ) );
#1164 = PCURVE('',#1165,#1170);
#1165 = PLANE('',#1166);
#1166 = AXIS2_PLACEMENT_3D('',#1167,#1168,#1169);
#1167 = CARTESIAN_POINT('',(0.,0.,121.5));
#1168 = DIRECTION('',(0.,0.,1.));
#1169 = DIRECTION('',(1.,0.,-0.));
#1170 = DEFINITIONAL_REPRESENTATION('',(#1171),#1175);
#1171 = CIRCLE('',#1172,34.6);
#1172 = AXIS2_PLACEMENT_2D('',#1173,#1174);
#1173 = CARTESIAN_POINT('',(0.,0.));
#1174 = DIRECTION('',(1.,0.));
#1175 = ( GEOMETRIC_REPRESENTATION_CONTEXT(2) 
PARAMETRIC_REPRESENTATION_CONTEXT() REPRESENTATION_CONTEXT('2D SPACE',''
  ) );
#1176 = ORIENTED_EDGE('',*,*,#1127,.F.);
#1177 = ORIENTED_EDGE('',*,*,#728,.T.);
#1178 = ADVANCED_FACE('',(#1179),#900,.F.);
#1179 = FACE_BOUND('',#1180,.F.);
#1180 = EDGE_LOOP('',(#1181,#1182,#1205,#1232));
#1181 = ORIENTED_EDGE('',*,*,#883,.F.);
#1182 = ORIENTED_EDGE('',*,*,#1183,.F.);
#1183 = EDGE_CURVE('',#1184,#884,#1186,.T.);
#1184 = VERTEX_POINT('',#1185);
#1185 = CARTESIAN_POINT('',(0.665063509461,-6.123233995737E-16,
    146.15192378864));
#1186 = SEAM_CURVE('',#1187,(#1191,#1198),.PCURVE_S1.);
#1187 = LINE('',#1188,#1189);
#1188 = CARTESIAN_POINT('',(-3.334936490539,-6.123233995737E-16,
    139.22372055837));
#1189 = VECTOR('',#1190,1.);
#1190 = DIRECTION('',(0.5,0.,0.866025403784));
#1191 = PCURVE('',#900,#1192);
#1192 = DEFINITIONAL_REPRESENTATION('',(#1193),#1197);
#1193 = LINE('',#1194,#1195);
#1194 = CARTESIAN_POINT('',(6.28318530718,-0.));
#1195 = VECTOR('',#1196,1.);
#1196 = DIRECTION('',(0.,1.));
#1197 = ( GEOMETRIC_REPRESENTATION_CONTEXT(2) 
PARAMETRIC_REPRESENTATION_CONTEXT() REPRESENTATION_CONTEXT('2D SPACE',''
  ) );
#1198 = PCURVE('',#900,#1199);
#1199 = DEFINITIONAL_REPRESENTATION('',(#1200),#1204);
#1200 = LINE('',#1201,#1202);
#1201 = CARTESIAN_POINT('',(0.,-0.));
#1202 = VECTOR('',#1203,1.);
#1203 = DIRECTION('',(0.,1.));
#1204 = ( GEOMETRIC_REPRESENTATION_CONTEXT(2) 
PARAMETRIC_REPRESENTATION_CONTEXT() REPRESENTATION_CONTEXT('2D SPACE',''
  ) );
#1205 = ORIENTED_EDGE('',*,*,#1206,.T.);
#1206 = EDGE_CURVE('',#1184,#1184,#1207,.T.);
#1207 = SURFACE_CURVE('',#1208,(#1213,#1220),.PCURVE_S1.);
#1208 = CIRCLE('',#1209,2.5);
#1209 = AXIS2_PLACEMENT_3D('',#1210,#1211,#1212);
#1210 = CARTESIAN_POINT('',(-1.5,0.,147.40192378864));
#1211 = DIRECTION('',(0.5,0.,0.866025403784));
#1212 = DIRECTION('',(0.866025403784,0.,-0.5));
#1213 = PCURVE('',#900,#1214);
#1214 = DEFINITIONAL_REPRESENTATION('',(#1215),#1219);
#1215 = LINE('',#1216,#1217);
#1216 = CARTESIAN_POINT('',(0.,8.));
#1217 = VECTOR('',#1218,1.);
#1218 = DIRECTION('',(1.,0.));
#1219 = ( GEOMETRIC_REPRESENTATION_CONTEXT(2) 
PARAMETRIC_REPRESENTATION_CONTEXT() REPRESENTATION_CONTEXT('2D SPACE',''
  ) );
#1220 = PCURVE('',#1221,#1226);
#1221 = PLANE('',#1222);
#1222 = AXIS2_PLACEMENT_3D('',#1223,#1224,#1225);
#1223 = CARTESIAN_POINT('',(-173.2050807568,-200.,246.53589838486));
#1224 = DIRECTION('',(0.5,0.,0.866025403784));
#1225 = DIRECTION('',(0.866025403784,0.,-0.5));
#1226 = DEFINITIONAL_REPRESENTATION('',(#1227),#1231);
#1227 = CIRCLE('',#1228,2.5);
#1228 = AXIS2_PLACEMENT_2D('',#1229,#1230);
#1229 = CARTESIAN_POINT('',(198.26794919243,200.));
#1230 = DIRECTION('',(1.,0.));
#1231 = ( GEOMETRIC_REPRESENTATION_CONTEXT(2) 
PARAMETRIC_REPRESENTATION_CONTEXT() REPRESENTATION_CONTEXT('2D SPACE',''
  ) );
#1232 = ORIENTED_EDGE('',*,*,#1183,.T.);
#1233 = ADVANCED_FACE('',(#1234),#963,.F.);
#1234 = FACE_BOUND('',#1235,.F.);
#1235 = EDGE_LOOP('',(#1236,#1237,#1260,#1287));
#1236 = ORIENTED_EDGE('',*,*,#946,.F.);
#1237 = ORIENTED_EDGE('',*,*,#1238,.F.);
#1238 = EDGE_CURVE('',#1239,#947,#1241,.T.);
#1239 = VERTEX_POINT('',#1240);
#1240 = CARTESIAN_POINT('',(3.2,29.5,123.));
#1241 = SEAM_CURVE('',#1242,(#1246,#1253),.PCURVE_S1.);
#1242 = LINE('',#1243,#1244);
#1243 = CARTESIAN_POINT('',(3.2,29.5,123.));
#1244 = VECTOR('',#1245,1.);
#1245 = DIRECTION('',(0.,0.,1.));
#1246 = PCURVE('',#963,#1247);
#1247 = DEFINITIONAL_REPRESENTATION('',(#1248),#1252);
#1248 = LINE('',#1249,#1250);
#1249 = CARTESIAN_POINT('',(6.28318530718,-0.));
#1250 = VECTOR('',#1251,1.);
#1251 = DIRECTION('',(0.,1.));
#1252 = ( GEOMETRIC_REPRESENTATION_CONTEXT(2) 
PARAMETRIC_REPRESENTATION_CONTEXT() REPRESENTATION_CONTEXT('2D SPACE',''
  ) );
#1253 = PCURVE('',#963,#1254);
#1254 = DEFINITIONAL_REPRESENTATION('',(#1255),#1259);
#1255 = LINE('',#1256,#1257);
#1256 = CARTESIAN_POINT('',(0.,-0.));
#1257 = VECTOR('',#1258,1.);
#1258 = DIRECTION('',(0.,1.));
#1259 = ( GEOMETRIC_REPRESENTATION_CONTEXT(2) 
PARAMETRIC_REPRESENTATION_CONTEXT() REPRESENTATION_CONTEXT('2D SPACE',''
  ) );
#1260 = ORIENTED_EDGE('',*,*,#1261,.T.);
#1261 = EDGE_CURVE('',#1239,#1239,#1262,.T.);
#1262 = SURFACE_CURVE('',#1263,(#1268,#1275),.PCURVE_S1.);
#1263 = CIRCLE('',#1264,3.2);
#1264 = AXIS2_PLACEMENT_3D('',#1265,#1266,#1267);
#1265 = CARTESIAN_POINT('',(0.,29.5,123.));
#1266 = DIRECTION('',(0.,0.,1.));
#1267 = DIRECTION('',(1.,0.,-0.));
#1268 = PCURVE('',#963,#1269);
#1269 = DEFINITIONAL_REPRESENTATION('',(#1270),#1274);
#1270 = LINE('',#1271,#1272);
#1271 = CARTESIAN_POINT('',(0.,0.));
#1272 = VECTOR('',#1273,1.);
#1273 = DIRECTION('',(1.,0.));
#1274 = ( GEOMETRIC_REPRESENTATION_CONTEXT(2) 
PARAMETRIC_REPRESENTATION_CONTEXT() REPRESENTATION_CONTEXT('2D SPACE',''
  ) );
#1275 = PCURVE('',#1276,#1281);
#1276 = PLANE('',#1277);
#1277 = AXIS2_PLACEMENT_3D('',#1278,#1279,#1280);
#1278 = CARTESIAN_POINT('',(0.,29.5,123.));
#1279 = DIRECTION('',(0.,0.,1.));
#1280 = DIRECTION('',(1.,0.,-0.));
#1281 = DEFINITIONAL_REPRESENTATION('',(#1282),#1286);
#1282 = CIRCLE('',#1283,3.2);
#1283 = AXIS2_PLACEMENT_2D('',#1284,#1285);
#1284 = CARTESIAN_POINT('',(0.,0.));
#1285 = DIRECTION('',(1.,0.));
#1286 = ( GEOMETRIC_REPRESENTATION_CONTEXT(2) 
PARAMETRIC_REPRESENTATION_CONTEXT() REPRESENTATION_CONTEXT('2D SPACE',''
  ) );
#1287 = ORIENTED_EDGE('',*,*,#1238,.T.);
#1288 = ADVANCED_FACE('',(#1289),#1085,.F.);
#1289 = FACE_BOUND('',#1290,.F.);
#1290 = EDGE_LOOP('',(#1291,#1292,#1315,#1342));
#1291 = ORIENTED_EDGE('',*,*,#1068,.F.);
#1292 = ORIENTED_EDGE('',*,*,#1293,.F.);
#1293 = EDGE_CURVE('',#1294,#1069,#1296,.T.);
#1294 = VERTEX_POINT('',#1295);
#1295 = CARTESIAN_POINT('',(3.2,-29.5,123.));
#1296 = SEAM_CURVE('',#1297,(#1301,#1308),.PCURVE_S1.);
#1297 = LINE('',#1298,#1299);
#1298 = CARTESIAN_POINT('',(3.2,-29.5,123.));
#1299 = VECTOR('',#1300,1.);
#1300 = DIRECTION('',(0.,0.,1.));
#1301 = PCURVE('',#1085,#1302);
#1302 = DEFINITIONAL_REPRESENTATION('',(#1303),#1307);
#1303 = LINE('',#1304,#1305);
#1304 = CARTESIAN_POINT('',(6.28318530718,-0.));
#1305 = VECTOR('',#1306,1.);
#1306 = DIRECTION('',(0.,1.));
#1307 = ( GEOMETRIC_REPRESENTATION_CONTEXT(2) 
PARAMETRIC_REPRESENTATION_CONTEXT() REPRESENTATION_CONTEXT('2D SPACE',''
  ) );
#1308 = PCURVE('',#1085,#1309);
#1309 = DEFINITIONAL_REPRESENTATION('',(#1310),#1314);
#1310 = LINE('',#1311,#1312);
#1311 = CARTESIAN_POINT('',(0.,-0.));
#1312 = VECTOR('',#1313,1.);
#1313 = DIRECTION('',(0.,1.));
#1314 = ( GEOMETRIC_REPRESENTATION_CONTEXT(2) 
PARAMETRIC_REPRESENTATION_CONTEXT() REPRESENTATION_CONTEXT('2D SPACE',''
  ) );
#1315 = ORIENTED_EDGE('',*,*,#1316,.T.);
#1316 = EDGE_CURVE('',#1294,#1294,#1317,.T.);
#1317 = SURFACE_CURVE('',#1318,(#1323,#1330),.PCURVE_S1.);
#1318 = CIRCLE('',#1319,3.2);
#1319 = AXIS2_PLACEMENT_3D('',#1320,#1321,#1322);
#1320 = CARTESIAN_POINT('',(0.,-29.5,123.));
#1321 = DIRECTION('',(0.,0.,1.));
#1322 = DIRECTION('',(1.,0.,-0.));
#1323 = PCURVE('',#1085,#1324);
#1324 = DEFINITIONAL_REPRESENTATION('',(#1325),#1329);
#1325 = LINE('',#1326,#1327);
#1326 = CARTESIAN_POINT('',(0.,0.));
#1327 = VECTOR('',#1328,1.);
#1328 = DIRECTION('',(1.,0.));
#1329 = ( GEOMETRIC_REPRESENTATION_CONTEXT(2) 
PARAMETRIC_REPRESENTATION_CONTEXT() REPRESENTATION_CONTEXT('2D SPACE',''
  ) );
#1330 = PCURVE('',#1331,#1336);
#1331 = PLANE('',#1332);
#1332 = AXIS2_PLACEMENT_3D('',#1333,#1334,#1335);
#1333 = CARTESIAN_POINT('',(0.,-29.5,123.));
#1334 = DIRECTION('',(0.,0.,1.));
#1335 = DIRECTION('',(1.,0.,-0.));
#1336 = DEFINITIONAL_REPRESENTATION('',(#1337),#1341);
#1337 = CIRCLE('',#1338,3.2);
#1338 = AXIS2_PLACEMENT_2D('',#1339,#1340);
#1339 = CARTESIAN_POINT('',(0.,0.));
#1340 = DIRECTION('',(1.,0.));
#1341 = ( GEOMETRIC_REPRESENTATION_CONTEXT(2) 
PARAMETRIC_REPRESENTATION_CONTEXT() REPRESENTATION_CONTEXT('2D SPACE',''
  ) );
#1342 = ORIENTED_EDGE('',*,*,#1293,.T.);
#1343 = ADVANCED_FACE('',(#1344,#1347),#1165,.F.);
#1344 = FACE_BOUND('',#1345,.F.);
#1345 = EDGE_LOOP('',(#1346));
#1346 = ORIENTED_EDGE('',*,*,#1150,.T.);
#1347 = FACE_BOUND('',#1348,.F.);
#1348 = EDGE_LOOP('',(#1349));
#1349 = ORIENTED_EDGE('',*,*,#1350,.F.);
#1350 = EDGE_CURVE('',#1351,#1351,#1353,.T.);
#1351 = VERTEX_POINT('',#1352);
#1352 = CARTESIAN_POINT('',(32.,-7.837739514543E-15,121.5));
#1353 = SURFACE_CURVE('',#1354,(#1359,#1366),.PCURVE_S1.);
#1354 = CIRCLE('',#1355,32.);
#1355 = AXIS2_PLACEMENT_3D('',#1356,#1357,#1358);
#1356 = CARTESIAN_POINT('',(0.,0.,121.5));
#1357 = DIRECTION('',(0.,0.,1.));
#1358 = DIRECTION('',(1.,0.,-0.));
#1359 = PCURVE('',#1165,#1360);
#1360 = DEFINITIONAL_REPRESENTATION('',(#1361),#1365);
#1361 = CIRCLE('',#1362,32.);
#1362 = AXIS2_PLACEMENT_2D('',#1363,#1364);
#1363 = CARTESIAN_POINT('',(0.,0.));
#1364 = DIRECTION('',(1.,0.));
#1365 = ( GEOMETRIC_REPRESENTATION_CONTEXT(2) 
PARAMETRIC_REPRESENTATION_CONTEXT() REPRESENTATION_CONTEXT('2D SPACE',''
  ) );
#1366 = PCURVE('',#1367,#1372);
#1367 = CYLINDRICAL_SURFACE('',#1368,32.);
#1368 = AXIS2_PLACEMENT_3D('',#1369,#1370,#1371);
#1369 = CARTESIAN_POINT('',(0.,0.,118.));
#1370 = DIRECTION('',(0.,0.,1.));
#1371 = DIRECTION('',(1.,0.,-0.));
#1372 = DEFINITIONAL_REPRESENTATION('',(#1373),#1377);
#1373 = LINE('',#1374,#1375);
#1374 = CARTESIAN_POINT('',(0.,3.5));
#1375 = VECTOR('',#1376,1.);
#1376 = DIRECTION('',(1.,0.));
#1377 = ( GEOMETRIC_REPRESENTATION_CONTEXT(2) 
PARAMETRIC_REPRESENTATION_CONTEXT() REPRESENTATION_CONTEXT('2D SPACE',''
  ) );
#1378 = ADVANCED_FACE('',(#1379,#1681),#1221,.F.);
#1379 = FACE_BOUND('',#1380,.F.);
#1380 = EDGE_LOOP('',(#1381,#1418,#1460,#1511,#1546,#1583,#1639));
#1381 = ORIENTED_EDGE('',*,*,#1382,.F.);
#1382 = EDGE_CURVE('',#1383,#1385,#1387,.T.);
#1383 = VERTEX_POINT('',#1384);
#1384 = CARTESIAN_POINT('',(4.338453357499,-30.69491525423,
    144.03109117104));
#1385 = VERTEX_POINT('',#1386);
#1386 = CARTESIAN_POINT('',(4.5,-29.5,143.9378221735));
#1387 = SURFACE_CURVE('',#1388,(#1393,#1400),.PCURVE_S1.);
#1388 = ELLIPSE('',#1389,5.196152422707,4.5);
#1389 = AXIS2_PLACEMENT_3D('',#1390,#1391,#1392);
#1390 = CARTESIAN_POINT('',(0.,-29.5,146.53589838486));
#1391 = DIRECTION('',(0.5,0.,0.866025403784));
#1392 = DIRECTION('',(-0.866025403784,0.,0.5));
#1393 = PCURVE('',#1221,#1394);
#1394 = DEFINITIONAL_REPRESENTATION('',(#1395),#1399);
#1395 = ELLIPSE('',#1396,5.196152422707,4.5);
#1396 = AXIS2_PLACEMENT_2D('',#1397,#1398);
#1397 = CARTESIAN_POINT('',(200.,170.5));
#1398 = DIRECTION('',(-1.,0.));
#1399 = ( GEOMETRIC_REPRESENTATION_CONTEXT(2) 
PARAMETRIC_REPRESENTATION_CONTEXT() REPRESENTATION_CONTEXT('2D SPACE',''
  ) );
#1400 = PCURVE('',#1401,#1406);
#1401 = CYLINDRICAL_SURFACE('',#1402,4.5);
#1402 = AXIS2_PLACEMENT_3D('',#1403,#1404,#1405);
#1403 = CARTESIAN_POINT('',(0.,-29.5,118.));
#1404 = DIRECTION('',(0.,0.,1.));
#1405 = DIRECTION('',(1.,0.,-0.));
#1406 = DEFINITIONAL_REPRESENTATION('',(#1407),#1417);
#1407 = B_SPLINE_CURVE_WITH_KNOTS('',8,(#1408,#1409,#1410,#1411,#1412,
    #1413,#1414,#1415,#1416),.UNSPECIFIED.,.F.,.F.,(9,9),(9.156017372508
    ,9.424777960769),.PIECEWISE_BEZIER_KNOTS.);
#1408 = CARTESIAN_POINT('',(6.014424718916,26.031091162577));
#1409 = CARTESIAN_POINT('',(6.048019792449,26.007914442549));
#1410 = CARTESIAN_POINT('',(6.081614865982,25.987968578331));
#1411 = CARTESIAN_POINT('',(6.115209939515,25.971293428377));
#1412 = CARTESIAN_POINT('',(6.148805013048,25.957921071525));
#1413 = CARTESIAN_POINT('',(6.182400086581,25.947875663411));
#1414 = CARTESIAN_POINT('',(6.215995160114,25.941173340406));
#1415 = CARTESIAN_POINT('',(6.249590233647,25.937822173509));
#1416 = CARTESIAN_POINT('',(6.28318530718,25.937822173509));
#1417 = ( GEOMETRIC_REPRESENTATION_CONTEXT(2) 
PARAMETRIC_REPRESENTATION_CONTEXT() REPRESENTATION_CONTEXT('2D SPACE',''
  ) );
#1418 = ORIENTED_EDGE('',*,*,#1419,.T.);
#1419 = EDGE_CURVE('',#1383,#1420,#1422,.T.);
#1420 = VERTEX_POINT('',#1421);
#1421 = CARTESIAN_POINT('',(31.,-7.592810154714E-15,128.63804003998));
#1422 = SURFACE_CURVE('',#1423,(#1428,#1435),.PCURVE_S1.);
#1423 = ELLIPSE('',#1424,35.795716689757,31.);
#1424 = AXIS2_PLACEMENT_3D('',#1425,#1426,#1427);
#1425 = CARTESIAN_POINT('',(0.,0.,146.53589838486));
#1426 = DIRECTION('',(0.5,0.,0.866025403784));
#1427 = DIRECTION('',(-0.866025403784,0.,0.5));
#1428 = PCURVE('',#1221,#1429);
#1429 = DEFINITIONAL_REPRESENTATION('',(#1430),#1434);
#1430 = ELLIPSE('',#1431,35.795716689757,31.);
#1431 = AXIS2_PLACEMENT_2D('',#1432,#1433);
#1432 = CARTESIAN_POINT('',(200.,200.));
#1433 = DIRECTION('',(-1.,0.));
#1434 = ( GEOMETRIC_REPRESENTATION_CONTEXT(2) 
PARAMETRIC_REPRESENTATION_CONTEXT() REPRESENTATION_CONTEXT('2D SPACE',''
  ) );
#1435 = PCURVE('',#1436,#1441);
#1436 = CYLINDRICAL_SURFACE('',#1437,31.);
#1437 = AXIS2_PLACEMENT_3D('',#1438,#1439,#1440);
#1438 = CARTESIAN_POINT('',(0.,0.,119.));
#1439 = DIRECTION('',(0.,0.,1.));
#1440 = DIRECTION('',(1.,0.,-0.));
#1441 = DEFINITIONAL_REPRESENTATION('',(#1442),#1459);
#1442 = B_SPLINE_CURVE_WITH_KNOTS('',8,(#1443,#1444,#1445,#1446,#1447,
    #1448,#1449,#1450,#1451,#1452,#1453,#1454,#1455,#1456,#1457,#1458),
  .UNSPECIFIED.,.F.,.F.,(9,7,9),(7.994392660925,8.541205026947,
    9.424777960769),.UNSPECIFIED.);
#1443 = CARTESIAN_POINT('',(4.852800007336,25.031091170735));
#1444 = CARTESIAN_POINT('',(4.921151553088,23.819784384398));
#1445 = CARTESIAN_POINT('',(4.989503098841,22.621851648517));
#1446 = CARTESIAN_POINT('',(5.057854644594,21.445916415642));
#1447 = CARTESIAN_POINT('',(5.126206190346,20.300468840776));
#1448 = CARTESIAN_POINT('',(5.194557736099,19.193736881503));
#1449 = CARTESIAN_POINT('',(5.262909281852,18.133560714412));
#1450 = CARTESIAN_POINT('',(5.331260827605,17.127276715216));
#1451 = CARTESIAN_POINT('',(5.510058990085,14.653562728823));
#1452 = CARTESIAN_POINT('',(5.620505606813,13.283799447727));
#1453 = CARTESIAN_POINT('',(5.730952223541,12.100729944762));
#1454 = CARTESIAN_POINT('',(5.841398840268,11.128641888495));
#1455 = CARTESIAN_POINT('',(5.951845456996,10.386586428829));
#1456 = CARTESIAN_POINT('',(6.062292073724,9.887555894664));
#1457 = CARTESIAN_POINT('',(6.172738690452,9.638040039984));
#1458 = CARTESIAN_POINT('',(6.28318530718,9.638040039984));
#1459 = ( GEOMETRIC_REPRESENTATION_CONTEXT(2) 
PARAMETRIC_REPRESENTATION_CONTEXT() REPRESENTATION_CONTEXT('2D SPACE',''
  ) );
#1460 = ORIENTED_EDGE('',*,*,#1461,.T.);
#1461 = EDGE_CURVE('',#1420,#1462,#1464,.T.);
#1462 = VERTEX_POINT('',#1463);
#1463 = CARTESIAN_POINT('',(4.338453357499,30.694915254237,
    144.03109117104));
#1464 = SURFACE_CURVE('',#1465,(#1470,#1477),.PCURVE_S1.);
#1465 = ELLIPSE('',#1466,35.795716689757,31.);
#1466 = AXIS2_PLACEMENT_3D('',#1467,#1468,#1469);
#1467 = CARTESIAN_POINT('',(0.,0.,146.53589838486));
#1468 = DIRECTION('',(0.5,0.,0.866025403784));
#1469 = DIRECTION('',(-0.866025403784,0.,0.5));
#1470 = PCURVE('',#1221,#1471);
#1471 = DEFINITIONAL_REPRESENTATION('',(#1472),#1476);
#1472 = ELLIPSE('',#1473,35.795716689757,31.);
#1473 = AXIS2_PLACEMENT_2D('',#1474,#1475);
#1474 = CARTESIAN_POINT('',(200.,200.));
#1475 = DIRECTION('',(-1.,0.));
#1476 = ( GEOMETRIC_REPRESENTATION_CONTEXT(2) 
PARAMETRIC_REPRESENTATION_CONTEXT() REPRESENTATION_CONTEXT('2D SPACE',''
  ) );
#1477 = PCURVE('',#1436,#1478);
#1478 = DEFINITIONAL_REPRESENTATION('',(#1479),#1510);
#1479 = B_SPLINE_CURVE_WITH_KNOTS('',8,(#1480,#1481,#1482,#1483,#1484,
    #1485,#1486,#1487,#1488,#1489,#1490,#1491,#1492,#1493,#1494,#1495,
    #1496,#1497,#1498,#1499,#1500,#1501,#1502,#1503,#1504,#1505,#1506,
    #1507,#1508,#1509),.UNSPECIFIED.,.F.,.F.,(9,7,7,7,9),(3.14159265359,
    4.712388980385,5.890486225481,7.657632093125,7.713570607024),
  .UNSPECIFIED.);
#1480 = CARTESIAN_POINT('',(6.28318530718,9.638040039984));
#1481 = CARTESIAN_POINT('',(6.479534848029,9.638040039984));
#1482 = CARTESIAN_POINT('',(6.675884388876,10.426633567155));
#1483 = CARTESIAN_POINT('',(6.87223392972,12.003813922282));
#1484 = CARTESIAN_POINT('',(7.068583470558,14.304749986855));
#1485 = CARTESIAN_POINT('',(7.264933011433,17.199647843365));
#1486 = CARTESIAN_POINT('',(7.461282552269,20.507425014066));
#1487 = CARTESIAN_POINT('',(7.657632093125,24.021662116658));
#1488 = CARTESIAN_POINT('',(8.001243789612,30.171575586015));
#1489 = CARTESIAN_POINT('',(8.148505945249,32.807251822578));
#1490 = CARTESIAN_POINT('',(8.295768100886,35.355836074898));
#1491 = CARTESIAN_POINT('',(8.443030256522,37.730213104607));
#1492 = CARTESIAN_POINT('',(8.590292412159,39.849355495569));
#1493 = CARTESIAN_POINT('',(8.737554567797,41.644284628913));
#1494 = CARTESIAN_POINT('',(8.884816723434,43.062733387538));
#1495 = CARTESIAN_POINT('',(9.252972112526,45.584308382397));
#1496 = CARTESIAN_POINT('',(9.473865345985,46.175162296702));
#1497 = CARTESIAN_POINT('',(9.694758579375,45.731445701284));
#1498 = CARTESIAN_POINT('',(9.915651812953,44.236603325204));
#1499 = CARTESIAN_POINT('',(10.136545046305,41.787794384029));
#1500 = CARTESIAN_POINT('',(10.357438279812,38.587986845116));
#1501 = CARTESIAN_POINT('',(10.578331513259,34.905147436941));
#1502 = CARTESIAN_POINT('',(10.806217060952,30.904854556195));
#1503 = CARTESIAN_POINT('',(10.81320937519,30.781916673789));
#1504 = CARTESIAN_POINT('',(10.820201689427,30.658792830162));
#1505 = CARTESIAN_POINT('',(10.827194003664,30.535492190294));
#1506 = CARTESIAN_POINT('',(10.834186317902,30.412023938097));
#1507 = CARTESIAN_POINT('',(10.841178632139,30.288397274979));
#1508 = CARTESIAN_POINT('',(10.848170946377,30.164621418395));
#1509 = CARTESIAN_POINT('',(10.855163260614,30.04070560041));
#1510 = ( GEOMETRIC_REPRESENTATION_CONTEXT(2) 
PARAMETRIC_REPRESENTATION_CONTEXT() REPRESENTATION_CONTEXT('2D SPACE',''
  ) );
#1511 = ORIENTED_EDGE('',*,*,#1512,.F.);
#1512 = EDGE_CURVE('',#1513,#1462,#1515,.T.);
#1513 = VERTEX_POINT('',#1514);
#1514 = CARTESIAN_POINT('',(4.5,29.5,143.9378221735));
#1515 = SURFACE_CURVE('',#1516,(#1521,#1528),.PCURVE_S1.);
#1516 = ELLIPSE('',#1517,5.196152422707,4.5);
#1517 = AXIS2_PLACEMENT_3D('',#1518,#1519,#1520);
#1518 = CARTESIAN_POINT('',(0.,29.5,146.53589838486));
#1519 = DIRECTION('',(0.5,0.,0.866025403784));
#1520 = DIRECTION('',(-0.866025403784,0.,0.5));
#1521 = PCURVE('',#1221,#1522);
#1522 = DEFINITIONAL_REPRESENTATION('',(#1523),#1527);
#1523 = ELLIPSE('',#1524,5.196152422707,4.5);
#1524 = AXIS2_PLACEMENT_2D('',#1525,#1526);
#1525 = CARTESIAN_POINT('',(200.,229.5));
#1526 = DIRECTION('',(-1.,0.));
#1527 = ( GEOMETRIC_REPRESENTATION_CONTEXT(2) 
PARAMETRIC_REPRESENTATION_CONTEXT() REPRESENTATION_CONTEXT('2D SPACE',''
  ) );
#1528 = PCURVE('',#1529,#1534);
#1529 = CYLINDRICAL_SURFACE('',#1530,4.5);
#1530 = AXIS2_PLACEMENT_3D('',#1531,#1532,#1533);
#1531 = CARTESIAN_POINT('',(0.,29.5,118.));
#1532 = DIRECTION('',(0.,0.,1.));
#1533 = DIRECTION('',(1.,0.,-0.));
#1534 = DEFINITIONAL_REPRESENTATION('',(#1535),#1545);
#1535 = B_SPLINE_CURVE_WITH_KNOTS('',8,(#1536,#1537,#1538,#1539,#1540,
    #1541,#1542,#1543,#1544),.UNSPECIFIED.,.F.,.F.,(9,9),(3.14159265359,
    3.410353241851),.PIECEWISE_BEZIER_KNOTS.);
#1536 = CARTESIAN_POINT('',(6.28318530718,25.937822173509));
#1537 = CARTESIAN_POINT('',(6.316780380712,25.937822173509));
#1538 = CARTESIAN_POINT('',(6.350375454245,25.941173335641));
#1539 = CARTESIAN_POINT('',(6.383970527778,25.947875655035));
#1540 = CARTESIAN_POINT('',(6.41756560131,25.957921062415));
#1541 = CARTESIAN_POINT('',(6.451160674843,25.971293421157));
#1542 = CARTESIAN_POINT('',(6.484755748376,25.987968574645));
#1543 = CARTESIAN_POINT('',(6.518350821908,26.007914442978));
#1544 = CARTESIAN_POINT('',(6.551945895441,26.031091166851));
#1545 = ( GEOMETRIC_REPRESENTATION_CONTEXT(2) 
PARAMETRIC_REPRESENTATION_CONTEXT() REPRESENTATION_CONTEXT('2D SPACE',''
  ) );
#1546 = ORIENTED_EDGE('',*,*,#1547,.F.);
#1547 = EDGE_CURVE('',#1548,#1513,#1550,.T.);
#1548 = VERTEX_POINT('',#1549);
#1549 = CARTESIAN_POINT('',(-4.338453357499,30.694915254237,
    149.04070559868));
#1550 = SURFACE_CURVE('',#1551,(#1556,#1563),.PCURVE_S1.);
#1551 = ELLIPSE('',#1552,5.196152422707,4.5);
#1552 = AXIS2_PLACEMENT_3D('',#1553,#1554,#1555);
#1553 = CARTESIAN_POINT('',(0.,29.5,146.53589838486));
#1554 = DIRECTION('',(0.5,0.,0.866025403784));
#1555 = DIRECTION('',(-0.866025403784,0.,0.5));
#1556 = PCURVE('',#1221,#1557);
#1557 = DEFINITIONAL_REPRESENTATION('',(#1558),#1562);
#1558 = ELLIPSE('',#1559,5.196152422707,4.5);
#1559 = AXIS2_PLACEMENT_2D('',#1560,#1561);
#1560 = CARTESIAN_POINT('',(200.,229.5));
#1561 = DIRECTION('',(-1.,0.));
#1562 = ( GEOMETRIC_REPRESENTATION_CONTEXT(2) 
PARAMETRIC_REPRESENTATION_CONTEXT() REPRESENTATION_CONTEXT('2D SPACE',''
  ) );
#1563 = PCURVE('',#1529,#1564);
#1564 = DEFINITIONAL_REPRESENTATION('',(#1565),#1582);
#1565 = B_SPLINE_CURVE_WITH_KNOTS('',8,(#1566,#1567,#1568,#1569,#1570,
    #1571,#1572,#1573,#1574,#1575,#1576,#1577,#1578,#1579,#1580,#1581),
  .UNSPECIFIED.,.F.,.F.,(9,7,9),(6.014424718918,7.657632093125,
    9.424777960769),.UNSPECIFIED.);
#1566 = CARTESIAN_POINT('',(2.872832065328,31.040705592887));
#1567 = CARTESIAN_POINT('',(3.078232987104,31.182408535211));
#1568 = CARTESIAN_POINT('',(3.283633908877,31.203338219625));
#1569 = CARTESIAN_POINT('',(3.489034830647,31.09438471263));
#1570 = CARTESIAN_POINT('',(3.694435752442,30.857306621863));
#1571 = CARTESIAN_POINT('',(3.899836674193,30.505971318377));
#1572 = CARTESIAN_POINT('',(4.105237595985,30.065105802783));
#1573 = CARTESIAN_POINT('',(4.310638517759,29.566151275967));
#1574 = CARTESIAN_POINT('',(4.736932672991,28.479887733145));
#1575 = CARTESIAN_POINT('',(4.957825906444,27.888752477767));
#1576 = CARTESIAN_POINT('',(5.178719139902,27.311206413782));
#1577 = CARTESIAN_POINT('',(5.399612373316,26.792027263509));
#1578 = CARTESIAN_POINT('',(5.620505606814,26.372460360217));
#1579 = CARTESIAN_POINT('',(5.841398840262,26.082702591546));
#1580 = CARTESIAN_POINT('',(6.062292073724,25.937822173509));
#1581 = CARTESIAN_POINT('',(6.28318530718,25.937822173509));
#1582 = ( GEOMETRIC_REPRESENTATION_CONTEXT(2) 
PARAMETRIC_REPRESENTATION_CONTEXT() REPRESENTATION_CONTEXT('2D SPACE',''
  ) );
#1583 = ORIENTED_EDGE('',*,*,#1584,.T.);
#1584 = EDGE_CURVE('',#1548,#1585,#1587,.T.);
#1585 = VERTEX_POINT('',#1586);
#1586 = CARTESIAN_POINT('',(-4.338453357499,-30.69491525423,
    149.04070559868));
#1587 = SURFACE_CURVE('',#1588,(#1593,#1600),.PCURVE_S1.);
#1588 = ELLIPSE('',#1589,35.795716689757,31.);
#1589 = AXIS2_PLACEMENT_3D('',#1590,#1591,#1592);
#1590 = CARTESIAN_POINT('',(0.,0.,146.53589838486));
#1591 = DIRECTION('',(0.5,0.,0.866025403784));
#1592 = DIRECTION('',(-0.866025403784,0.,0.5));
#1593 = PCURVE('',#1221,#1594);
#1594 = DEFINITIONAL_REPRESENTATION('',(#1595),#1599);
#1595 = ELLIPSE('',#1596,35.795716689757,31.);
#1596 = AXIS2_PLACEMENT_2D('',#1597,#1598);
#1597 = CARTESIAN_POINT('',(200.,200.));
#1598 = DIRECTION('',(-1.,0.));
#1599 = ( GEOMETRIC_REPRESENTATION_CONTEXT(2) 
PARAMETRIC_REPRESENTATION_CONTEXT() REPRESENTATION_CONTEXT('2D SPACE',''
  ) );
#1600 = PCURVE('',#1601,#1606);
#1601 = CYLINDRICAL_SURFACE('',#1602,31.);
#1602 = AXIS2_PLACEMENT_3D('',#1603,#1604,#1605);
#1603 = CARTESIAN_POINT('',(0.,0.,119.));
#1604 = DIRECTION('',(0.,0.,1.));
#1605 = DIRECTION('',(1.,0.,-0.));
#1606 = DEFINITIONAL_REPRESENTATION('',(#1607),#1638);
#1607 = B_SPLINE_CURVE_WITH_KNOTS('',8,(#1608,#1609,#1610,#1611,#1612,
    #1613,#1614,#1615,#1616,#1617,#1618,#1619,#1620,#1621,#1622,#1623,
    #1624,#1625,#1626,#1627,#1628,#1629,#1630,#1631,#1632,#1633,#1634,
    #1635,#1636,#1637),.UNSPECIFIED.,.F.,.F.,(9,7,7,7,9),(3.14159265359,
    4.712388980385,5.890486225481,7.657632093125,7.713570607024),
  .UNSPECIFIED.);
#1608 = CARTESIAN_POINT('',(6.28318530718,9.638040039984));
#1609 = CARTESIAN_POINT('',(6.479534848029,9.638040039984));
#1610 = CARTESIAN_POINT('',(6.675884388876,10.426633567155));
#1611 = CARTESIAN_POINT('',(6.87223392972,12.003813922282));
#1612 = CARTESIAN_POINT('',(7.068583470558,14.304749986855));
#1613 = CARTESIAN_POINT('',(7.264933011433,17.199647843365));
#1614 = CARTESIAN_POINT('',(7.461282552269,20.507425014066));
#1615 = CARTESIAN_POINT('',(7.657632093125,24.021662116658));
#1616 = CARTESIAN_POINT('',(8.001243789612,30.171575586015));
#1617 = CARTESIAN_POINT('',(8.148505945249,32.807251822578));
#1618 = CARTESIAN_POINT('',(8.295768100886,35.355836074898));
#1619 = CARTESIAN_POINT('',(8.443030256522,37.730213104607));
#1620 = CARTESIAN_POINT('',(8.590292412159,39.849355495569));
#1621 = CARTESIAN_POINT('',(8.737554567797,41.644284628913));
#1622 = CARTESIAN_POINT('',(8.884816723434,43.062733387538));
#1623 = CARTESIAN_POINT('',(9.252972112526,45.584308382397));
#1624 = CARTESIAN_POINT('',(9.473865345985,46.175162296702));
#1625 = CARTESIAN_POINT('',(9.694758579375,45.731445701284));
#1626 = CARTESIAN_POINT('',(9.915651812953,44.236603325204));
#1627 = CARTESIAN_POINT('',(10.136545046305,41.787794384029));
#1628 = CARTESIAN_POINT('',(10.357438279812,38.587986845116));
#1629 = CARTESIAN_POINT('',(10.578331513259,34.905147436941));
#1630 = CARTESIAN_POINT('',(10.806217060952,30.904854556195));
#1631 = CARTESIAN_POINT('',(10.81320937519,30.781916673789));
#1632 = CARTESIAN_POINT('',(10.820201689427,30.658792830162));
#1633 = CARTESIAN_POINT('',(10.827194003664,30.535492190294));
#1634 = CARTESIAN_POINT('',(10.834186317902,30.412023938097));
#1635 = CARTESIAN_POINT('',(10.841178632139,30.288397274979));
#1636 = CARTESIAN_POINT('',(10.848170946377,30.164621418395));
#1637 = CARTESIAN_POINT('',(10.855163260614,30.04070560041));
#1638 = ( GEOMETRIC_REPRESENTATION_CONTEXT(2) 
PARAMETRIC_REPRESENTATION_CONTEXT() REPRESENTATION_CONTEXT('2D SPACE',''
  ) );
#1639 = ORIENTED_EDGE('',*,*,#1640,.F.);
#1640 = EDGE_CURVE('',#1385,#1585,#1641,.T.);
#1641 = SURFACE_CURVE('',#1642,(#1647,#1654),.PCURVE_S1.);
#1642 = ELLIPSE('',#1643,5.196152422707,4.5);
#1643 = AXIS2_PLACEMENT_3D('',#1644,#1645,#1646);
#1644 = CARTESIAN_POINT('',(0.,-29.5,146.53589838486));
#1645 = DIRECTION('',(0.5,0.,0.866025403784));
#1646 = DIRECTION('',(-0.866025403784,0.,0.5));
#1647 = PCURVE('',#1221,#1648);
#1648 = DEFINITIONAL_REPRESENTATION('',(#1649),#1653);
#1649 = ELLIPSE('',#1650,5.196152422707,4.5);
#1650 = AXIS2_PLACEMENT_2D('',#1651,#1652);
#1651 = CARTESIAN_POINT('',(200.,170.5));
#1652 = DIRECTION('',(-1.,0.));
#1653 = ( GEOMETRIC_REPRESENTATION_CONTEXT(2) 
PARAMETRIC_REPRESENTATION_CONTEXT() REPRESENTATION_CONTEXT('2D SPACE',''
  ) );
#1654 = PCURVE('',#1401,#1655);
#1655 = DEFINITIONAL_REPRESENTATION('',(#1656),#1680);
#1656 = B_SPLINE_CURVE_WITH_KNOTS('',8,(#1657,#1658,#1659,#1660,#1661,
    #1662,#1663,#1664,#1665,#1666,#1667,#1668,#1669,#1670,#1671,#1672,
    #1673,#1674,#1675,#1676,#1677,#1678,#1679),.UNSPECIFIED.,.F.,.F.,(9,
    7,7,9),(3.14159265359,4.712388980385,5.890486225481,6.551945895441),
  .UNSPECIFIED.);
#1657 = CARTESIAN_POINT('',(6.28318530718,25.937822173509));
#1658 = CARTESIAN_POINT('',(6.479534848029,25.937822173509));
#1659 = CARTESIAN_POINT('',(6.675884388878,26.052295427453));
#1660 = CARTESIAN_POINT('',(6.872233929727,26.281240962868));
#1661 = CARTESIAN_POINT('',(7.068583470575,26.615247810929));
#1662 = CARTESIAN_POINT('',(7.264933011427,27.035474919088));
#1663 = CARTESIAN_POINT('',(7.461282552275,27.515636121349));
#1664 = CARTESIAN_POINT('',(7.657632093125,28.025767313671));
#1665 = CARTESIAN_POINT('',(8.001243789612,28.918496688255));
#1666 = CARTESIAN_POINT('',(8.148505945249,29.30109485163));
#1667 = CARTESIAN_POINT('',(8.295768100886,29.67105063019));
#1668 = CARTESIAN_POINT('',(8.443030256523,30.015718263541));
#1669 = CARTESIAN_POINT('',(8.59029241216,30.323335707393));
#1670 = CARTESIAN_POINT('',(8.737554567797,30.583889936417));
#1671 = CARTESIAN_POINT('',(8.884816723434,30.789793788476));
#1672 = CARTESIAN_POINT('',(9.114761337816,31.018414087924));
#1673 = CARTESIAN_POINT('',(9.197443796561,31.081866671891));
#1674 = CARTESIAN_POINT('',(9.280126255306,31.125709290317));
#1675 = CARTESIAN_POINT('',(9.36280871405,31.149359000861));
#1676 = CARTESIAN_POINT('',(9.445491172794,31.152525176211));
#1677 = CARTESIAN_POINT('',(9.528173631539,31.135218220474));
#1678 = CARTESIAN_POINT('',(9.610856090283,31.097746949411));
#1679 = CARTESIAN_POINT('',(9.693538549028,31.040705586606));
#1680 = ( GEOMETRIC_REPRESENTATION_CONTEXT(2) 
PARAMETRIC_REPRESENTATION_CONTEXT() REPRESENTATION_CONTEXT('2D SPACE',''
  ) );
#1681 = FACE_BOUND('',#1682,.F.);
#1682 = EDGE_LOOP('',(#1683));
#1683 = ORIENTED_EDGE('',*,*,#1206,.F.);
#1684 = ADVANCED_FACE('',(#1685,#1688),#1276,.T.);
#1685 = FACE_BOUND('',#1686,.T.);
#1686 = EDGE_LOOP('',(#1687));
#1687 = ORIENTED_EDGE('',*,*,#1261,.T.);
#1688 = FACE_BOUND('',#1689,.T.);
#1689 = EDGE_LOOP('',(#1690));
#1690 = ORIENTED_EDGE('',*,*,#1691,.F.);
#1691 = EDGE_CURVE('',#1692,#1692,#1694,.T.);
#1692 = VERTEX_POINT('',#1693);
#1693 = CARTESIAN_POINT('',(1.7,29.5,123.));
#1694 = SURFACE_CURVE('',#1695,(#1700,#1707),.PCURVE_S1.);
#1695 = CIRCLE('',#1696,1.7);
#1696 = AXIS2_PLACEMENT_3D('',#1697,#1698,#1699);
#1697 = CARTESIAN_POINT('',(0.,29.5,123.));
#1698 = DIRECTION('',(0.,0.,1.));
#1699 = DIRECTION('',(1.,0.,-0.));
#1700 = PCURVE('',#1276,#1701);
#1701 = DEFINITIONAL_REPRESENTATION('',(#1702),#1706);
#1702 = CIRCLE('',#1703,1.7);
#1703 = AXIS2_PLACEMENT_2D('',#1704,#1705);
#1704 = CARTESIAN_POINT('',(0.,0.));
#1705 = DIRECTION('',(1.,0.));
#1706 = ( GEOMETRIC_REPRESENTATION_CONTEXT(2) 
PARAMETRIC_REPRESENTATION_CONTEXT() REPRESENTATION_CONTEXT('2D SPACE',''
  ) );
#1707 = PCURVE('',#1708,#1713);
#1708 = CYLINDRICAL_SURFACE('',#1709,1.7);
#1709 = AXIS2_PLACEMENT_3D('',#1710,#1711,#1712);
#1710 = CARTESIAN_POINT('',(0.,29.5,119.));
#1711 = DIRECTION('',(0.,0.,1.));
#1712 = DIRECTION('',(1.,0.,-0.));
#1713 = DEFINITIONAL_REPRESENTATION('',(#1714),#1718);
#1714 = LINE('',#1715,#1716);
#1715 = CARTESIAN_POINT('',(0.,4.));
#1716 = VECTOR('',#1717,1.);
#1717 = DIRECTION('',(1.,0.));
#1718 = ( GEOMETRIC_REPRESENTATION_CONTEXT(2) 
PARAMETRIC_REPRESENTATION_CONTEXT() REPRESENTATION_CONTEXT('2D SPACE',''
  ) );
#1719 = ADVANCED_FACE('',(#1720,#1723),#1331,.T.);
#1720 = FACE_BOUND('',#1721,.T.);
#1721 = EDGE_LOOP('',(#1722));
#1722 = ORIENTED_EDGE('',*,*,#1316,.T.);
#1723 = FACE_BOUND('',#1724,.T.);
#1724 = EDGE_LOOP('',(#1725));
#1725 = ORIENTED_EDGE('',*,*,#1726,.F.);
#1726 = EDGE_CURVE('',#1727,#1727,#1729,.T.);
#1727 = VERTEX_POINT('',#1728);
#1728 = CARTESIAN_POINT('',(1.7,-29.5,123.));
#1729 = SURFACE_CURVE('',#1730,(#1735,#1742),.PCURVE_S1.);
#1730 = CIRCLE('',#1731,1.7);
#1731 = AXIS2_PLACEMENT_3D('',#1732,#1733,#1734);
#1732 = CARTESIAN_POINT('',(0.,-29.5,123.));
#1733 = DIRECTION('',(0.,0.,1.));
#1734 = DIRECTION('',(1.,0.,-0.));
#1735 = PCURVE('',#1331,#1736);
#1736 = DEFINITIONAL_REPRESENTATION('',(#1737),#1741);
#1737 = CIRCLE('',#1738,1.7);
#1738 = AXIS2_PLACEMENT_2D('',#1739,#1740);
#1739 = CARTESIAN_POINT('',(0.,0.));
#1740 = DIRECTION('',(1.,0.));
#1741 = ( GEOMETRIC_REPRESENTATION_CONTEXT(2) 
PARAMETRIC_REPRESENTATION_CONTEXT() REPRESENTATION_CONTEXT('2D SPACE',''
  ) );
#1742 = PCURVE('',#1743,#1748);
#1743 = CYLINDRICAL_SURFACE('',#1744,1.7);
#1744 = AXIS2_PLACEMENT_3D('',#1745,#1746,#1747);
#1745 = CARTESIAN_POINT('',(0.,-29.5,119.));
#1746 = DIRECTION('',(0.,0.,1.));
#1747 = DIRECTION('',(1.,0.,-0.));
#1748 = DEFINITIONAL_REPRESENTATION('',(#1749),#1753);
#1749 = LINE('',#1750,#1751);
#1750 = CARTESIAN_POINT('',(0.,4.));
#1751 = VECTOR('',#1752,1.);
#1752 = DIRECTION('',(1.,0.));
#1753 = ( GEOMETRIC_REPRESENTATION_CONTEXT(2) 
PARAMETRIC_REPRESENTATION_CONTEXT() REPRESENTATION_CONTEXT('2D SPACE',''
  ) );
#1754 = ADVANCED_FACE('',(#1755),#1367,.T.);
#1755 = FACE_BOUND('',#1756,.T.);
#1756 = EDGE_LOOP('',(#1757,#1780,#1781,#1782));
#1757 = ORIENTED_EDGE('',*,*,#1758,.T.);
#1758 = EDGE_CURVE('',#1759,#1351,#1761,.T.);
#1759 = VERTEX_POINT('',#1760);
#1760 = CARTESIAN_POINT('',(32.,-7.837739514543E-15,120.));
#1761 = SEAM_CURVE('',#1762,(#1766,#1773),.PCURVE_S1.);
#1762 = LINE('',#1763,#1764);
#1763 = CARTESIAN_POINT('',(32.,-7.837739514543E-15,118.));
#1764 = VECTOR('',#1765,1.);
#1765 = DIRECTION('',(0.,0.,1.));
#1766 = PCURVE('',#1367,#1767);
#1767 = DEFINITIONAL_REPRESENTATION('',(#1768),#1772);
#1768 = LINE('',#1769,#1770);
#1769 = CARTESIAN_POINT('',(6.28318530718,-0.));
#1770 = VECTOR('',#1771,1.);
#1771 = DIRECTION('',(0.,1.));
#1772 = ( GEOMETRIC_REPRESENTATION_CONTEXT(2) 
PARAMETRIC_REPRESENTATION_CONTEXT() REPRESENTATION_CONTEXT('2D SPACE',''
  ) );
#1773 = PCURVE('',#1367,#1774);
#1774 = DEFINITIONAL_REPRESENTATION('',(#1775),#1779);
#1775 = LINE('',#1776,#1777);
#1776 = CARTESIAN_POINT('',(0.,-0.));
#1777 = VECTOR('',#1778,1.);
#1778 = DIRECTION('',(0.,1.));
#1779 = ( GEOMETRIC_REPRESENTATION_CONTEXT(2) 
PARAMETRIC_REPRESENTATION_CONTEXT() REPRESENTATION_CONTEXT('2D SPACE',''
  ) );
#1780 = ORIENTED_EDGE('',*,*,#1350,.F.);
#1781 = ORIENTED_EDGE('',*,*,#1758,.F.);
#1782 = ORIENTED_EDGE('',*,*,#1783,.T.);
#1783 = EDGE_CURVE('',#1759,#1759,#1784,.T.);
#1784 = SURFACE_CURVE('',#1785,(#1790,#1797),.PCURVE_S1.);
#1785 = CIRCLE('',#1786,32.);
#1786 = AXIS2_PLACEMENT_3D('',#1787,#1788,#1789);
#1787 = CARTESIAN_POINT('',(0.,0.,120.));
#1788 = DIRECTION('',(0.,0.,1.));
#1789 = DIRECTION('',(1.,0.,-0.));
#1790 = PCURVE('',#1367,#1791);
#1791 = DEFINITIONAL_REPRESENTATION('',(#1792),#1796);
#1792 = LINE('',#1793,#1794);
#1793 = CARTESIAN_POINT('',(0.,2.));
#1794 = VECTOR('',#1795,1.);
#1795 = DIRECTION('',(1.,0.));
#1796 = ( GEOMETRIC_REPRESENTATION_CONTEXT(2) 
PARAMETRIC_REPRESENTATION_CONTEXT() REPRESENTATION_CONTEXT('2D SPACE',''
  ) );
#1797 = PCURVE('',#1798,#1803);
#1798 = PLANE('',#1799);
#1799 = AXIS2_PLACEMENT_3D('',#1800,#1801,#1802);
#1800 = CARTESIAN_POINT('',(0.,0.,120.));
#1801 = DIRECTION('',(0.,0.,1.));
#1802 = DIRECTION('',(1.,0.,-0.));
#1803 = DEFINITIONAL_REPRESENTATION('',(#1804),#1808);
#1804 = CIRCLE('',#1805,32.);
#1805 = AXIS2_PLACEMENT_2D('',#1806,#1807);
#1806 = CARTESIAN_POINT('',(0.,0.));
#1807 = DIRECTION('',(1.,0.));
#1808 = ( GEOMETRIC_REPRESENTATION_CONTEXT(2) 
PARAMETRIC_REPRESENTATION_CONTEXT() REPRESENTATION_CONTEXT('2D SPACE',''
  ) );
#1809 = ADVANCED_FACE('',(#1810),#1401,.T.);
#1810 = FACE_BOUND('',#1811,.T.);
#1811 = EDGE_LOOP('',(#1812,#1833,#1857,#1876,#1877));
#1812 = ORIENTED_EDGE('',*,*,#1813,.F.);
#1813 = EDGE_CURVE('',#1814,#1383,#1816,.T.);
#1814 = VERTEX_POINT('',#1815);
#1815 = CARTESIAN_POINT('',(4.338453357499,-30.69491525423,120.));
#1816 = SURFACE_CURVE('',#1817,(#1821,#1827),.PCURVE_S1.);
#1817 = LINE('',#1818,#1819);
#1818 = CARTESIAN_POINT('',(4.338453357499,-30.69491525423,119.));
#1819 = VECTOR('',#1820,1.);
#1820 = DIRECTION('',(0.,0.,1.));
#1821 = PCURVE('',#1401,#1822);
#1822 = DEFINITIONAL_REPRESENTATION('',(#1823),#1826);
#1823 = B_SPLINE_CURVE_WITH_KNOTS('',1,(#1824,#1825),.UNSPECIFIED.,.F.,
  .F.,(2,2),(0.,25.031091171044),.PIECEWISE_BEZIER_KNOTS.);
#1824 = CARTESIAN_POINT('',(6.014424718918,1.));
#1825 = CARTESIAN_POINT('',(6.014424718918,26.031091171044));
#1826 = ( GEOMETRIC_REPRESENTATION_CONTEXT(2) 
PARAMETRIC_REPRESENTATION_CONTEXT() REPRESENTATION_CONTEXT('2D SPACE',''
  ) );
#1827 = PCURVE('',#1436,#1828);
#1828 = DEFINITIONAL_REPRESENTATION('',(#1829),#1832);
#1829 = B_SPLINE_CURVE_WITH_KNOTS('',1,(#1830,#1831),.UNSPECIFIED.,.F.,
  .F.,(2,2),(0.,25.031091171044),.PIECEWISE_BEZIER_KNOTS.);
#1830 = CARTESIAN_POINT('',(4.852800007335,0.));
#1831 = CARTESIAN_POINT('',(4.852800007335,25.031091171044));
#1832 = ( GEOMETRIC_REPRESENTATION_CONTEXT(2) 
PARAMETRIC_REPRESENTATION_CONTEXT() REPRESENTATION_CONTEXT('2D SPACE',''
  ) );
#1833 = ORIENTED_EDGE('',*,*,#1834,.T.);
#1834 = EDGE_CURVE('',#1814,#1835,#1837,.T.);
#1835 = VERTEX_POINT('',#1836);
#1836 = CARTESIAN_POINT('',(-4.338453357499,-30.69491525423,120.));
#1837 = SURFACE_CURVE('',#1838,(#1843,#1850),.PCURVE_S1.);
#1838 = CIRCLE('',#1839,4.5);
#1839 = AXIS2_PLACEMENT_3D('',#1840,#1841,#1842);
#1840 = CARTESIAN_POINT('',(0.,-29.5,120.));
#1841 = DIRECTION('',(0.,0.,1.));
#1842 = DIRECTION('',(1.,0.,-0.));
#1843 = PCURVE('',#1401,#1844);
#1844 = DEFINITIONAL_REPRESENTATION('',(#1845),#1849);
#1845 = LINE('',#1846,#1847);
#1846 = CARTESIAN_POINT('',(0.,2.));
#1847 = VECTOR('',#1848,1.);
#1848 = DIRECTION('',(1.,0.));
#1849 = ( GEOMETRIC_REPRESENTATION_CONTEXT(2) 
PARAMETRIC_REPRESENTATION_CONTEXT() REPRESENTATION_CONTEXT('2D SPACE',''
  ) );
#1850 = PCURVE('',#1798,#1851);
#1851 = DEFINITIONAL_REPRESENTATION('',(#1852),#1856);
#1852 = CIRCLE('',#1853,4.5);
#1853 = AXIS2_PLACEMENT_2D('',#1854,#1855);
#1854 = CARTESIAN_POINT('',(0.,-29.5));
#1855 = DIRECTION('',(1.,0.));
#1856 = ( GEOMETRIC_REPRESENTATION_CONTEXT(2) 
PARAMETRIC_REPRESENTATION_CONTEXT() REPRESENTATION_CONTEXT('2D SPACE',''
  ) );
#1857 = ORIENTED_EDGE('',*,*,#1858,.T.);
#1858 = EDGE_CURVE('',#1835,#1585,#1859,.T.);
#1859 = SURFACE_CURVE('',#1860,(#1864,#1870),.PCURVE_S1.);
#1860 = LINE('',#1861,#1862);
#1861 = CARTESIAN_POINT('',(-4.338453357499,-30.69491525423,119.));
#1862 = VECTOR('',#1863,1.);
#1863 = DIRECTION('',(0.,0.,1.));
#1864 = PCURVE('',#1401,#1865);
#1865 = DEFINITIONAL_REPRESENTATION('',(#1866),#1869);
#1866 = B_SPLINE_CURVE_WITH_KNOTS('',1,(#1867,#1868),.UNSPECIFIED.,.F.,
  .F.,(2,2),(0.,30.040705598681),.PIECEWISE_BEZIER_KNOTS.);
#1867 = CARTESIAN_POINT('',(9.693538549031,1.));
#1868 = CARTESIAN_POINT('',(9.693538549031,31.040705598681));
#1869 = ( GEOMETRIC_REPRESENTATION_CONTEXT(2) 
PARAMETRIC_REPRESENTATION_CONTEXT() REPRESENTATION_CONTEXT('2D SPACE',''
  ) );
#1870 = PCURVE('',#1601,#1871);
#1871 = DEFINITIONAL_REPRESENTATION('',(#1872),#1875);
#1872 = B_SPLINE_CURVE_WITH_KNOTS('',1,(#1873,#1874),.UNSPECIFIED.,.F.,
  .F.,(2,2),(0.,30.040705598681),.PIECEWISE_BEZIER_KNOTS.);
#1873 = CARTESIAN_POINT('',(10.855163260614,0.));
#1874 = CARTESIAN_POINT('',(10.855163260614,30.040705598681));
#1875 = ( GEOMETRIC_REPRESENTATION_CONTEXT(2) 
PARAMETRIC_REPRESENTATION_CONTEXT() REPRESENTATION_CONTEXT('2D SPACE',''
  ) );
#1876 = ORIENTED_EDGE('',*,*,#1640,.F.);
#1877 = ORIENTED_EDGE('',*,*,#1382,.F.);
#1878 = ADVANCED_FACE('',(#1879),#1436,.F.);
#1879 = FACE_BOUND('',#1880,.F.);
#1880 = EDGE_LOOP('',(#1881,#1882,#1906,#1925,#1926));
#1881 = ORIENTED_EDGE('',*,*,#1813,.F.);
#1882 = ORIENTED_EDGE('',*,*,#1883,.T.);
#1883 = EDGE_CURVE('',#1814,#1884,#1886,.T.);
#1884 = VERTEX_POINT('',#1885);
#1885 = CARTESIAN_POINT('',(4.338453357499,30.694915254237,120.));
#1886 = SURFACE_CURVE('',#1887,(#1892,#1899),.PCURVE_S1.);
#1887 = CIRCLE('',#1888,31.);
#1888 = AXIS2_PLACEMENT_3D('',#1889,#1890,#1891);
#1889 = CARTESIAN_POINT('',(0.,0.,120.));
#1890 = DIRECTION('',(0.,0.,1.));
#1891 = DIRECTION('',(1.,0.,-0.));
#1892 = PCURVE('',#1436,#1893);
#1893 = DEFINITIONAL_REPRESENTATION('',(#1894),#1898);
#1894 = LINE('',#1895,#1896);
#1895 = CARTESIAN_POINT('',(0.,1.));
#1896 = VECTOR('',#1897,1.);
#1897 = DIRECTION('',(1.,0.));
#1898 = ( GEOMETRIC_REPRESENTATION_CONTEXT(2) 
PARAMETRIC_REPRESENTATION_CONTEXT() REPRESENTATION_CONTEXT('2D SPACE',''
  ) );
#1899 = PCURVE('',#1798,#1900);
#1900 = DEFINITIONAL_REPRESENTATION('',(#1901),#1905);
#1901 = CIRCLE('',#1902,31.);
#1902 = AXIS2_PLACEMENT_2D('',#1903,#1904);
#1903 = CARTESIAN_POINT('',(0.,0.));
#1904 = DIRECTION('',(1.,0.));
#1905 = ( GEOMETRIC_REPRESENTATION_CONTEXT(2) 
PARAMETRIC_REPRESENTATION_CONTEXT() REPRESENTATION_CONTEXT('2D SPACE',''
  ) );
#1906 = ORIENTED_EDGE('',*,*,#1907,.T.);
#1907 = EDGE_CURVE('',#1884,#1462,#1908,.T.);
#1908 = SURFACE_CURVE('',#1909,(#1913,#1919),.PCURVE_S1.);
#1909 = LINE('',#1910,#1911);
#1910 = CARTESIAN_POINT('',(4.338453357499,30.694915254237,119.));
#1911 = VECTOR('',#1912,1.);
#1912 = DIRECTION('',(0.,0.,1.));
#1913 = PCURVE('',#1436,#1914);
#1914 = DEFINITIONAL_REPRESENTATION('',(#1915),#1918);
#1915 = B_SPLINE_CURVE_WITH_KNOTS('',1,(#1916,#1917),.UNSPECIFIED.,.F.,
  .F.,(2,2),(-6.000000070117E-07,46.175162896702),
  .PIECEWISE_BEZIER_KNOTS.);
#1916 = CARTESIAN_POINT('',(7.713570607024,-6.000000070117E-07));
#1917 = CARTESIAN_POINT('',(7.713570607024,46.175162896702));
#1918 = ( GEOMETRIC_REPRESENTATION_CONTEXT(2) 
PARAMETRIC_REPRESENTATION_CONTEXT() REPRESENTATION_CONTEXT('2D SPACE',''
  ) );
#1919 = PCURVE('',#1529,#1920);
#1920 = DEFINITIONAL_REPRESENTATION('',(#1921),#1924);
#1921 = B_SPLINE_CURVE_WITH_KNOTS('',1,(#1922,#1923),.UNSPECIFIED.,.F.,
  .F.,(2,2),(0.,25.031091171044),.PIECEWISE_BEZIER_KNOTS.);
#1922 = CARTESIAN_POINT('',(6.551945895441,1.));
#1923 = CARTESIAN_POINT('',(6.551945895441,26.031091171044));
#1924 = ( GEOMETRIC_REPRESENTATION_CONTEXT(2) 
PARAMETRIC_REPRESENTATION_CONTEXT() REPRESENTATION_CONTEXT('2D SPACE',''
  ) );
#1925 = ORIENTED_EDGE('',*,*,#1461,.F.);
#1926 = ORIENTED_EDGE('',*,*,#1419,.F.);
#1927 = ADVANCED_FACE('',(#1928),#1601,.F.);
#1928 = FACE_BOUND('',#1929,.F.);
#1929 = EDGE_LOOP('',(#1930,#1951,#1973,#1974));
#1930 = ORIENTED_EDGE('',*,*,#1931,.F.);
#1931 = EDGE_CURVE('',#1932,#1548,#1934,.T.);
#1932 = VERTEX_POINT('',#1933);
#1933 = CARTESIAN_POINT('',(-4.338453357499,30.694915254237,120.));
#1934 = SURFACE_CURVE('',#1935,(#1939,#1945),.PCURVE_S1.);
#1935 = LINE('',#1936,#1937);
#1936 = CARTESIAN_POINT('',(-4.338453357499,30.694915254237,119.));
#1937 = VECTOR('',#1938,1.);
#1938 = DIRECTION('',(0.,0.,1.));
#1939 = PCURVE('',#1601,#1940);
#1940 = DEFINITIONAL_REPRESENTATION('',(#1941),#1944);
#1941 = B_SPLINE_CURVE_WITH_KNOTS('',1,(#1942,#1943),.UNSPECIFIED.,.F.,
  .F.,(2,2),(-6.000000070117E-07,46.175162896702),
  .PIECEWISE_BEZIER_KNOTS.);
#1942 = CARTESIAN_POINT('',(7.994392660925,-6.000000070117E-07));
#1943 = CARTESIAN_POINT('',(7.994392660925,46.175162896702));
#1944 = ( GEOMETRIC_REPRESENTATION_CONTEXT(2) 
PARAMETRIC_REPRESENTATION_CONTEXT() REPRESENTATION_CONTEXT('2D SPACE',''
  ) );
#1945 = PCURVE('',#1529,#1946);
#1946 = DEFINITIONAL_REPRESENTATION('',(#1947),#1950);
#1947 = B_SPLINE_CURVE_WITH_KNOTS('',1,(#1948,#1949),.UNSPECIFIED.,.F.,
  .F.,(2,2),(0.,30.040705598681),.PIECEWISE_BEZIER_KNOTS.);
#1948 = CARTESIAN_POINT('',(2.872832065328,1.));
#1949 = CARTESIAN_POINT('',(2.872832065328,31.040705598681));
#1950 = ( GEOMETRIC_REPRESENTATION_CONTEXT(2) 
PARAMETRIC_REPRESENTATION_CONTEXT() REPRESENTATION_CONTEXT('2D SPACE',''
  ) );
#1951 = ORIENTED_EDGE('',*,*,#1952,.T.);
#1952 = EDGE_CURVE('',#1932,#1835,#1953,.T.);
#1953 = SURFACE_CURVE('',#1954,(#1959,#1966),.PCURVE_S1.);
#1954 = CIRCLE('',#1955,31.);
#1955 = AXIS2_PLACEMENT_3D('',#1956,#1957,#1958);
#1956 = CARTESIAN_POINT('',(0.,0.,120.));
#1957 = DIRECTION('',(0.,0.,1.));
#1958 = DIRECTION('',(1.,0.,-0.));
#1959 = PCURVE('',#1601,#1960);
#1960 = DEFINITIONAL_REPRESENTATION('',(#1961),#1965);
#1961 = LINE('',#1962,#1963);
#1962 = CARTESIAN_POINT('',(6.28318530718,1.));
#1963 = VECTOR('',#1964,1.);
#1964 = DIRECTION('',(1.,0.));
#1965 = ( GEOMETRIC_REPRESENTATION_CONTEXT(2) 
PARAMETRIC_REPRESENTATION_CONTEXT() REPRESENTATION_CONTEXT('2D SPACE',''
  ) );
#1966 = PCURVE('',#1798,#1967);
#1967 = DEFINITIONAL_REPRESENTATION('',(#1968),#1972);
#1968 = CIRCLE('',#1969,31.);
#1969 = AXIS2_PLACEMENT_2D('',#1970,#1971);
#1970 = CARTESIAN_POINT('',(0.,0.));
#1971 = DIRECTION('',(1.,0.));
#1972 = ( GEOMETRIC_REPRESENTATION_CONTEXT(2) 
PARAMETRIC_REPRESENTATION_CONTEXT() REPRESENTATION_CONTEXT('2D SPACE',''
  ) );
#1973 = ORIENTED_EDGE('',*,*,#1858,.T.);
#1974 = ORIENTED_EDGE('',*,*,#1584,.F.);
#1975 = ADVANCED_FACE('',(#1976),#1529,.T.);
#1976 = FACE_BOUND('',#1977,.T.);
#1977 = EDGE_LOOP('',(#1978,#1979,#1980,#1981,#2003));
#1978 = ORIENTED_EDGE('',*,*,#1512,.F.);
#1979 = ORIENTED_EDGE('',*,*,#1547,.F.);
#1980 = ORIENTED_EDGE('',*,*,#1931,.F.);
#1981 = ORIENTED_EDGE('',*,*,#1982,.T.);
#1982 = EDGE_CURVE('',#1932,#1884,#1983,.T.);
#1983 = SURFACE_CURVE('',#1984,(#1989,#1996),.PCURVE_S1.);
#1984 = CIRCLE('',#1985,4.5);
#1985 = AXIS2_PLACEMENT_3D('',#1986,#1987,#1988);
#1986 = CARTESIAN_POINT('',(0.,29.5,120.));
#1987 = DIRECTION('',(0.,0.,1.));
#1988 = DIRECTION('',(1.,0.,-0.));
#1989 = PCURVE('',#1529,#1990);
#1990 = DEFINITIONAL_REPRESENTATION('',(#1991),#1995);
#1991 = LINE('',#1992,#1993);
#1992 = CARTESIAN_POINT('',(0.,2.));
#1993 = VECTOR('',#1994,1.);
#1994 = DIRECTION('',(1.,0.));
#1995 = ( GEOMETRIC_REPRESENTATION_CONTEXT(2) 
PARAMETRIC_REPRESENTATION_CONTEXT() REPRESENTATION_CONTEXT('2D SPACE',''
  ) );
#1996 = PCURVE('',#1798,#1997);
#1997 = DEFINITIONAL_REPRESENTATION('',(#1998),#2002);
#1998 = CIRCLE('',#1999,4.5);
#1999 = AXIS2_PLACEMENT_2D('',#2000,#2001);
#2000 = CARTESIAN_POINT('',(0.,29.5));
#2001 = DIRECTION('',(1.,0.));
#2002 = ( GEOMETRIC_REPRESENTATION_CONTEXT(2) 
PARAMETRIC_REPRESENTATION_CONTEXT() REPRESENTATION_CONTEXT('2D SPACE',''
  ) );
#2003 = ORIENTED_EDGE('',*,*,#1907,.T.);
#2004 = ADVANCED_FACE('',(#2005),#1708,.F.);
#2005 = FACE_BOUND('',#2006,.F.);
#2006 = EDGE_LOOP('',(#2007,#2008,#2031,#2053));
#2007 = ORIENTED_EDGE('',*,*,#1691,.F.);
#2008 = ORIENTED_EDGE('',*,*,#2009,.F.);
#2009 = EDGE_CURVE('',#2010,#1692,#2012,.T.);
#2010 = VERTEX_POINT('',#2011);
#2011 = CARTESIAN_POINT('',(1.7,29.5,120.));
#2012 = SEAM_CURVE('',#2013,(#2017,#2024),.PCURVE_S1.);
#2013 = LINE('',#2014,#2015);
#2014 = CARTESIAN_POINT('',(1.7,29.5,119.));
#2015 = VECTOR('',#2016,1.);
#2016 = DIRECTION('',(0.,0.,1.));
#2017 = PCURVE('',#1708,#2018);
#2018 = DEFINITIONAL_REPRESENTATION('',(#2019),#2023);
#2019 = LINE('',#2020,#2021);
#2020 = CARTESIAN_POINT('',(6.28318530718,-0.));
#2021 = VECTOR('',#2022,1.);
#2022 = DIRECTION('',(0.,1.));
#2023 = ( GEOMETRIC_REPRESENTATION_CONTEXT(2) 
PARAMETRIC_REPRESENTATION_CONTEXT() REPRESENTATION_CONTEXT('2D SPACE',''
  ) );
#2024 = PCURVE('',#1708,#2025);
#2025 = DEFINITIONAL_REPRESENTATION('',(#2026),#2030);
#2026 = LINE('',#2027,#2028);
#2027 = CARTESIAN_POINT('',(0.,-0.));
#2028 = VECTOR('',#2029,1.);
#2029 = DIRECTION('',(0.,1.));
#2030 = ( GEOMETRIC_REPRESENTATION_CONTEXT(2) 
PARAMETRIC_REPRESENTATION_CONTEXT() REPRESENTATION_CONTEXT('2D SPACE',''
  ) );
#2031 = ORIENTED_EDGE('',*,*,#2032,.T.);
#2032 = EDGE_CURVE('',#2010,#2010,#2033,.T.);
#2033 = SURFACE_CURVE('',#2034,(#2039,#2046),.PCURVE_S1.);
#2034 = CIRCLE('',#2035,1.7);
#2035 = AXIS2_PLACEMENT_3D('',#2036,#2037,#2038);
#2036 = CARTESIAN_POINT('',(0.,29.5,120.));
#2037 = DIRECTION('',(0.,0.,1.));
#2038 = DIRECTION('',(1.,0.,-0.));
#2039 = PCURVE('',#1708,#2040);
#2040 = DEFINITIONAL_REPRESENTATION('',(#2041),#2045);
#2041 = LINE('',#2042,#2043);
#2042 = CARTESIAN_POINT('',(0.,1.));
#2043 = VECTOR('',#2044,1.);
#2044 = DIRECTION('',(1.,0.));
#2045 = ( GEOMETRIC_REPRESENTATION_CONTEXT(2) 
PARAMETRIC_REPRESENTATION_CONTEXT() REPRESENTATION_CONTEXT('2D SPACE',''
  ) );
#2046 = PCURVE('',#1798,#2047);
#2047 = DEFINITIONAL_REPRESENTATION('',(#2048),#2052);
#2048 = CIRCLE('',#2049,1.7);
#2049 = AXIS2_PLACEMENT_2D('',#2050,#2051);
#2050 = CARTESIAN_POINT('',(0.,29.5));
#2051 = DIRECTION('',(1.,0.));
#2052 = ( GEOMETRIC_REPRESENTATION_CONTEXT(2) 
PARAMETRIC_REPRESENTATION_CONTEXT() REPRESENTATION_CONTEXT('2D SPACE',''
  ) );
#2053 = ORIENTED_EDGE('',*,*,#2009,.T.);
#2054 = ADVANCED_FACE('',(#2055),#1743,.F.);
#2055 = FACE_BOUND('',#2056,.F.);
#2056 = EDGE_LOOP('',(#2057,#2058,#2081,#2103));
#2057 = ORIENTED_EDGE('',*,*,#1726,.F.);
#2058 = ORIENTED_EDGE('',*,*,#2059,.F.);
#2059 = EDGE_CURVE('',#2060,#1727,#2062,.T.);
#2060 = VERTEX_POINT('',#2061);
#2061 = CARTESIAN_POINT('',(1.7,-29.5,120.));
#2062 = SEAM_CURVE('',#2063,(#2067,#2074),.PCURVE_S1.);
#2063 = LINE('',#2064,#2065);
#2064 = CARTESIAN_POINT('',(1.7,-29.5,119.));
#2065 = VECTOR('',#2066,1.);
#2066 = DIRECTION('',(0.,0.,1.));
#2067 = PCURVE('',#1743,#2068);
#2068 = DEFINITIONAL_REPRESENTATION('',(#2069),#2073);
#2069 = LINE('',#2070,#2071);
#2070 = CARTESIAN_POINT('',(6.28318530718,-0.));
#2071 = VECTOR('',#2072,1.);
#2072 = DIRECTION('',(0.,1.));
#2073 = ( GEOMETRIC_REPRESENTATION_CONTEXT(2) 
PARAMETRIC_REPRESENTATION_CONTEXT() REPRESENTATION_CONTEXT('2D SPACE',''
  ) );
#2074 = PCURVE('',#1743,#2075);
#2075 = DEFINITIONAL_REPRESENTATION('',(#2076),#2080);
#2076 = LINE('',#2077,#2078);
#2077 = CARTESIAN_POINT('',(0.,-0.));
#2078 = VECTOR('',#2079,1.);
#2079 = DIRECTION('',(0.,1.));
#2080 = ( GEOMETRIC_REPRESENTATION_CONTEXT(2) 
PARAMETRIC_REPRESENTATION_CONTEXT() REPRESENTATION_CONTEXT('2D SPACE',''
  ) );
#2081 = ORIENTED_EDGE('',*,*,#2082,.T.);
#2082 = EDGE_CURVE('',#2060,#2060,#2083,.T.);
#2083 = SURFACE_CURVE('',#2084,(#2089,#2096),.PCURVE_S1.);
#2084 = CIRCLE('',#2085,1.7);
#2085 = AXIS2_PLACEMENT_3D('',#2086,#2087,#2088);
#2086 = CARTESIAN_POINT('',(0.,-29.5,120.));
#2087 = DIRECTION('',(0.,0.,1.));
#2088 = DIRECTION('',(1.,0.,-0.));
#2089 = PCURVE('',#1743,#2090);
#2090 = DEFINITIONAL_REPRESENTATION('',(#2091),#2095);
#2091 = LINE('',#2092,#2093);
#2092 = CARTESIAN_POINT('',(0.,1.));
#2093 = VECTOR('',#2094,1.);
#2094 = DIRECTION('',(1.,0.));
#2095 = ( GEOMETRIC_REPRESENTATION_CONTEXT(2) 
PARAMETRIC_REPRESENTATION_CONTEXT() REPRESENTATION_CONTEXT('2D SPACE',''
  ) );
#2096 = PCURVE('',#1798,#2097);
#2097 = DEFINITIONAL_REPRESENTATION('',(#2098),#2102);
#2098 = CIRCLE('',#2099,1.7);
#2099 = AXIS2_PLACEMENT_2D('',#2100,#2101);
#2100 = CARTESIAN_POINT('',(0.,-29.5));
#2101 = DIRECTION('',(1.,0.));
#2102 = ( GEOMETRIC_REPRESENTATION_CONTEXT(2) 
PARAMETRIC_REPRESENTATION_CONTEXT() REPRESENTATION_CONTEXT('2D SPACE',''
  ) );
#2103 = ORIENTED_EDGE('',*,*,#2059,.T.);
#2104 = ADVANCED_FACE('',(#2105,#2108,#2111,#2117),#1798,.F.);
#2105 = FACE_BOUND('',#2106,.F.);
#2106 = EDGE_LOOP('',(#2107));
#2107 = ORIENTED_EDGE('',*,*,#1783,.T.);
#2108 = FACE_BOUND('',#2109,.F.);
#2109 = EDGE_LOOP('',(#2110));
#2110 = ORIENTED_EDGE('',*,*,#2082,.F.);
#2111 = FACE_BOUND('',#2112,.F.);
#2112 = EDGE_LOOP('',(#2113,#2114,#2115,#2116));
#2113 = ORIENTED_EDGE('',*,*,#1883,.F.);
#2114 = ORIENTED_EDGE('',*,*,#1834,.T.);
#2115 = ORIENTED_EDGE('',*,*,#1952,.F.);
#2116 = ORIENTED_EDGE('',*,*,#1982,.T.);
#2117 = FACE_BOUND('',#2118,.F.);
#2118 = EDGE_LOOP('',(#2119));
#2119 = ORIENTED_EDGE('',*,*,#2032,.F.);
#2120 = ( GEOMETRIC_REPRESENTATION_CONTEXT(3) 
GLOBAL_UNCERTAINTY_ASSIGNED_CONTEXT((#2124)) 
GLOBAL_UNIT_ASSIGNED_CONTEXT((#2121,#2122,#2123)) REPRESENTATION_CONTEXT
('Context #1','3D Context with UNIT and UNCERTAINTY') );
#2121 = ( LENGTH_UNIT() NAMED_UNIT(*) SI_UNIT(.MILLI.,.METRE.) );
#2122 = ( NAMED_UNIT(*) PLANE_ANGLE_UNIT() SI_UNIT($,.RADIAN.) );
#2123 = ( NAMED_UNIT(*) SI_UNIT($,.STERADIAN.) SOLID_ANGLE_UNIT() );
#2124 = UNCERTAINTY_MEASURE_WITH_UNIT(LENGTH_MEASURE(1.E-07),#2121,
  'distance_accuracy_value','confusion accuracy');
#2125 = PRODUCT_RELATED_PRODUCT_CATEGORY('part',$,(#7));
ENDSEC;
END-ISO-10303-21;
