ISO-10303-21;
HEADER;
FILE_DESCRIPTION(('Open CASCADE Model'),'2;1');
FILE_NAME('Open CASCADE Shape Model','2026-10-01T15:31:22',('Author'),(
    'Open CASCADE'),'Open CASCADE STEP processor 8.0','build123d',
  'Unknown');
FILE_SCHEMA(('AUTOMOTIVE_DESIGN { 1 0 10303 214 1 1 1 1 }'));
ENDSEC;
DATA;
#1 = APPLICATION_PROTOCOL_DEFINITION('international standard',
  'automotive_design',2000,#2);
#2 = APPLICATION_CONTEXT(
  'core data for automotive mechanical design processes');
#3 = SHAPE_DEFINITION_REPRESENTATION(#4,#10);
#4 = PRODUCT_DEFINITION_SHAPE('','',#5);
#5 = PRODUCT_DEFINITION('design','',#6,#9);
#6 = PRODUCT_DEFINITION_FORMATION('','',#7);
#7 = PRODUCT('COMPOUND','COMPOUND','',(#8));
#8 = PRODUCT_CONTEXT('',#2,'mechanical');
#9 = PRODUCT_DEFINITION_CONTEXT('part definition',#2,'design');
#10 = ADVANCED_BREP_SHAPE_REPRESENTATION('',(#11,#15),#3689);
#11 = AXIS2_PLACEMENT_3D('',#12,#13,#14);
#12 = CARTESIAN_POINT('',(0.,0.,0.));
#13 = DIRECTION('',(0.,0.,1.));
#14 = DIRECTION('',(1.,0.,-0.));
#15 = MANIFOLD_SOLID_BREP('',#16);
#16 = CLOSED_SHELL('',(#17,#717,#909,#944,#999,#1054,#1109,#1182,#1538,
    #2050,#2082,#2137,#2192,#2222,#2257,#2292,#2476,#2525,#2675,#2702,
    #2729,#2778,#2928,#2955,#3010,#3045,#3075,#3125,#3180,#3254,#3328,
    #3355,#3404,#3453,#3480,#3529,#3578,#3605,#3612,#3667,#3671,#3678,
    #3685));
#17 = ADVANCED_FACE('',(#18,#105,#402),#31,.T.);
#18 = FACE_BOUND('',#19,.T.);
#19 = EDGE_LOOP('',(#20,#54,#77,#104));
#20 = ORIENTED_EDGE('',*,*,#21,.F.);
#21 = EDGE_CURVE('',#22,#22,#24,.T.);
#22 = VERTEX_POINT('',#23);
#23 = CARTESIAN_POINT('',(36.,-8.817456953861E-15,120.));
#24 = SURFACE_CURVE('',#25,(#30,#42),.PCURVE_S1.);
#25 = CIRCLE('',#26,36.);
#26 = AXIS2_PLACEMENT_3D('',#27,#28,#29);
#27 = CARTESIAN_POINT('',(0.,0.,120.));
#28 = DIRECTION('',(0.,0.,1.));
#29 = DIRECTION('',(1.,0.,-0.));
#30 = PCURVE('',#31,#36);
#31 = CYLINDRICAL_SURFACE('',#32,36.);
#32 = AXIS2_PLACEMENT_3D('',#33,#34,#35);
#33 = CARTESIAN_POINT('',(0.,0.,40.));
#34 = DIRECTION('',(0.,0.,1.));
#35 = DIRECTION('',(1.,0.,-0.));
#36 = DEFINITIONAL_REPRESENTATION('',(#37),#41);
#37 = LINE('',#38,#39);
#38 = CARTESIAN_POINT('',(0.,80.));
#39 = VECTOR('',#40,1.);
#40 = DIRECTION('',(1.,0.));
#41 = ( GEOMETRIC_REPRESENTATION_CONTEXT(2) 
PARAMETRIC_REPRESENTATION_CONTEXT() REPRESENTATION_CONTEXT('2D SPACE',''
  ) );
#42 = PCURVE('',#43,#48);
#43 = PLANE('',#44);
#44 = AXIS2_PLACEMENT_3D('',#45,#46,#47);
#45 = CARTESIAN_POINT('',(0.,0.,120.));
#46 = DIRECTION('',(0.,0.,1.));
#47 = DIRECTION('',(1.,0.,-0.));
#48 = DEFINITIONAL_REPRESENTATION('',(#49),#53);
#49 = CIRCLE('',#50,36.);
#50 = AXIS2_PLACEMENT_2D('',#51,#52);
#51 = CARTESIAN_POINT('',(0.,0.));
#52 = DIRECTION('',(1.,0.));
#53 = ( GEOMETRIC_REPRESENTATION_CONTEXT(2) 
PARAMETRIC_REPRESENTATION_CONTEXT() REPRESENTATION_CONTEXT('2D SPACE',''
  ) );
#54 = ORIENTED_EDGE('',*,*,#55,.F.);
#55 = EDGE_CURVE('',#56,#22,#58,.T.);
#56 = VERTEX_POINT('',#57);
#57 = CARTESIAN_POINT('',(36.,-8.817456953861E-15,40.));
#58 = SEAM_CURVE('',#59,(#63,#70),.PCURVE_S1.);
#59 = LINE('',#60,#61);
#60 = CARTESIAN_POINT('',(36.,-8.817456953861E-15,40.));
#61 = VECTOR('',#62,1.);
#62 = DIRECTION('',(0.,0.,1.));
#63 = PCURVE('',#31,#64);
#64 = DEFINITIONAL_REPRESENTATION('',(#65),#69);
#65 = LINE('',#66,#67);
#66 = CARTESIAN_POINT('',(6.28318530718,-0.));
#67 = VECTOR('',#68,1.);
#68 = DIRECTION('',(0.,1.));
#69 = ( GEOMETRIC_REPRESENTATION_CONTEXT(2) 
PARAMETRIC_REPRESENTATION_CONTEXT() REPRESENTATION_CONTEXT('2D SPACE',''
  ) );
#70 = PCURVE('',#31,#71);
#71 = DEFINITIONAL_REPRESENTATION('',(#72),#76);
#72 = LINE('',#73,#74);
#73 = CARTESIAN_POINT('',(0.,-0.));
#74 = VECTOR('',#75,1.);
#75 = DIRECTION('',(0.,1.));
#76 = ( GEOMETRIC_REPRESENTATION_CONTEXT(2) 
PARAMETRIC_REPRESENTATION_CONTEXT() REPRESENTATION_CONTEXT('2D SPACE',''
  ) );
#77 = ORIENTED_EDGE('',*,*,#78,.T.);
#78 = EDGE_CURVE('',#56,#56,#79,.T.);
#79 = SURFACE_CURVE('',#80,(#85,#92),.PCURVE_S1.);
#80 = CIRCLE('',#81,36.);
#81 = AXIS2_PLACEMENT_3D('',#82,#83,#84);
#82 = CARTESIAN_POINT('',(0.,0.,40.));
#83 = DIRECTION('',(0.,0.,1.));
#84 = DIRECTION('',(1.,0.,-0.));
#85 = PCURVE('',#31,#86);
#86 = DEFINITIONAL_REPRESENTATION('',(#87),#91);
#87 = LINE('',#88,#89);
#88 = CARTESIAN_POINT('',(0.,0.));
#89 = VECTOR('',#90,1.);
#90 = DIRECTION('',(1.,0.));
#91 = ( GEOMETRIC_REPRESENTATION_CONTEXT(2) 
PARAMETRIC_REPRESENTATION_CONTEXT() REPRESENTATION_CONTEXT('2D SPACE',''
  ) );
#92 = PCURVE('',#93,#98);
#93 = PLANE('',#94);
#94 = AXIS2_PLACEMENT_3D('',#95,#96,#97);
#95 = CARTESIAN_POINT('',(0.,0.,40.));
#96 = DIRECTION('',(0.,0.,1.));
#97 = DIRECTION('',(1.,0.,-0.));
#98 = DEFINITIONAL_REPRESENTATION('',(#99),#103);
#99 = CIRCLE('',#100,36.);
#100 = AXIS2_PLACEMENT_2D('',#101,#102);
#101 = CARTESIAN_POINT('',(0.,0.));
#102 = DIRECTION('',(1.,0.));
#103 = ( GEOMETRIC_REPRESENTATION_CONTEXT(2) 
PARAMETRIC_REPRESENTATION_CONTEXT() REPRESENTATION_CONTEXT('2D SPACE',''
  ) );
#104 = ORIENTED_EDGE('',*,*,#55,.T.);
#105 = FACE_BOUND('',#106,.T.);
#106 = EDGE_LOOP('',(#107));
#107 = ORIENTED_EDGE('',*,*,#108,.F.);
#108 = EDGE_CURVE('',#109,#109,#111,.T.);
#109 = VERTEX_POINT('',#110);
#110 = CARTESIAN_POINT('',(25.455844122716,25.455844122716,76.));
#111 = SURFACE_CURVE('',#112,(#205,#301),.PCURVE_S1.);
#112 = B_SPLINE_CURVE_WITH_KNOTS('',7,(#113,#114,#115,#116,#117,#118,
    #119,#120,#121,#122,#123,#124,#125,#126,#127,#128,#129,#130,#131,
    #132,#133,#134,#135,#136,#137,#138,#139,#140,#141,#142,#143,#144,
    #145,#146,#147,#148,#149,#150,#151,#152,#153,#154,#155,#156,#157,
    #158,#159,#160,#161,#162,#163,#164,#165,#166,#167,#168,#169,#170,
    #171,#172,#173,#174,#175,#176,#177,#178,#179,#180,#181,#182,#183,
    #184,#185,#186,#187,#188,#189,#190,#191,#192,#193,#194,#195,#196,
    #197,#198,#199,#200,#201,#202,#203,#204),.UNSPECIFIED.,.T.,.F.,(8,6,
    6,6,6,6,6,6,6,6,6,6,6,6,6,8),(0.,4.710000726722E-02,
    7.71185786768E-02,0.117811095973,0.175723565845,0.249365451394,
    0.383133688465,0.47780085419,0.573221949364,0.676855249015,
    0.748723971385,0.822930083086,0.881286264159,0.922290557586,
    0.95253912396,1.),.UNSPECIFIED.);
#113 = CARTESIAN_POINT('',(25.455844122716,25.455844122716,76.));
#114 = CARTESIAN_POINT('',(25.237021451749,25.674666793682,76.));
#115 = CARTESIAN_POINT('',(25.016425619486,25.890873608853,
    76.018621385219));
#116 = CARTESIAN_POINT('',(24.795674099116,26.102877158792,
    76.055734657412));
#117 = CARTESIAN_POINT('',(24.576458460105,26.30920747965,
    76.110757940182));
#118 = CARTESIAN_POINT('',(24.360498335999,26.508549140007,
    76.182666016618));
#119 = CARTESIAN_POINT('',(24.149483475624,26.699764693235,
    76.269996335272));
#120 = CARTESIAN_POINT('',(23.81468148984,26.997988907565,
    76.435131008674));
#121 = CARTESIAN_POINT('',(23.686843817866,27.110538109734,
    76.504987830936));
#122 = CARTESIAN_POINT('',(23.561679798954,27.219498593803,
    76.580073383638));
#123 = CARTESIAN_POINT('',(23.439364706104,27.32483250823,
    76.660036186016));
#124 = CARTESIAN_POINT('',(23.320059028546,27.426516485948,
    76.744522152897));
#125 = CARTESIAN_POINT('',(23.203907352179,27.524540472293,
    76.83317440342));
#126 = CARTESIAN_POINT('',(22.938032990461,27.74682714305,
    77.050968010889));
#127 = CARTESIAN_POINT('',(22.791022845204,27.868056065711,
    77.18332709214));
#128 = CARTESIAN_POINT('',(22.650130728749,27.98275984359,
    77.321983282446));
#129 = CARTESIAN_POINT('',(22.51544296942,28.091116307499,77.46627461446
    ));
#130 = CARTESIAN_POINT('',(22.387013378204,28.193309605762,
    77.615598459978));
#131 = CARTESIAN_POINT('',(22.264868327595,28.289525213587,
    77.769405805334));
#132 = CARTESIAN_POINT('',(21.984128054565,28.508627810199,
    78.151757512584));
#133 = CARTESIAN_POINT('',(21.83191896008,28.625620390398,
    78.384470234556));
#134 = CARTESIAN_POINT('',(21.692319802514,28.731505309667,
    78.624029251294));
#135 = CARTESIAN_POINT('',(21.565217466488,28.826815274509,
    78.86934740982));
#136 = CARTESIAN_POINT('',(21.450473143512,28.912025411334,
    79.119521146966));
#137 = CARTESIAN_POINT('',(21.347945009806,28.987545606508,
    79.37379679074));
#138 = CARTESIAN_POINT('',(21.142514288087,29.137851552949,
    79.959280866551));
#139 = CARTESIAN_POINT('',(21.047074419845,29.206866013132,
    80.292623379854));
#140 = CARTESIAN_POINT('',(20.970978031719,29.261421380699,
    80.63014289937));
#141 = CARTESIAN_POINT('',(20.914039619013,29.302010424565,
    80.970644401455));
#142 = CARTESIAN_POINT('',(20.876123329188,29.328962080272,
    81.313088238934));
#143 = CARTESIAN_POINT('',(20.857160108903,29.342441483142,
    81.656519810261));
#144 = CARTESIAN_POINT('',(20.857160108903,29.342441483142,
    82.623921279408));
#145 = CARTESIAN_POINT('',(20.919730204377,29.297965215915,
    83.246802568443));
#146 = CARTESIAN_POINT('',(21.044493815078,29.209282185206,
    83.86381717198));
#147 = CARTESIAN_POINT('',(21.232411642784,29.07443842772,
    84.469736722269));
#148 = CARTESIAN_POINT('',(21.485224016431,28.889719246235,
    85.057298603757));
#149 = CARTESIAN_POINT('',(21.804779757552,28.649484285309,
    85.616208623231));
#150 = CARTESIAN_POINT('',(22.465398856029,28.132307766898,
    86.49382544557));
#151 = CARTESIAN_POINT('',(22.776175522669,27.884035712947,
    86.839379859466));
#152 = CARTESIAN_POINT('',(23.122724005379,27.600205216859,
    87.156166839219));
#153 = CARTESIAN_POINT('',(23.501987061168,27.280066683618,
    87.433644440892));
#154 = CARTESIAN_POINT('',(23.909346627227,26.923804397703,
    87.661399689404));
#155 = CARTESIAN_POINT('',(24.338863644909,26.532913929075,
    87.829068725505));
#156 = CARTESIAN_POINT('',(25.231668119335,25.685496659966,
    88.023964358119));
#157 = CARTESIAN_POINT('',(25.682919073617,25.240124392067,
    88.047380706011));
#158 = CARTESIAN_POINT('',(26.123907063205,24.78585365181,
    87.991667578859));
#159 = CARTESIAN_POINT('',(26.542122903742,24.33569558482,
    87.858948969937));
#160 = CARTESIAN_POINT('',(26.927600430466,23.903721441361,
    87.657784153916));
#161 = CARTESIAN_POINT('',(27.273510693906,23.502699896418,
    87.403015063596));
#162 = CARTESIAN_POINT('',(27.904339527881,22.75101869937,
    86.803951909937));
#163 = CARTESIAN_POINT('',(28.189237646128,22.398381870783,
    86.446442353932));
#164 = CARTESIAN_POINT('',(28.433817671718,22.085974034556,
    86.055187478145));
#165 = CARTESIAN_POINT('',(28.641563940684,21.813917600264,
    85.638890469467));
#166 = CARTESIAN_POINT('',(28.815580138226,21.581552132985,
    85.203996416607));
#167 = CARTESIAN_POINT('',(28.958419058984,21.388011044572,
    84.755260720764));
#168 = CARTESIAN_POINT('',(29.150675919606,21.124770111466,
    83.977677348276));
#169 = CARTESIAN_POINT('',(29.215316622354,21.035284005291,
    83.654208765756));
#170 = CARTESIAN_POINT('',(29.266452473041,20.963919782763,
    83.326959729955));
#171 = CARTESIAN_POINT('',(29.304516556784,20.910513932225,
    82.997003276351));
#172 = CARTESIAN_POINT('',(29.32979788054,20.874947497881,
    82.665280697665));
#173 = CARTESIAN_POINT('',(29.342441483142,20.857160108903,
    82.332661041422));
#174 = CARTESIAN_POINT('',(29.342441483142,20.857160108903,
    81.656519810222));
#175 = CARTESIAN_POINT('',(29.328962080269,20.876123329193,
    81.313088238974));
#176 = CARTESIAN_POINT('',(29.302010424573,20.914039619003,
    80.970644401486));
#177 = CARTESIAN_POINT('',(29.261421380699,20.970978031719,
    80.630142899338));
#178 = CARTESIAN_POINT('',(29.206866013119,21.047074419862,
    80.292623379817));
#179 = CARTESIAN_POINT('',(29.137851552958,21.142514288074,
    79.959280866589));
#180 = CARTESIAN_POINT('',(28.987545606508,21.347945009806,
    79.37379679074));
#181 = CARTESIAN_POINT('',(28.912025411334,21.450473143512,
    79.119521146965));
#182 = CARTESIAN_POINT('',(28.826815274509,21.565217466488,
    78.86934740982));
#183 = CARTESIAN_POINT('',(28.731505309667,21.692319802515,
    78.624029251294));
#184 = CARTESIAN_POINT('',(28.625620390398,21.83191896008,
    78.384470234556));
#185 = CARTESIAN_POINT('',(28.508627810199,21.984128054565,
    78.151757512584));
#186 = CARTESIAN_POINT('',(28.289525213585,22.264868327597,
    77.769405805331));
#187 = CARTESIAN_POINT('',(28.193309605762,22.387013378204,
    77.615598459978));
#188 = CARTESIAN_POINT('',(28.091116307501,22.515442969418,
    77.466274614462));
#189 = CARTESIAN_POINT('',(27.982759843592,22.650130728748,
    77.321983282447));
#190 = CARTESIAN_POINT('',(27.868056065711,22.791022845204,
    77.18332709214));
#191 = CARTESIAN_POINT('',(27.746827143048,22.938032990463,
    77.050968010887));
#192 = CARTESIAN_POINT('',(27.524540472293,23.203907352179,
    76.83317440342));
#193 = CARTESIAN_POINT('',(27.426516485947,23.320059028546,
    76.744522152897));
#194 = CARTESIAN_POINT('',(27.32483250823,23.439364706104,
    76.660036186016));
#195 = CARTESIAN_POINT('',(27.219498593803,23.561679798954,
    76.580073383638));
#196 = CARTESIAN_POINT('',(27.110538109734,23.686843817866,
    76.504987830936));
#197 = CARTESIAN_POINT('',(26.997988907565,23.814681489839,
    76.435131008674));
#198 = CARTESIAN_POINT('',(26.699764693168,24.149483475698,
    76.269996335235));
#199 = CARTESIAN_POINT('',(26.508549139999,24.360498336006,
    76.182666016627));
#200 = CARTESIAN_POINT('',(26.309207479706,24.576458460044,
    76.110757940207));
#201 = CARTESIAN_POINT('',(26.10287715885,24.795674099057,
    76.055734657417));
#202 = CARTESIAN_POINT('',(25.890873608846,25.016425619496,
    76.018621385206));
#203 = CARTESIAN_POINT('',(25.674666793608,25.237021451824,76.));
#204 = CARTESIAN_POINT('',(25.455844122716,25.455844122716,76.));
#205 = PCURVE('',#31,#206);
#206 = DEFINITIONAL_REPRESENTATION('',(#207),#300);
#207 = B_SPLINE_CURVE_WITH_KNOTS('',7,(#208,#209,#210,#211,#212,#213,
    #214,#215,#216,#217,#218,#219,#220,#221,#222,#223,#224,#225,#226,
    #227,#228,#229,#230,#231,#232,#233,#234,#235,#236,#237,#238,#239,
    #240,#241,#242,#243,#244,#245,#246,#247,#248,#249,#250,#251,#252,
    #253,#254,#255,#256,#257,#258,#259,#260,#261,#262,#263,#264,#265,
    #266,#267,#268,#269,#270,#271,#272,#273,#274,#275,#276,#277,#278,
    #279,#280,#281,#282,#283,#284,#285,#286,#287,#288,#289,#290,#291,
    #292,#293,#294,#295,#296,#297,#298,#299),.UNSPECIFIED.,.T.,.F.,(8,6,
    6,6,6,6,6,6,6,6,6,6,6,6,6,8),(0.,4.710000726722E-02,
    7.71185786768E-02,0.117811095973,0.175723565845,0.249365451394,
    0.383133688465,0.47780085419,0.573221949364,0.676855249015,
    0.748723971385,0.822930083086,0.881286264159,0.922290557586,
    0.95253912396,1.),.UNSPECIFIED.);
#208 = CARTESIAN_POINT('',(0.785398163397,36.));
#209 = CARTESIAN_POINT('',(0.79399432976,36.));
#210 = CARTESIAN_POINT('',(0.802573944665,36.018621385219));
#211 = CARTESIAN_POINT('',(0.811075092232,36.055734657412));
#212 = CARTESIAN_POINT('',(0.819436702415,36.110757940182));
#213 = CARTESIAN_POINT('',(0.827599962581,36.182666016618));
#214 = CARTESIAN_POINT('',(0.835509792287,36.269996335272));
#215 = CARTESIAN_POINT('',(0.847964340879,36.435131008674));
#216 = CARTESIAN_POINT('',(0.852695444995,36.504987830936));
#217 = CARTESIAN_POINT('',(0.857304972819,36.580073383638));
#218 = CARTESIAN_POINT('',(0.861788734257,36.660036186016));
#219 = CARTESIAN_POINT('',(0.866143074486,36.744522152897));
#220 = CARTESIAN_POINT('',(0.870364878538,36.83317440342));
#221 = CARTESIAN_POINT('',(0.879991413217,37.050968010889));
#222 = CARTESIAN_POINT('',(0.885284284641,37.18332709214));
#223 = CARTESIAN_POINT('',(0.890330792921,37.321983282446));
#224 = CARTESIAN_POINT('',(0.895132434039,37.46627461446));
#225 = CARTESIAN_POINT('',(0.899691423141,37.615598459978));
#226 = CARTESIAN_POINT('',(0.904010520491,37.769405805334));
#227 = CARTESIAN_POINT('',(0.913902726892,38.151757512584));
#228 = CARTESIAN_POINT('',(0.919235257429,38.384470234556));
#229 = CARTESIAN_POINT('',(0.924102132885,38.624029251294));
#230 = CARTESIAN_POINT('',(0.928515032515,38.86934740982));
#231 = CARTESIAN_POINT('',(0.93248507435,39.119521146966));
#232 = CARTESIAN_POINT('',(0.936022258563,39.37379679074));
#233 = CARTESIAN_POINT('',(0.943092980395,39.959280866551));
#234 = CARTESIAN_POINT('',(0.946364553325,40.292623379854));
#235 = CARTESIAN_POINT('',(0.948965420524,40.63014289937));
#236 = CARTESIAN_POINT('',(0.950907770318,40.970644401455));
#237 = CARTESIAN_POINT('',(0.95219996983,41.313088238934));
#238 = CARTESIAN_POINT('',(0.952846242617,41.656519810261));
#239 = CARTESIAN_POINT('',(0.952846242617,42.623921279408));
#240 = CARTESIAN_POINT('',(0.950713831015,43.246802568443));
#241 = CARTESIAN_POINT('',(0.946461855981,43.86381717198));
#242 = CARTESIAN_POINT('',(0.940037179512,44.469736722269));
#243 = CARTESIAN_POINT('',(0.931340444807,45.057298603757));
#244 = CARTESIAN_POINT('',(0.920237407262,45.616208623231));
#245 = CARTESIAN_POINT('',(0.896932379052,46.49382544557));
#246 = CARTESIAN_POINT('',(0.885883765254,46.839379859466));
#247 = CARTESIAN_POINT('',(0.873442288659,47.156166839219));
#248 = CARTESIAN_POINT('',(0.859658894905,47.433644440892));
#249 = CARTESIAN_POINT('',(0.844630729607,47.661399689404));
#250 = CARTESIAN_POINT('',(0.828502124548,47.829068725505));
#251 = CARTESIAN_POINT('',(0.794309317728,48.023964358119));
#252 = CARTESIAN_POINT('',(0.776700938793,48.047380706011));
#253 = CARTESIAN_POINT('',(0.759120979268,47.991667578858));
#254 = CARTESIAN_POINT('',(0.74205979791,47.858948969937));
#255 = CARTESIAN_POINT('',(0.725981289229,47.657784153916));
#256 = CARTESIAN_POINT('',(0.711271642701,47.403015063596));
#257 = CARTESIAN_POINT('',(0.684013027008,46.803951909937));
#258 = CARTESIAN_POINT('',(0.671422366005,46.446442353932));
#259 = CARTESIAN_POINT('',(0.660402958259,46.055187478145));
#260 = CARTESIAN_POINT('',(0.650895305926,45.638890469467));
#261 = CARTESIAN_POINT('',(0.642831693505,45.203996416607));
#262 = CARTESIAN_POINT('',(0.636150015289,44.755260720764));
#263 = CARTESIAN_POINT('',(0.627095205788,43.977677348276));
#264 = CARTESIAN_POINT('',(0.624028829513,43.654208765756));
#265 = CARTESIAN_POINT('',(0.62159013416,43.326959729955));
#266 = CARTESIAN_POINT('',(0.619768399911,42.997003276351));
#267 = CARTESIAN_POINT('',(0.618556284244,42.665280697665));
#268 = CARTESIAN_POINT('',(0.617950084178,42.332661041422));
#269 = CARTESIAN_POINT('',(0.617950084178,41.656519810222));
#270 = CARTESIAN_POINT('',(0.618596356965,41.313088238974));
#271 = CARTESIAN_POINT('',(0.619888556476,40.970644401486));
#272 = CARTESIAN_POINT('',(0.621830906271,40.630142899338));
#273 = CARTESIAN_POINT('',(0.62443177347,40.292623379817));
#274 = CARTESIAN_POINT('',(0.627703346399,39.959280866589));
#275 = CARTESIAN_POINT('',(0.634774068232,39.37379679074));
#276 = CARTESIAN_POINT('',(0.638311252445,39.119521146965));
#277 = CARTESIAN_POINT('',(0.64228129428,38.86934740982));
#278 = CARTESIAN_POINT('',(0.64669419391,38.624029251294));
#279 = CARTESIAN_POINT('',(0.651561069366,38.384470234556));
#280 = CARTESIAN_POINT('',(0.656893599903,38.151757512584));
#281 = CARTESIAN_POINT('',(0.666785806304,37.769405805331));
#282 = CARTESIAN_POINT('',(0.671104903653,37.615598459978));
#283 = CARTESIAN_POINT('',(0.675663892755,37.466274614462));
#284 = CARTESIAN_POINT('',(0.680465533873,37.321983282447));
#285 = CARTESIAN_POINT('',(0.685512042154,37.18332709214));
#286 = CARTESIAN_POINT('',(0.690804913578,37.050968010887));
#287 = CARTESIAN_POINT('',(0.700431448257,36.83317440342));
#288 = CARTESIAN_POINT('',(0.704653252309,36.744522152897));
#289 = CARTESIAN_POINT('',(0.709007592538,36.660036186016));
#290 = CARTESIAN_POINT('',(0.713491353976,36.580073383638));
#291 = CARTESIAN_POINT('',(0.7181008818,36.504987830936));
#292 = CARTESIAN_POINT('',(0.722831985916,36.435131008674));
#293 = CARTESIAN_POINT('',(0.735286534511,36.269996335235));
#294 = CARTESIAN_POINT('',(0.743196364214,36.182666016627));
#295 = CARTESIAN_POINT('',(0.751359624377,36.110757940207));
#296 = CARTESIAN_POINT('',(0.75972123456,36.055734657417));
#297 = CARTESIAN_POINT('',(0.76822238213,36.018621385206));
#298 = CARTESIAN_POINT('',(0.776801997038,36.));
#299 = CARTESIAN_POINT('',(0.785398163397,36.));
#300 = ( GEOMETRIC_REPRESENTATION_CONTEXT(2) 
PARAMETRIC_REPRESENTATION_CONTEXT() REPRESENTATION_CONTEXT('2D SPACE',''
  ) );
#301 = PCURVE('',#302,#307);
#302 = CYLINDRICAL_SURFACE('',#303,6.);
#303 = AXIS2_PLACEMENT_3D('',#304,#305,#306);
#304 = CARTESIAN_POINT('',(23.334523779156,23.334523779156,82.));
#305 = DIRECTION('',(0.707106781187,0.707106781187,2.22044604925E-16));
#306 = DIRECTION('',(1.570092458684E-16,1.570092458684E-16,-1.));
#307 = DEFINITIONAL_REPRESENTATION('',(#308),#401);
#308 = B_SPLINE_CURVE_WITH_KNOTS('',7,(#309,#310,#311,#312,#313,#314,
    #315,#316,#317,#318,#319,#320,#321,#322,#323,#324,#325,#326,#327,
    #328,#329,#330,#331,#332,#333,#334,#335,#336,#337,#338,#339,#340,
    #341,#342,#343,#344,#345,#346,#347,#348,#349,#350,#351,#352,#353,
    #354,#355,#356,#357,#358,#359,#360,#361,#362,#363,#364,#365,#366,
    #367,#368,#369,#370,#371,#372,#373,#374,#375,#376,#377,#378,#379,
    #380,#381,#382,#383,#384,#385,#386,#387,#388,#389,#390,#391,#392,
    #393,#394,#395,#396,#397,#398,#399,#400),.UNSPECIFIED.,.F.,.F.,(8,6,
    6,6,6,6,6,6,6,6,6,6,6,6,6,8),(0.,4.710000726722E-02,
    7.71185786768E-02,0.117811095973,0.175723565845,0.249365451394,
    0.383133688465,0.47780085419,0.573221949364,0.676855249015,
    0.748723971385,0.822930083086,0.881286264159,0.922290557586,
    0.95253912396,1.),.UNSPECIFIED.);
#309 = CARTESIAN_POINT('',(0.,3.));
#310 = CARTESIAN_POINT('',(5.157699817263E-02,3.));
#311 = CARTESIAN_POINT('',(0.103054679637,2.996896496251));
#312 = CARTESIAN_POINT('',(0.154279472945,2.990710747038));
#313 = CARTESIAN_POINT('',(0.20509892265,2.981599451194));
#314 = CARTESIAN_POINT('',(0.25535276399,2.969848422785));
#315 = CARTESIAN_POINT('',(0.304863884642,2.955848198437));
#316 = CARTESIAN_POINT('',(0.384381622946,2.929983808202));
#317 = CARTESIAN_POINT('',(0.414990236762,2.919173227529));
#318 = CARTESIAN_POINT('',(0.44525647922,2.907715598162));
#319 = CARTESIAN_POINT('',(0.475180139019,2.895708091747));
#320 = CARTESIAN_POINT('',(0.504759343958,2.883247668293));
#321 = CARTESIAN_POINT('',(0.533990575571,2.870429455752));
#322 = CARTESIAN_POINT('',(0.602015214136,2.839608303897));
#323 = CARTESIAN_POINT('',(0.640522098485,2.821378226573));
#324 = CARTESIAN_POINT('',(0.678426720265,2.802860274778));
#325 = CARTESIAN_POINT('',(0.715763148504,2.784241237228));
#326 = CARTESIAN_POINT('',(0.752562796169,2.765689376568));
#327 = CARTESIAN_POINT('',(0.788855078538,2.747354491743));
#328 = CARTESIAN_POINT('',(0.875636136892,2.703770072772));
#329 = CARTESIAN_POINT('',(0.925652815485,2.67886823671));
#330 = CARTESIAN_POINT('',(0.974825691333,2.655028670188));
#331 = CARTESIAN_POINT('',(1.023254416349,2.632548068934));
#332 = CARTESIAN_POINT('',(1.071033284241,2.611664245629));
#333 = CARTESIAN_POINT('',(1.118253804387,2.592566749148));
#334 = CARTESIAN_POINT('',(1.224459303769,2.553587646737));
#335 = CARTESIAN_POINT('',(1.283155287048,2.534902061503));
#336 = CARTESIAN_POINT('',(1.341261407416,2.519670259792));
#337 = CARTESIAN_POINT('',(1.39893073719,2.508109510217));
#338 = CARTESIAN_POINT('',(1.456310990103,2.50035634308));
#339 = CARTESIAN_POINT('',(1.513549628505,2.496478698598));
#340 = CARTESIAN_POINT('',(1.674783206696,2.496478698598));
#341 = CARTESIAN_POINT('',(1.778596524196,2.509272967249));
#342 = CARTESIAN_POINT('',(1.883269997673,2.534785790031));
#343 = CARTESIAN_POINT('',(1.989736195289,2.572314824988));
#344 = CARTESIAN_POINT('',(2.098950963442,2.620463982919));
#345 = CARTESIAN_POINT('',(2.211933265512,2.676552244484));
#346 = CARTESIAN_POINT('',(2.413580133991,2.777981465559));
#347 = CARTESIAN_POINT('',(2.500708690555,2.822178901047));
#348 = CARTESIAN_POINT('',(2.591096527415,2.86652721469));
#349 = CARTESIAN_POINT('',(2.684607816309,2.908334565518));
#350 = CARTESIAN_POINT('',(2.781235210824,2.944465798808));
#351 = CARTESIAN_POINT('',(2.881103031685,2.971778893578));
#352 = CARTESIAN_POINT('',(3.088746567445,3.003872494236));
#353 = CARTESIAN_POINT('',(3.193723963021,3.008029353243));
#354 = CARTESIAN_POINT('',(3.298330554267,2.998637030171));
#355 = CARTESIAN_POINT('',(3.401613970178,2.976050465242));
#356 = CARTESIAN_POINT('',(3.502526997042,2.943172392245));
#357 = CARTESIAN_POINT('',(3.599768539793,2.904202831374));
#358 = CARTESIAN_POINT('',(3.790857789957,2.818747305923));
#359 = CARTESIAN_POINT('',(3.886053387791,2.770848804493));
#360 = CARTESIAN_POINT('',(3.977701387385,2.722887299638));
#361 = CARTESIAN_POINT('',(4.066369678911,2.677413145637));
#362 = CARTESIAN_POINT('',(4.152591226901,2.636153981329));
#363 = CARTESIAN_POINT('',(4.236858008738,2.600302134759));
#364 = CARTESIAN_POINT('',(4.377133038314,2.550108815749));
#365 = CARTESIAN_POINT('',(4.433891806199,2.532540462505));
#366 = CARTESIAN_POINT('',(4.490115775605,2.518236843604));
#367 = CARTESIAN_POINT('',(4.545943476604,2.507388576267));
#368 = CARTESIAN_POINT('',(4.601508829981,2.500115904826));
#369 = CARTESIAN_POINT('',(4.656945473481,2.496478698598));
#370 = CARTESIAN_POINT('',(4.769635678681,2.496478698598));
#371 = CARTESIAN_POINT('',(4.82687431707,2.50035634308));
#372 = CARTESIAN_POINT('',(4.884254569984,2.508109510215));
#373 = CARTESIAN_POINT('',(4.941923899769,2.519670259792));
#374 = CARTESIAN_POINT('',(5.000030020139,2.534902061506));
#375 = CARTESIAN_POINT('',(5.058726003404,2.553587646734));
#376 = CARTESIAN_POINT('',(5.164931502793,2.592566749148));
#377 = CARTESIAN_POINT('',(5.212152022938,2.611664245629));
#378 = CARTESIAN_POINT('',(5.25993089083,2.632548068934));
#379 = CARTESIAN_POINT('',(5.308359615846,2.655028670188));
#380 = CARTESIAN_POINT('',(5.357532491695,2.67886823671));
#381 = CARTESIAN_POINT('',(5.407549170288,2.703770072772));
#382 = CARTESIAN_POINT('',(5.494330228642,2.747354491743));
#383 = CARTESIAN_POINT('',(5.530622511011,2.765689376568));
#384 = CARTESIAN_POINT('',(5.567422158675,2.784241237228));
#385 = CARTESIAN_POINT('',(5.604758586914,2.802860274778));
#386 = CARTESIAN_POINT('',(5.642663208695,2.821378226573));
#387 = CARTESIAN_POINT('',(5.681170093044,2.839608303897));
#388 = CARTESIAN_POINT('',(5.749194731608,2.870429455752));
#389 = CARTESIAN_POINT('',(5.778425963222,2.883247668293));
#390 = CARTESIAN_POINT('',(5.808005168161,2.895708091747));
#391 = CARTESIAN_POINT('',(5.83792882796,2.907715598162));
#392 = CARTESIAN_POINT('',(5.868195070417,2.919173227529));
#393 = CARTESIAN_POINT('',(5.898803684234,2.929983808202));
#394 = CARTESIAN_POINT('',(5.978321422555,2.955848198443));
#395 = CARTESIAN_POINT('',(6.027832543191,2.969848422784));
#396 = CARTESIAN_POINT('',(6.078086384516,2.98159945119));
#397 = CARTESIAN_POINT('',(6.128905834221,2.990710747037));
#398 = CARTESIAN_POINT('',(6.180130627545,2.996896496253));
#399 = CARTESIAN_POINT('',(6.231608309025,3.));
#400 = CARTESIAN_POINT('',(6.28318530718,3.));
#401 = ( GEOMETRIC_REPRESENTATION_CONTEXT(2) 
PARAMETRIC_REPRESENTATION_CONTEXT() REPRESENTATION_CONTEXT('2D SPACE',''
  ) );
#402 = FACE_BOUND('',#403,.T.);
#403 = EDGE_LOOP('',(#404));
#404 = ORIENTED_EDGE('',*,*,#405,.F.);
#405 = EDGE_CURVE('',#406,#406,#408,.T.);
#406 = VERTEX_POINT('',#407);
#407 = CARTESIAN_POINT('',(-31.17691453624,-18.,93.));
#408 = SURFACE_CURVE('',#409,(#508,#610),.PCURVE_S1.);
#409 = B_SPLINE_CURVE_WITH_KNOTS('',7,(#410,#411,#412,#413,#414,#415,
    #416,#417,#418,#419,#420,#421,#422,#423,#424,#425,#426,#427,#428,
    #429,#430,#431,#432,#433,#434,#435,#436,#437,#438,#439,#440,#441,
    #442,#443,#444,#445,#446,#447,#448,#449,#450,#451,#452,#453,#454,
    #455,#456,#457,#458,#459,#460,#461,#462,#463,#464,#465,#466,#467,
    #468,#469,#470,#471,#472,#473,#474,#475,#476,#477,#478,#479,#480,
    #481,#482,#483,#484,#485,#486,#487,#488,#489,#490,#491,#492,#493,
    #494,#495,#496,#497,#498,#499,#500,#501,#502,#503,#504,#505,#506,
    #507),.UNSPECIFIED.,.T.,.F.,(8,6,6,6,6,6,6,6,6,6,6,6,6,6,6,6,8),(0.,
    4.646355708308E-02,7.544531491676E-02,0.115560539267,0.147421500469,
    0.250466334966,0.355434336635,0.45580598179,0.529767631996,
    0.611660282592,0.672483199172,0.74996486319,0.82546005091,
    0.884645080232,0.924688926644,0.953619116572,1.),.UNSPECIFIED.);
#410 = CARTESIAN_POINT('',(-31.17691453624,-18.,93.));
#411 = CARTESIAN_POINT('',(-30.99928344684,-18.30766607182,93.));
#412 = CARTESIAN_POINT('',(-30.818450089,-18.61269838636,93.021035286651
    ));
#413 = CARTESIAN_POINT('',(-30.63571140206,-18.91290634914,
    93.062960513189));
#414 = CARTESIAN_POINT('',(-30.4524983542,-19.20621476356,
    93.125126075397));
#415 = CARTESIAN_POINT('',(-30.27033765237,-19.49071488719,
    93.20638751796));
#416 = CARTESIAN_POINT('',(-30.09079461441,-19.76470313391,
    93.305110608315));
#417 = CARTESIAN_POINT('',(-29.80599263752,-20.19013323999,
    93.490318199848));
#418 = CARTESIAN_POINT('',(-29.69806035959,-20.34910659302,
    93.567523479574));
#419 = CARTESIAN_POINT('',(-29.59179203665,-20.50352766146,
    93.650421878273));
#420 = CARTESIAN_POINT('',(-29.48737049373,-20.6533157182,
    93.738644453528));
#421 = CARTESIAN_POINT('',(-29.38496813895,-20.79840816973,
    93.831819101688));
#422 = CARTESIAN_POINT('',(-29.28474538858,-20.93875959728,
    93.92957030013));
#423 = CARTESIAN_POINT('',(-29.0513455138,-21.26200609825,
    94.172631371213));
#424 = CARTESIAN_POINT('',(-28.92027121503,-21.44057073429,
    94.321814518029));
#425 = CARTESIAN_POINT('',(-28.79384488887,-21.61019262424,
    94.478250652611));
#426 = CARTESIAN_POINT('',(-28.67224557519,-21.77105213105,
    94.641194117554));
#427 = CARTESIAN_POINT('',(-28.55561652353,-21.92334518457,
    94.809965037185));
#428 = CARTESIAN_POINT('',(-28.44406905604,-22.06727640352,
    94.983943119331));
#429 = CARTESIAN_POINT('',(-28.25319350364,-22.31089027688,
    95.304426597365));
#430 = CARTESIAN_POINT('',(-28.17194198181,-22.41360517011,
    95.449246711803));
#431 = CARTESIAN_POINT('',(-28.09396013377,-22.51131711271,
    95.59676719497));
#432 = CARTESIAN_POINT('',(-28.01926977581,-22.60414083833,
    95.746754867964));
#433 = CARTESIAN_POINT('',(-27.94788668394,-22.6921858483,
    95.898997934438));
#434 = CARTESIAN_POINT('',(-27.87982100637,-22.77555666112,
    96.053305936622));
#435 = CARTESIAN_POINT('',(-27.60568456546,-23.10919666296,
    96.714704517393));
#436 = CARTESIAN_POINT('',(-27.43095482898,-23.31629897964,
    97.23994383315));
#437 = CARTESIAN_POINT('',(-27.29124687211,-23.4787957738,
    97.779236320935));
#438 = CARTESIAN_POINT('',(-27.18655985877,-23.59907134633,
    98.328151569554));
#439 = CARTESIAN_POINT('',(-27.11678266,-23.67874421377,98.883215480731)
  );
#440 = CARTESIAN_POINT('',(-27.08185736674,-23.7186214095,
    99.441441829706));
#441 = CARTESIAN_POINT('',(-27.08185736674,-23.7186214095,
    100.56898276597));
#442 = CARTESIAN_POINT('',(-27.11809846077,-23.67724191514,
    101.13760038056));
#443 = CARTESIAN_POINT('',(-27.19049842234,-23.59457410736,
    101.70287638489));
#444 = CARTESIAN_POINT('',(-27.29912180431,-23.46974709712,
    102.26166141513));
#445 = CARTESIAN_POINT('',(-27.44409209374,-23.30101370971,
    102.81027035481));
#446 = CARTESIAN_POINT('',(-27.6254074356,-23.08580342888,103.343964519)
  );
#447 = CARTESIAN_POINT('',(-28.05039932661,-22.56728810484,
    104.34615991433));
#448 = CARTESIAN_POINT('',(-28.29192727461,-22.26711901603,
    104.8186855402));
#449 = CARTESIAN_POINT('',(-28.56692932372,-21.91715025692,
    105.26671571408));
#450 = CARTESIAN_POINT('',(-28.87415459944,-21.51429118659,
    105.68146282985));
#451 = CARTESIAN_POINT('',(-29.21116001839,-21.05569277141,
    106.05227995196));
#452 = CARTESIAN_POINT('',(-29.57388801245,-20.53926282498,
    106.36622267358));
#453 = CARTESIAN_POINT('',(-30.23857638764,-19.54193063456,
    106.78474188894));
#454 = CARTESIAN_POINT('',(-30.53172451487,-19.08696701727,
    106.92286794494));
#455 = CARTESIAN_POINT('',(-30.82889656305,-18.607364478,107.01188521533
    ));
#456 = CARTESIAN_POINT('',(-31.12281607694,-18.11194531176,107.046180306
    ));
#457 = CARTESIAN_POINT('',(-31.4069628411,-17.61082777626,
    107.02412087806));
#458 = CARTESIAN_POINT('',(-31.67614794187,-17.11476883313,
    106.94806575321));
#459 = CARTESIAN_POINT('',(-32.2037834473,-16.10206037109,
    106.68767441199));
#460 = CARTESIAN_POINT('',(-32.45562529367,-15.59344089852,
    106.49376718917));
#461 = CARTESIAN_POINT('',(-32.68199691976,-15.11339551713,
    106.25116890089));
#462 = CARTESIAN_POINT('',(-32.88375406773,-14.66589920926,
    105.96784858812));
#463 = CARTESIAN_POINT('',(-33.06223439877,-14.25386906375,
    105.65151425718));
#464 = CARTESIAN_POINT('',(-33.21898963636,-13.87914936205,
    105.30969604888));
#465 = CARTESIAN_POINT('',(-33.4572247079,-13.29236481098,
    104.68240818534));
#466 = CARTESIAN_POINT('',(-33.54821306663,-13.06197998633,
    104.40370373246));
#467 = CARTESIAN_POINT('',(-33.62950218644,-12.85106960239,
    104.11550797988));
#468 = CARTESIAN_POINT('',(-33.70183915881,-12.65934582498,
    103.81936720307));
#469 = CARTESIAN_POINT('',(-33.76587249305,-12.48649054355,
    103.51655179582));
#470 = CARTESIAN_POINT('',(-33.82215052919,-12.33219472547,
    103.20810798322));
#471 = CARTESIAN_POINT('',(-33.93350134665,-12.02295270145,
    102.49592937532));
#472 = CARTESIAN_POINT('',(-33.9840222374,-11.87940339086,
    102.08923582921));
#473 = CARTESIAN_POINT('',(-34.02357942513,-11.76508561188,
    101.67680855862));
#474 = CARTESIAN_POINT('',(-34.05282200927,-11.67961632883,
    101.26029763156));
#475 = CARTESIAN_POINT('',(-34.07217676453,-11.62272236671,
    100.84112779259));
#476 = CARTESIAN_POINT('',(-34.08185736674,-11.59426575651,
    100.42060139579));
#477 = CARTESIAN_POINT('',(-34.08185736674,-11.59426575651,
    99.590181990367));
#478 = CARTESIAN_POINT('',(-34.07266679046,-11.6212819031,
    99.180429742355));
#479 = CARTESIAN_POINT('',(-34.0542911409,-11.67529778139,
    98.771932062437));
#480 = CARTESIAN_POINT('',(-34.0265380079,-11.75643713074,
    98.365896232944));
#481 = CARTESIAN_POINT('',(-33.98902305893,-11.8649451669,97.96363671369
    ));
#482 = CARTESIAN_POINT('',(-33.94116208548,-12.00116710896,
    97.56666489744));
#483 = CARTESIAN_POINT('',(-33.83588542796,-12.2943726818,
    96.871126611126));
#484 = CARTESIAN_POINT('',(-33.78276845712,-12.44051109023,
    96.569833673787));
#485 = CARTESIAN_POINT('',(-33.7223986937,-12.60417333045,96.27369073406
    ));
#486 = CARTESIAN_POINT('',(-33.65428621038,-12.7856385423,
    95.983636430383));
#487 = CARTESIAN_POINT('',(-33.57785130546,-12.98519807951,
    95.700802915786));
#488 = CARTESIAN_POINT('',(-33.49242515703,-13.20312277804,
    95.426560360922));
#489 = CARTESIAN_POINT('',(-33.3328564858,-13.59964818777,
    94.983943119331));
#490 = CARTESIAN_POINT('',(-33.26398212754,-13.76821673781,
    94.809965037185));
#491 = CARTESIAN_POINT('',(-33.1904070002,-13.94536698613,
    94.641194117554));
#492 = CARTESIAN_POINT('',(-33.1118982377,-14.13110483427,
    94.478250652611));
#493 = CARTESIAN_POINT('',(-33.02821453505,-14.3254041894,94.32181451803
    ));
#494 = CARTESIAN_POINT('',(-32.93911017341,-14.52820017994,
    94.172631371213));
#495 = CARTESIAN_POINT('',(-32.77587042927,-14.89195365123,
    93.92957030013));
#496 = CARTESIAN_POINT('',(-32.70443390274,-15.04892481286,
    93.831819101688));
#497 = CARTESIAN_POINT('',(-32.62998133121,-15.21015407927,
    93.738644453527));
#498 = CARTESIAN_POINT('',(-32.55247184034,-15.37547981651,
    93.650421878273));
#499 = CARTESIAN_POINT('',(-32.47187343367,-15.54472141802,
    93.567523479574));
#500 = CARTESIAN_POINT('',(-32.38816461039,-15.71768018911,
    93.490318199848));
#501 = CARTESIAN_POINT('',(-32.16213231938,-16.17704098928,
    93.305110608273));
#502 = CARTESIAN_POINT('',(-32.01462305641,-16.4695239445,93.20638751797
    ));
#503 = CARTESIAN_POINT('',(-31.85931907293,-16.76952980157,
    93.125126075426));
#504 = CARTESIAN_POINT('',(-31.69691305883,-17.07485116254,
    93.062960513194));
#505 = CARTESIAN_POINT('',(-31.52829468006,-17.38321148917,
    93.021035286637));
#506 = CARTESIAN_POINT('',(-31.35454562556,-17.69233392827,93.));
#507 = CARTESIAN_POINT('',(-31.17691453624,-18.,93.));
#508 = PCURVE('',#31,#509);
#509 = DEFINITIONAL_REPRESENTATION('',(#510),#609);
#510 = B_SPLINE_CURVE_WITH_KNOTS('',7,(#511,#512,#513,#514,#515,#516,
    #517,#518,#519,#520,#521,#522,#523,#524,#525,#526,#527,#528,#529,
    #530,#531,#532,#533,#534,#535,#536,#537,#538,#539,#540,#541,#542,
    #543,#544,#545,#546,#547,#548,#549,#550,#551,#552,#553,#554,#555,
    #556,#557,#558,#559,#560,#561,#562,#563,#564,#565,#566,#567,#568,
    #569,#570,#571,#572,#573,#574,#575,#576,#577,#578,#579,#580,#581,
    #582,#583,#584,#585,#586,#587,#588,#589,#590,#591,#592,#593,#594,
    #595,#596,#597,#598,#599,#600,#601,#602,#603,#604,#605,#606,#607,
    #608),.UNSPECIFIED.,.T.,.F.,(8,6,6,6,6,6,6,6,6,6,6,6,6,6,6,6,8),(0.,
    4.646355708308E-02,7.544531491676E-02,0.115560539267,0.147421500469,
    0.250466334966,0.355434336635,0.45580598179,0.529767631996,
    0.611660282592,0.672483199172,0.74996486319,0.82546005091,
    0.884645080232,0.924688926644,0.953619116572,1.),.UNSPECIFIED.);
#511 = CARTESIAN_POINT('',(3.665191429188,53.));
#512 = CARTESIAN_POINT('',(3.675059823043,53.));
#513 = CARTESIAN_POINT('',(3.6849093354,53.021035286651));
#514 = CARTESIAN_POINT('',(3.694670820281,53.062960513189));
#515 = CARTESIAN_POINT('',(3.704276036979,53.125126075397));
#516 = CARTESIAN_POINT('',(3.713659085907,53.20638751796));
#517 = CARTESIAN_POINT('',(3.722757947241,53.305110608315));
#518 = CARTESIAN_POINT('',(3.736979055629,53.490318199848));
#519 = CARTESIAN_POINT('',(3.742316462144,53.567523479574));
#520 = CARTESIAN_POINT('',(3.747523343248,53.650421878273));
#521 = CARTESIAN_POINT('',(3.752595220409,53.738644453528));
#522 = CARTESIAN_POINT('',(3.757528141129,53.831819101688));
#523 = CARTESIAN_POINT('',(3.762318684833,53.92957030013));
#524 = CARTESIAN_POINT('',(3.773393758403,54.172631371213));
#525 = CARTESIAN_POINT('',(3.779546570102,54.321814518029));
#526 = CARTESIAN_POINT('',(3.785422837043,54.478250652611));
#527 = CARTESIAN_POINT('',(3.791023976853,54.641194117554));
#528 = CARTESIAN_POINT('',(3.796352207783,54.809965037185));
#529 = CARTESIAN_POINT('',(3.801410364909,54.983943119331));
#530 = CARTESIAN_POINT('',(3.810007180812,55.304426597365));
#531 = CARTESIAN_POINT('',(3.813645093157,55.449246711803));
#532 = CARTESIAN_POINT('',(3.817117687098,55.59676719497));
#533 = CARTESIAN_POINT('',(3.820427152612,55.746754867964));
#534 = CARTESIAN_POINT('',(3.823575641517,55.898997934438));
#535 = CARTESIAN_POINT('',(3.826565273062,56.053305936622));
#536 = CARTESIAN_POINT('',(3.838560206376,56.714704517393));
#537 = CARTESIAN_POINT('',(3.846086371297,57.23994383315));
#538 = CARTESIAN_POINT('',(3.852038837215,57.779236320935));
#539 = CARTESIAN_POINT('',(3.856468112981,58.328151569554));
#540 = CARTESIAN_POINT('',(3.859410001727,58.883215480731));
#541 = CARTESIAN_POINT('',(3.860882482053,59.441441829706));
#542 = CARTESIAN_POINT('',(3.860882482053,60.568982765979));
#543 = CARTESIAN_POINT('',(3.859354527189,61.13760038056));
#544 = CARTESIAN_POINT('',(3.856302056955,61.702876384891));
#545 = CARTESIAN_POINT('',(3.851705628061,62.26166141513));
#546 = CARTESIAN_POINT('',(3.845526531064,62.810270354816));
#547 = CARTESIAN_POINT('',(3.837710337979,63.343964519005));
#548 = CARTESIAN_POINT('',(3.819087285245,64.346159914336));
#549 = CARTESIAN_POINT('',(3.808385619542,64.818685540201));
#550 = CARTESIAN_POINT('',(3.796023444663,65.266715714083));
#551 = CARTESIAN_POINT('',(3.781953095927,65.681462829854));
#552 = CARTESIAN_POINT('',(3.766149615152,66.052279951967));
#553 = CARTESIAN_POINT('',(3.748624651637,66.366222673589));
#554 = CARTESIAN_POINT('',(3.715332059241,66.784741888944));
#555 = CARTESIAN_POINT('',(3.700299752143,66.922867944949));
#556 = CARTESIAN_POINT('',(3.684631324183,67.011885215333));
#557 = CARTESIAN_POINT('',(3.668635575221,67.046180306008));
#558 = CARTESIAN_POINT('',(3.652638112919,67.024120878066));
#559 = CARTESIAN_POINT('',(3.63696286487,66.948065753218));
#560 = CARTESIAN_POINT('',(3.605242909029,66.687674411998));
#561 = CARTESIAN_POINT('',(3.589480851256,66.493767189179));
#562 = CARTESIAN_POINT('',(3.574741996873,66.251168900898));
#563 = CARTESIAN_POINT('',(3.56110959213,65.967848588123));
#564 = CARTESIAN_POINT('',(3.548638261067,65.651514257183));
#565 = CARTESIAN_POINT('',(3.537355956012,65.309696048888));
#566 = CARTESIAN_POINT('',(3.519764219854,64.682408185347));
#567 = CARTESIAN_POINT('',(3.512883927903,64.403703732468));
#568 = CARTESIAN_POINT('',(3.506605539374,64.115507979885));
#569 = CARTESIAN_POINT('',(3.500913629273,63.819367203078));
#570 = CARTESIAN_POINT('',(3.495793323777,63.516551795823));
#571 = CARTESIAN_POINT('',(3.491231176815,63.208107983227));
#572 = CARTESIAN_POINT('',(3.482101215202,62.495929375328));
#573 = CARTESIAN_POINT('',(3.477874101429,62.089235829214));
#574 = CARTESIAN_POINT('',(3.474513917112,61.676808558625));
#575 = CARTESIAN_POINT('',(3.472004657368,61.260297631569));
#576 = CARTESIAN_POINT('',(3.470335325578,60.841127792599));
#577 = CARTESIAN_POINT('',(3.469500376323,60.420601395799));
#578 = CARTESIAN_POINT('',(3.469500376323,59.590181990367));
#579 = CARTESIAN_POINT('',(3.470293060697,59.180429742355));
#580 = CARTESIAN_POINT('',(3.471877946452,58.771932062437));
#581 = CARTESIAN_POINT('',(3.474260013501,58.365896232944));
#582 = CARTESIAN_POINT('',(3.477449144498,57.96363671369));
#583 = CARTESIAN_POINT('',(3.481459751439,57.56666489744));
#584 = CARTESIAN_POINT('',(3.490113440198,56.871126611126));
#585 = CARTESIAN_POINT('',(3.494432632098,56.569833673788));
#586 = CARTESIAN_POINT('',(3.499278146008,56.27369073406));
#587 = CARTESIAN_POINT('',(3.504662056556,55.983636430383));
#588 = CARTESIAN_POINT('',(3.510597809215,55.700802915786));
#589 = CARTESIAN_POINT('',(3.517099497815,55.426560360922));
#590 = CARTESIAN_POINT('',(3.528972493467,54.983943119331));
#591 = CARTESIAN_POINT('',(3.534030650593,54.809965037185));
#592 = CARTESIAN_POINT('',(3.539358881523,54.641194117554));
#593 = CARTESIAN_POINT('',(3.544960021333,54.478250652611));
#594 = CARTESIAN_POINT('',(3.550836288275,54.32181451803));
#595 = CARTESIAN_POINT('',(3.556989099973,54.172631371213));
#596 = CARTESIAN_POINT('',(3.568064173544,53.92957030013));
#597 = CARTESIAN_POINT('',(3.572854717247,53.831819101688));
#598 = CARTESIAN_POINT('',(3.577787637968,53.738644453528));
#599 = CARTESIAN_POINT('',(3.582859515129,53.650421878273));
#600 = CARTESIAN_POINT('',(3.588066396232,53.567523479574));
#601 = CARTESIAN_POINT('',(3.593403802748,53.490318199848));
#602 = CARTESIAN_POINT('',(3.607624911138,53.305110608273));
#603 = CARTESIAN_POINT('',(3.616723772469,53.20638751797));
#604 = CARTESIAN_POINT('',(3.626106821394,53.125126075426));
#605 = CARTESIAN_POINT('',(3.635712038093,53.062960513194));
#606 = CARTESIAN_POINT('',(3.645473522976,53.021035286637));
#607 = CARTESIAN_POINT('',(3.655323035336,53.));
#608 = CARTESIAN_POINT('',(3.665191429188,53.));
#609 = ( GEOMETRIC_REPRESENTATION_CONTEXT(2) 
PARAMETRIC_REPRESENTATION_CONTEXT() REPRESENTATION_CONTEXT('2D SPACE',''
  ) );
#610 = PCURVE('',#611,#616);
#611 = CYLINDRICAL_SURFACE('',#612,7.);
#612 = AXIS2_PLACEMENT_3D('',#613,#614,#615);
#613 = CARTESIAN_POINT('',(-25.11473670974,-14.5,100.));
#614 = DIRECTION('',(-0.866025403784,-0.5,2.22044604925E-16));
#615 = DIRECTION('',(-1.922962686384E-16,-1.110223024625E-16,-1.));
#616 = DEFINITIONAL_REPRESENTATION('',(#617),#716);
#617 = B_SPLINE_CURVE_WITH_KNOTS('',7,(#618,#619,#620,#621,#622,#623,
    #624,#625,#626,#627,#628,#629,#630,#631,#632,#633,#634,#635,#636,
    #637,#638,#639,#640,#641,#642,#643,#644,#645,#646,#647,#648,#649,
    #650,#651,#652,#653,#654,#655,#656,#657,#658,#659,#660,#661,#662,
    #663,#664,#665,#666,#667,#668,#669,#670,#671,#672,#673,#674,#675,
    #676,#677,#678,#679,#680,#681,#682,#683,#684,#685,#686,#687,#688,
    #689,#690,#691,#692,#693,#694,#695,#696,#697,#698,#699,#700,#701,
    #702,#703,#704,#705,#706,#707,#708,#709,#710,#711,#712,#713,#714,
    #715),.UNSPECIFIED.,.F.,.F.,(8,6,6,6,6,6,6,6,6,6,6,6,6,6,6,6,8),(0.,
    4.646355708308E-02,7.544531491676E-02,0.115560539267,0.147421500469,
    0.250466334966,0.355434336635,0.45580598179,0.529767631996,
    0.611660282592,0.672483199172,0.74996486319,0.82546005091,
    0.884645080232,0.924688926644,0.953619116572,1.),.UNSPECIFIED.);
#618 = CARTESIAN_POINT('',(0.,7.));
#619 = CARTESIAN_POINT('',(5.07517398258E-02,7.));
#620 = CARTESIAN_POINT('',(0.101406365878,6.995909875525));
#621 = CARTESIAN_POINT('',(0.151813765541,6.987757511765));
#622 = CARTESIAN_POINT('',(0.20182474463,6.975744565226));
#623 = CARTESIAN_POINT('',(0.251282428757,6.960238831689));
#624 = CARTESIAN_POINT('',(0.300013488252,6.941744123101));
#625 = CARTESIAN_POINT('',(0.377638108421,6.907813429107));
#626 = CARTESIAN_POINT('',(0.407135342547,6.893828011042));
#627 = CARTESIAN_POINT('',(0.436311867985,6.879007477978));
#628 = CARTESIAN_POINT('',(0.465167185028,6.863469797484));
#629 = CARTESIAN_POINT('',(0.493699315574,6.847332982598));
#630 = CARTESIAN_POINT('',(0.52190480339,6.830713248513));
#631 = CARTESIAN_POINT('',(0.588360507768,6.790206278201));
#632 = CARTESIAN_POINT('',(0.626315001947,6.765974923701));
#633 = CARTESIAN_POINT('',(0.663678134935,6.741297458518));
#634 = CARTESIAN_POINT('',(0.700482678988,6.716419117191));
#635 = CARTESIAN_POINT('',(0.736758864276,6.691561922394));
#636 = CARTESIAN_POINT('',(0.77253500257,6.666924591298));
#637 = CARTESIAN_POINT('',(0.83587711566,6.623428450637));
#638 = CARTESIAN_POINT('',(0.863623231041,6.604420015251));
#639 = CARTESIAN_POINT('',(0.891095029999,6.58574172512));
#640 = CARTESIAN_POINT('',(0.918309825034,6.567469840512));
#641 = CARTESIAN_POINT('',(0.945284204389,6.549672774533));
#642 = CARTESIAN_POINT('',(0.972034568243,6.532411575047));
#643 = CARTESIAN_POINT('',(1.084423442856,6.461822454036));
#644 = CARTESIAN_POINT('',(1.168138019331,6.414053221785));
#645 = CARTESIAN_POINT('',(1.250228470029,6.374310979104));
#646 = CARTESIAN_POINT('',(1.331132124967,6.343787152371));
#647 = CARTESIAN_POINT('',(1.411255223055,6.323194759348));
#648 = CARTESIAN_POINT('',(1.491002302467,6.312887166019));
#649 = CARTESIAN_POINT('',(1.652079579078,6.312887166019));
#650 = CARTESIAN_POINT('',(1.733311192312,6.323583126934));
#651 = CARTESIAN_POINT('',(1.814940266268,6.344949428993));
#652 = CARTESIAN_POINT('',(1.897395575666,6.376606532104));
#653 = CARTESIAN_POINT('',(1.981107431661,6.417787791844));
#654 = CARTESIAN_POINT('',(2.066540126658,6.467206343569));
#655 = CARTESIAN_POINT('',(2.238089802044,6.576002455568));
#656 = CARTESIAN_POINT('',(2.324388722154,6.635087249855));
#657 = CARTESIAN_POINT('',(2.413442625608,6.698261630922));
#658 = CARTESIAN_POINT('',(2.505576979147,6.762896989215));
#659 = CARTESIAN_POINT('',(2.601195331423,6.825453035654));
#660 = CARTESIAN_POINT('',(2.700769612033,6.881369719949));
#661 = CARTESIAN_POINT('',(2.881793679931,6.958340643256));
#662 = CARTESIAN_POINT('',(2.961203483583,6.984732559866));
#663 = CARTESIAN_POINT('',(3.042184420779,7.002289833248));
#664 = CARTESIAN_POINT('',(3.123917944369,7.009122015827));
#665 = CARTESIAN_POINT('',(3.205664899679,7.004641564243));
#666 = CARTESIAN_POINT('',(3.286660672733,6.989733228271));
#667 = CARTESIAN_POINT('',(3.453830396363,6.94032474888));
#668 = CARTESIAN_POINT('',(3.538880125922,6.904116449292));
#669 = CARTESIAN_POINT('',(3.621362968297,6.86013733749));
#670 = CARTESIAN_POINT('',(3.701401035609,6.811115999093));
#671 = CARTESIAN_POINT('',(3.779042623432,6.759669427092));
#672 = CARTESIAN_POINT('',(3.854270222071,6.708063594175));
#673 = CARTESIAN_POINT('',(3.981001508375,6.620988942659));
#674 = CARTESIAN_POINT('',(4.03390528431,6.584594760444));
#675 = CARTESIAN_POINT('',(4.085830739499,6.549538011285));
#676 = CARTESIAN_POINT('',(4.136896094015,6.516321778285));
#677 = CARTESIAN_POINT('',(4.187212614377,6.48534863171));
#678 = CARTESIAN_POINT('',(4.236888034624,6.456938931637));
#679 = CARTESIAN_POINT('',(4.348631373602,6.398750556284));
#680 = CARTESIAN_POINT('',(4.410366360461,6.370728275804));
#681 = CARTESIAN_POINT('',(4.471428076688,6.347826915784));
#682 = CARTESIAN_POINT('',(4.531992290788,6.330417095001));
#683 = CARTESIAN_POINT('',(4.592227805328,6.318731823676));
#684 = CARTESIAN_POINT('',(4.652303066699,6.312887166019));
#685 = CARTESIAN_POINT('',(4.770934410332,6.312887166019));
#686 = CARTESIAN_POINT('',(4.829470496801,6.318435966775));
#687 = CARTESIAN_POINT('',(4.888154894015,6.329530126596));
#688 = CARTESIAN_POINT('',(4.947143037554,6.346064883054));
#689 = CARTESIAN_POINT('',(5.006590756184,6.367830002302));
#690 = CARTESIAN_POINT('',(5.066660046389,6.394492154475));
#691 = CARTESIAN_POINT('',(5.175245914509,6.449922681061));
#692 = CARTESIAN_POINT('',(5.223453760345,6.476991239153));
#693 = CARTESIAN_POINT('',(5.272249729168,6.506540610521));
#694 = CARTESIAN_POINT('',(5.321732238176,6.538286075578));
#695 = CARTESIAN_POINT('',(5.372002820223,6.571871274791));
#696 = CARTESIAN_POINT('',(5.423169004343,6.606852409365));
#697 = CARTESIAN_POINT('',(5.510650304609,6.666924591298));
#698 = CARTESIAN_POINT('',(5.546426442903,6.691561922394));
#699 = CARTESIAN_POINT('',(5.582702628191,6.716419117191));
#700 = CARTESIAN_POINT('',(5.619507172244,6.741297458518));
#701 = CARTESIAN_POINT('',(5.656870305233,6.765974923701));
#702 = CARTESIAN_POINT('',(5.694824799412,6.790206278201));
#703 = CARTESIAN_POINT('',(5.76128050379,6.830713248513));
#704 = CARTESIAN_POINT('',(5.789485991605,6.847332982598));
#705 = CARTESIAN_POINT('',(5.818018122151,6.863469797484));
#706 = CARTESIAN_POINT('',(5.846873439195,6.879007477978));
#707 = CARTESIAN_POINT('',(5.876049964632,6.893828011042));
#708 = CARTESIAN_POINT('',(5.905547198759,6.907813429107));
#709 = CARTESIAN_POINT('',(5.983171818946,6.941744123109));
#710 = CARTESIAN_POINT('',(6.031902878424,6.960238831687));
#711 = CARTESIAN_POINT('',(6.081360562536,6.97574456522));
#712 = CARTESIAN_POINT('',(6.131371541625,6.987757511764));
#713 = CARTESIAN_POINT('',(6.181778941304,6.995909875528));
#714 = CARTESIAN_POINT('',(6.232433567371,7.));
#715 = CARTESIAN_POINT('',(6.28318530718,7.));
#716 = ( GEOMETRIC_REPRESENTATION_CONTEXT(2) 
PARAMETRIC_REPRESENTATION_CONTEXT() REPRESENTATION_CONTEXT('2D SPACE',''
  ) );
#717 = ADVANCED_FACE('',(#718,#721,#752,#878),#43,.T.);
#718 = FACE_BOUND('',#719,.T.);
#719 = EDGE_LOOP('',(#720));
#720 = ORIENTED_EDGE('',*,*,#21,.T.);
#721 = FACE_BOUND('',#722,.T.);
#722 = EDGE_LOOP('',(#723));
#723 = ORIENTED_EDGE('',*,*,#724,.F.);
#724 = EDGE_CURVE('',#725,#725,#727,.T.);
#725 = VERTEX_POINT('',#726);
#726 = CARTESIAN_POINT('',(2.3,-29.5,120.));
#727 = SURFACE_CURVE('',#728,(#733,#740),.PCURVE_S1.);
#728 = CIRCLE('',#729,2.3);
#729 = AXIS2_PLACEMENT_3D('',#730,#731,#732);
#730 = CARTESIAN_POINT('',(0.,-29.5,120.));
#731 = DIRECTION('',(0.,0.,1.));
#732 = DIRECTION('',(1.,0.,-0.));
#733 = PCURVE('',#43,#734);
#734 = DEFINITIONAL_REPRESENTATION('',(#735),#739);
#735 = CIRCLE('',#736,2.3);
#736 = AXIS2_PLACEMENT_2D('',#737,#738);
#737 = CARTESIAN_POINT('',(0.,-29.5));
#738 = DIRECTION('',(1.,0.));
#739 = ( GEOMETRIC_REPRESENTATION_CONTEXT(2) 
PARAMETRIC_REPRESENTATION_CONTEXT() REPRESENTATION_CONTEXT('2D SPACE',''
  ) );
#740 = PCURVE('',#741,#746);
#741 = CYLINDRICAL_SURFACE('',#742,2.3);
#742 = AXIS2_PLACEMENT_3D('',#743,#744,#745);
#743 = CARTESIAN_POINT('',(0.,-29.5,114.));
#744 = DIRECTION('',(0.,0.,1.));
#745 = DIRECTION('',(1.,0.,-0.));
#746 = DEFINITIONAL_REPRESENTATION('',(#747),#751);
#747 = LINE('',#748,#749);
#748 = CARTESIAN_POINT('',(0.,6.));
#749 = VECTOR('',#750,1.);
#750 = DIRECTION('',(1.,0.));
#751 = ( GEOMETRIC_REPRESENTATION_CONTEXT(2) 
PARAMETRIC_REPRESENTATION_CONTEXT() REPRESENTATION_CONTEXT('2D SPACE',''
  ) );
#752 = FACE_BOUND('',#753,.T.);
#753 = EDGE_LOOP('',(#754,#785,#818,#847));
#754 = ORIENTED_EDGE('',*,*,#755,.T.);
#755 = EDGE_CURVE('',#756,#758,#760,.T.);
#756 = VERTEX_POINT('',#757);
#757 = CARTESIAN_POINT('',(3.794053221144,-30.76694915254,120.));
#758 = VERTEX_POINT('',#759);
#759 = CARTESIAN_POINT('',(-3.794053221144,-30.76694915254,120.));
#760 = SURFACE_CURVE('',#761,(#766,#773),.PCURVE_S1.);
#761 = CIRCLE('',#762,4.);
#762 = AXIS2_PLACEMENT_3D('',#763,#764,#765);
#763 = CARTESIAN_POINT('',(0.,-29.5,120.));
#764 = DIRECTION('',(-0.,0.,1.));
#765 = DIRECTION('',(0.948513305286,-0.316737288136,0.));
#766 = PCURVE('',#43,#767);
#767 = DEFINITIONAL_REPRESENTATION('',(#768),#772);
#768 = CIRCLE('',#769,4.);
#769 = AXIS2_PLACEMENT_2D('',#770,#771);
#770 = CARTESIAN_POINT('',(0.,-29.5));
#771 = DIRECTION('',(0.948513305286,-0.316737288136));
#772 = ( GEOMETRIC_REPRESENTATION_CONTEXT(2) 
PARAMETRIC_REPRESENTATION_CONTEXT() REPRESENTATION_CONTEXT('2D SPACE',''
  ) );
#773 = PCURVE('',#774,#779);
#774 = CYLINDRICAL_SURFACE('',#775,4.);
#775 = AXIS2_PLACEMENT_3D('',#776,#777,#778);
#776 = CARTESIAN_POINT('',(0.,-29.5,69.));
#777 = DIRECTION('',(0.,0.,1.));
#778 = DIRECTION('',(1.,0.,-0.));
#779 = DEFINITIONAL_REPRESENTATION('',(#780),#784);
#780 = LINE('',#781,#782);
#781 = CARTESIAN_POINT('',(5.960897621201,51.));
#782 = VECTOR('',#783,1.);
#783 = DIRECTION('',(1.,0.));
#784 = ( GEOMETRIC_REPRESENTATION_CONTEXT(2) 
PARAMETRIC_REPRESENTATION_CONTEXT() REPRESENTATION_CONTEXT('2D SPACE',''
  ) );
#785 = ORIENTED_EDGE('',*,*,#786,.T.);
#786 = EDGE_CURVE('',#758,#787,#789,.T.);
#787 = VERTEX_POINT('',#788);
#788 = CARTESIAN_POINT('',(-3.794053221144,30.766949152542,120.));
#789 = SURFACE_CURVE('',#790,(#795,#806),.PCURVE_S1.);
#790 = CIRCLE('',#791,31.);
#791 = AXIS2_PLACEMENT_3D('',#792,#793,#794);
#792 = CARTESIAN_POINT('',(0.,0.,120.));
#793 = DIRECTION('',(-0.,0.,-1.));
#794 = DIRECTION('',(-0.122388813585,-0.992482230727,0.));
#795 = PCURVE('',#43,#796);
#796 = DEFINITIONAL_REPRESENTATION('',(#797),#805);
#797 = ( BOUNDED_CURVE() B_SPLINE_CURVE(2,(#798,#799,#800,#801,#802,#803
,#804),.UNSPECIFIED.,.T.,.F.) B_SPLINE_CURVE_WITH_KNOTS((1,2,2,2,2,1),(
    -2.094395102393,0.,2.094395102393,4.188790204786,6.28318530718,
8.377580409573),.UNSPECIFIED.) CURVE() GEOMETRIC_REPRESENTATION_ITEM() 
RATIONAL_B_SPLINE_CURVE((1.,0.5,1.,0.5,1.,0.5,1.)) REPRESENTATION_ITEM(
  '') );
#798 = CARTESIAN_POINT('',(-3.794053221144,-30.76694915254));
#799 = CARTESIAN_POINT('',(-57.08397234723,-24.1954562069));
#800 = CARTESIAN_POINT('',(-24.74793295247,18.669221049092));
#801 = CARTESIAN_POINT('',(7.588106442287,61.533898305085));
#802 = CARTESIAN_POINT('',(28.541986173618,12.097728103451));
#803 = CARTESIAN_POINT('',(49.495865904948,-37.33844209818));
#804 = CARTESIAN_POINT('',(-3.794053221144,-30.76694915254));
#805 = ( GEOMETRIC_REPRESENTATION_CONTEXT(2) 
PARAMETRIC_REPRESENTATION_CONTEXT() REPRESENTATION_CONTEXT('2D SPACE',''
  ) );
#806 = PCURVE('',#807,#812);
#807 = CYLINDRICAL_SURFACE('',#808,31.);
#808 = AXIS2_PLACEMENT_3D('',#809,#810,#811);
#809 = CARTESIAN_POINT('',(0.,0.,69.));
#810 = DIRECTION('',(0.,0.,1.));
#811 = DIRECTION('',(1.,0.,-0.));
#812 = DEFINITIONAL_REPRESENTATION('',(#813),#817);
#813 = LINE('',#814,#815);
#814 = CARTESIAN_POINT('',(10.872877851773,51.));
#815 = VECTOR('',#816,1.);
#816 = DIRECTION('',(-1.,-0.));
#817 = ( GEOMETRIC_REPRESENTATION_CONTEXT(2) 
PARAMETRIC_REPRESENTATION_CONTEXT() REPRESENTATION_CONTEXT('2D SPACE',''
  ) );
#818 = ORIENTED_EDGE('',*,*,#819,.T.);
#819 = EDGE_CURVE('',#787,#820,#822,.T.);
#820 = VERTEX_POINT('',#821);
#821 = CARTESIAN_POINT('',(3.794053221144,30.766949152542,120.));
#822 = SURFACE_CURVE('',#823,(#828,#835),.PCURVE_S1.);
#823 = CIRCLE('',#824,4.);
#824 = AXIS2_PLACEMENT_3D('',#825,#826,#827);
#825 = CARTESIAN_POINT('',(0.,29.5,120.));
#826 = DIRECTION('',(0.,0.,1.));
#827 = DIRECTION('',(-0.948513305286,0.316737288136,0.));
#828 = PCURVE('',#43,#829);
#829 = DEFINITIONAL_REPRESENTATION('',(#830),#834);
#830 = CIRCLE('',#831,4.);
#831 = AXIS2_PLACEMENT_2D('',#832,#833);
#832 = CARTESIAN_POINT('',(0.,29.5));
#833 = DIRECTION('',(-0.948513305286,0.316737288136));
#834 = ( GEOMETRIC_REPRESENTATION_CONTEXT(2) 
PARAMETRIC_REPRESENTATION_CONTEXT() REPRESENTATION_CONTEXT('2D SPACE',''
  ) );
#835 = PCURVE('',#836,#841);
#836 = CYLINDRICAL_SURFACE('',#837,4.);
#837 = AXIS2_PLACEMENT_3D('',#838,#839,#840);
#838 = CARTESIAN_POINT('',(0.,29.5,69.));
#839 = DIRECTION('',(0.,0.,1.));
#840 = DIRECTION('',(1.,0.,-0.));
#841 = DEFINITIONAL_REPRESENTATION('',(#842),#846);
#842 = LINE('',#843,#844);
#843 = CARTESIAN_POINT('',(2.819304967611,51.));
#844 = VECTOR('',#845,1.);
#845 = DIRECTION('',(1.,0.));
#846 = ( GEOMETRIC_REPRESENTATION_CONTEXT(2) 
PARAMETRIC_REPRESENTATION_CONTEXT() REPRESENTATION_CONTEXT('2D SPACE',''
  ) );
#847 = ORIENTED_EDGE('',*,*,#848,.T.);
#848 = EDGE_CURVE('',#820,#756,#849,.T.);
#849 = SURFACE_CURVE('',#850,(#855,#866),.PCURVE_S1.);
#850 = CIRCLE('',#851,31.);
#851 = AXIS2_PLACEMENT_3D('',#852,#853,#854);
#852 = CARTESIAN_POINT('',(0.,0.,120.));
#853 = DIRECTION('',(-0.,0.,-1.));
#854 = DIRECTION('',(-0.122388813585,-0.992482230727,0.));
#855 = PCURVE('',#43,#856);
#856 = DEFINITIONAL_REPRESENTATION('',(#857),#865);
#857 = ( BOUNDED_CURVE() B_SPLINE_CURVE(2,(#858,#859,#860,#861,#862,#863
,#864),.UNSPECIFIED.,.T.,.F.) B_SPLINE_CURVE_WITH_KNOTS((1,2,2,2,2,1),(
    -2.094395102393,0.,2.094395102393,4.188790204786,6.28318530718,
8.377580409573),.UNSPECIFIED.) CURVE() GEOMETRIC_REPRESENTATION_ITEM() 
RATIONAL_B_SPLINE_CURVE((1.,0.5,1.,0.5,1.,0.5,1.)) REPRESENTATION_ITEM(
  '') );
#858 = CARTESIAN_POINT('',(-3.794053221144,-30.76694915254));
#859 = CARTESIAN_POINT('',(-57.08397234723,-24.1954562069));
#860 = CARTESIAN_POINT('',(-24.74793295247,18.669221049092));
#861 = CARTESIAN_POINT('',(7.588106442287,61.533898305085));
#862 = CARTESIAN_POINT('',(28.541986173618,12.097728103451));
#863 = CARTESIAN_POINT('',(49.495865904948,-37.33844209818));
#864 = CARTESIAN_POINT('',(-3.794053221144,-30.76694915254));
#865 = ( GEOMETRIC_REPRESENTATION_CONTEXT(2) 
PARAMETRIC_REPRESENTATION_CONTEXT() REPRESENTATION_CONTEXT('2D SPACE',''
  ) );
#866 = PCURVE('',#867,#872);
#867 = CYLINDRICAL_SURFACE('',#868,31.);
#868 = AXIS2_PLACEMENT_3D('',#869,#870,#871);
#869 = CARTESIAN_POINT('',(0.,0.,69.));
#870 = DIRECTION('',(0.,0.,1.));
#871 = DIRECTION('',(1.,0.,-0.));
#872 = DEFINITIONAL_REPRESENTATION('',(#873),#877);
#873 = LINE('',#874,#875);
#874 = CARTESIAN_POINT('',(10.872877851773,51.));
#875 = VECTOR('',#876,1.);
#876 = DIRECTION('',(-1.,-0.));
#877 = ( GEOMETRIC_REPRESENTATION_CONTEXT(2) 
PARAMETRIC_REPRESENTATION_CONTEXT() REPRESENTATION_CONTEXT('2D SPACE',''
  ) );
#878 = FACE_BOUND('',#879,.T.);
#879 = EDGE_LOOP('',(#880));
#880 = ORIENTED_EDGE('',*,*,#881,.F.);
#881 = EDGE_CURVE('',#882,#882,#884,.T.);
#882 = VERTEX_POINT('',#883);
#883 = CARTESIAN_POINT('',(2.3,29.5,120.));
#884 = SURFACE_CURVE('',#885,(#890,#897),.PCURVE_S1.);
#885 = CIRCLE('',#886,2.3);
#886 = AXIS2_PLACEMENT_3D('',#887,#888,#889);
#887 = CARTESIAN_POINT('',(0.,29.5,120.));
#888 = DIRECTION('',(0.,0.,1.));
#889 = DIRECTION('',(1.,0.,-0.));
#890 = PCURVE('',#43,#891);
#891 = DEFINITIONAL_REPRESENTATION('',(#892),#896);
#892 = CIRCLE('',#893,2.3);
#893 = AXIS2_PLACEMENT_2D('',#894,#895);
#894 = CARTESIAN_POINT('',(0.,29.5));
#895 = DIRECTION('',(1.,0.));
#896 = ( GEOMETRIC_REPRESENTATION_CONTEXT(2) 
PARAMETRIC_REPRESENTATION_CONTEXT() REPRESENTATION_CONTEXT('2D SPACE',''
  ) );
#897 = PCURVE('',#898,#903);
#898 = CYLINDRICAL_SURFACE('',#899,2.3);
#899 = AXIS2_PLACEMENT_3D('',#900,#901,#902);
#900 = CARTESIAN_POINT('',(0.,29.5,114.));
#901 = DIRECTION('',(0.,0.,1.));
#902 = DIRECTION('',(1.,0.,-0.));
#903 = DEFINITIONAL_REPRESENTATION('',(#904),#908);
#904 = LINE('',#905,#906);
#905 = CARTESIAN_POINT('',(0.,6.));
#906 = VECTOR('',#907,1.);
#907 = DIRECTION('',(1.,0.));
#908 = ( GEOMETRIC_REPRESENTATION_CONTEXT(2) 
PARAMETRIC_REPRESENTATION_CONTEXT() REPRESENTATION_CONTEXT('2D SPACE',''
  ) );
#909 = ADVANCED_FACE('',(#910,#913),#93,.F.);
#910 = FACE_BOUND('',#911,.F.);
#911 = EDGE_LOOP('',(#912));
#912 = ORIENTED_EDGE('',*,*,#78,.T.);
#913 = FACE_BOUND('',#914,.F.);
#914 = EDGE_LOOP('',(#915));
#915 = ORIENTED_EDGE('',*,*,#916,.F.);
#916 = EDGE_CURVE('',#917,#917,#919,.T.);
#917 = VERTEX_POINT('',#918);
#918 = CARTESIAN_POINT('',(21.5,-5.265981236334E-15,40.));
#919 = SURFACE_CURVE('',#920,(#925,#932),.PCURVE_S1.);
#920 = CIRCLE('',#921,21.5);
#921 = AXIS2_PLACEMENT_3D('',#922,#923,#924);
#922 = CARTESIAN_POINT('',(0.,0.,40.));
#923 = DIRECTION('',(0.,0.,1.));
#924 = DIRECTION('',(1.,0.,-0.));
#925 = PCURVE('',#93,#926);
#926 = DEFINITIONAL_REPRESENTATION('',(#927),#931);
#927 = CIRCLE('',#928,21.5);
#928 = AXIS2_PLACEMENT_2D('',#929,#930);
#929 = CARTESIAN_POINT('',(0.,0.));
#930 = DIRECTION('',(1.,0.));
#931 = ( GEOMETRIC_REPRESENTATION_CONTEXT(2) 
PARAMETRIC_REPRESENTATION_CONTEXT() REPRESENTATION_CONTEXT('2D SPACE',''
  ) );
#932 = PCURVE('',#933,#938);
#933 = CYLINDRICAL_SURFACE('',#934,21.5);
#934 = AXIS2_PLACEMENT_3D('',#935,#936,#937);
#935 = CARTESIAN_POINT('',(0.,0.,39.));
#936 = DIRECTION('',(0.,0.,1.));
#937 = DIRECTION('',(1.,0.,-0.));
#938 = DEFINITIONAL_REPRESENTATION('',(#939),#943);
#939 = LINE('',#940,#941);
#940 = CARTESIAN_POINT('',(0.,1.));
#941 = VECTOR('',#942,1.);
#942 = DIRECTION('',(1.,0.));
#943 = ( GEOMETRIC_REPRESENTATION_CONTEXT(2) 
PARAMETRIC_REPRESENTATION_CONTEXT() REPRESENTATION_CONTEXT('2D SPACE',''
  ) );
#944 = ADVANCED_FACE('',(#945),#302,.T.);
#945 = FACE_BOUND('',#946,.T.);
#946 = EDGE_LOOP('',(#947,#970,#997,#998));
#947 = ORIENTED_EDGE('',*,*,#948,.T.);
#948 = EDGE_CURVE('',#109,#949,#951,.T.);
#949 = VERTEX_POINT('',#950);
#950 = CARTESIAN_POINT('',(27.577164466275,27.577164466275,76.));
#951 = SEAM_CURVE('',#952,(#956,#963),.PCURVE_S1.);
#952 = LINE('',#953,#954);
#953 = CARTESIAN_POINT('',(23.334523779156,23.334523779156,76.));
#954 = VECTOR('',#955,1.);
#955 = DIRECTION('',(0.707106781187,0.707106781187,2.22044604925E-16));
#956 = PCURVE('',#302,#957);
#957 = DEFINITIONAL_REPRESENTATION('',(#958),#962);
#958 = LINE('',#959,#960);
#959 = CARTESIAN_POINT('',(6.28318530718,-0.));
#960 = VECTOR('',#961,1.);
#961 = DIRECTION('',(0.,1.));
#962 = ( GEOMETRIC_REPRESENTATION_CONTEXT(2) 
PARAMETRIC_REPRESENTATION_CONTEXT() REPRESENTATION_CONTEXT('2D SPACE',''
  ) );
#963 = PCURVE('',#302,#964);
#964 = DEFINITIONAL_REPRESENTATION('',(#965),#969);
#965 = LINE('',#966,#967);
#966 = CARTESIAN_POINT('',(0.,-0.));
#967 = VECTOR('',#968,1.);
#968 = DIRECTION('',(0.,1.));
#969 = ( GEOMETRIC_REPRESENTATION_CONTEXT(2) 
PARAMETRIC_REPRESENTATION_CONTEXT() REPRESENTATION_CONTEXT('2D SPACE',''
  ) );
#970 = ORIENTED_EDGE('',*,*,#971,.F.);
#971 = EDGE_CURVE('',#949,#949,#972,.T.);
#972 = SURFACE_CURVE('',#973,(#978,#985),.PCURVE_S1.);
#973 = CIRCLE('',#974,6.);
#974 = AXIS2_PLACEMENT_3D('',#975,#976,#977);
#975 = CARTESIAN_POINT('',(27.577164466275,27.577164466275,82.));
#976 = DIRECTION('',(0.707106781187,0.707106781187,2.22044604925E-16));
#977 = DIRECTION('',(1.570092458684E-16,1.570092458684E-16,-1.));
#978 = PCURVE('',#302,#979);
#979 = DEFINITIONAL_REPRESENTATION('',(#980),#984);
#980 = LINE('',#981,#982);
#981 = CARTESIAN_POINT('',(0.,6.));
#982 = VECTOR('',#983,1.);
#983 = DIRECTION('',(1.,0.));
#984 = ( GEOMETRIC_REPRESENTATION_CONTEXT(2) 
PARAMETRIC_REPRESENTATION_CONTEXT() REPRESENTATION_CONTEXT('2D SPACE',''
  ) );
#985 = PCURVE('',#986,#991);
#986 = PLANE('',#987);
#987 = AXIS2_PLACEMENT_3D('',#988,#989,#990);
#988 = CARTESIAN_POINT('',(27.577164466275,27.577164466275,82.));
#989 = DIRECTION('',(0.707106781187,0.707106781187,2.22044604925E-16));
#990 = DIRECTION('',(1.570092458684E-16,1.570092458684E-16,-1.));
#991 = DEFINITIONAL_REPRESENTATION('',(#992),#996);
#992 = CIRCLE('',#993,6.);
#993 = AXIS2_PLACEMENT_2D('',#994,#995);
#994 = CARTESIAN_POINT('',(0.,0.));
#995 = DIRECTION('',(1.,0.));
#996 = ( GEOMETRIC_REPRESENTATION_CONTEXT(2) 
PARAMETRIC_REPRESENTATION_CONTEXT() REPRESENTATION_CONTEXT('2D SPACE',''
  ) );
#997 = ORIENTED_EDGE('',*,*,#948,.F.);
#998 = ORIENTED_EDGE('',*,*,#108,.T.);
#999 = ADVANCED_FACE('',(#1000),#611,.T.);
#1000 = FACE_BOUND('',#1001,.T.);
#1001 = EDGE_LOOP('',(#1002,#1025,#1052,#1053));
#1002 = ORIENTED_EDGE('',*,*,#1003,.T.);
#1003 = EDGE_CURVE('',#406,#1004,#1006,.T.);
#1004 = VERTEX_POINT('',#1005);
#1005 = CARTESIAN_POINT('',(-34.64101615137,-20.,93.));
#1006 = SEAM_CURVE('',#1007,(#1011,#1018),.PCURVE_S1.);
#1007 = LINE('',#1008,#1009);
#1008 = CARTESIAN_POINT('',(-25.11473670974,-14.5,93.));
#1009 = VECTOR('',#1010,1.);
#1010 = DIRECTION('',(-0.866025403784,-0.5,2.22044604925E-16));
#1011 = PCURVE('',#611,#1012);
#1012 = DEFINITIONAL_REPRESENTATION('',(#1013),#1017);
#1013 = LINE('',#1014,#1015);
#1014 = CARTESIAN_POINT('',(6.28318530718,-0.));
#1015 = VECTOR('',#1016,1.);
#1016 = DIRECTION('',(0.,1.));
#1017 = ( GEOMETRIC_REPRESENTATION_CONTEXT(2) 
PARAMETRIC_REPRESENTATION_CONTEXT() REPRESENTATION_CONTEXT('2D SPACE',''
  ) );
#1018 = PCURVE('',#611,#1019);
#1019 = DEFINITIONAL_REPRESENTATION('',(#1020),#1024);
#1020 = LINE('',#1021,#1022);
#1021 = CARTESIAN_POINT('',(0.,-0.));
#1022 = VECTOR('',#1023,1.);
#1023 = DIRECTION('',(0.,1.));
#1024 = ( GEOMETRIC_REPRESENTATION_CONTEXT(2) 
PARAMETRIC_REPRESENTATION_CONTEXT() REPRESENTATION_CONTEXT('2D SPACE',''
  ) );
#1025 = ORIENTED_EDGE('',*,*,#1026,.F.);
#1026 = EDGE_CURVE('',#1004,#1004,#1027,.T.);
#1027 = SURFACE_CURVE('',#1028,(#1033,#1040),.PCURVE_S1.);
#1028 = CIRCLE('',#1029,7.);
#1029 = AXIS2_PLACEMENT_3D('',#1030,#1031,#1032);
#1030 = CARTESIAN_POINT('',(-34.64101615137,-20.,100.));
#1031 = DIRECTION('',(-0.866025403784,-0.5,2.22044604925E-16));
#1032 = DIRECTION('',(-1.922962686384E-16,-1.110223024625E-16,-1.));
#1033 = PCURVE('',#611,#1034);
#1034 = DEFINITIONAL_REPRESENTATION('',(#1035),#1039);
#1035 = LINE('',#1036,#1037);
#1036 = CARTESIAN_POINT('',(0.,11.));
#1037 = VECTOR('',#1038,1.);
#1038 = DIRECTION('',(1.,0.));
#1039 = ( GEOMETRIC_REPRESENTATION_CONTEXT(2) 
PARAMETRIC_REPRESENTATION_CONTEXT() REPRESENTATION_CONTEXT('2D SPACE',''
  ) );
#1040 = PCURVE('',#1041,#1046);
#1041 = PLANE('',#1042);
#1042 = AXIS2_PLACEMENT_3D('',#1043,#1044,#1045);
#1043 = CARTESIAN_POINT('',(-34.64101615137,-20.,100.));
#1044 = DIRECTION('',(-0.866025403784,-0.5,2.22044604925E-16));
#1045 = DIRECTION('',(-1.922962686384E-16,-1.110223024625E-16,-1.));
#1046 = DEFINITIONAL_REPRESENTATION('',(#1047),#1051);
#1047 = CIRCLE('',#1048,7.);
#1048 = AXIS2_PLACEMENT_2D('',#1049,#1050);
#1049 = CARTESIAN_POINT('',(0.,0.));
#1050 = DIRECTION('',(1.,0.));
#1051 = ( GEOMETRIC_REPRESENTATION_CONTEXT(2) 
PARAMETRIC_REPRESENTATION_CONTEXT() REPRESENTATION_CONTEXT('2D SPACE',''
  ) );
#1052 = ORIENTED_EDGE('',*,*,#1003,.F.);
#1053 = ORIENTED_EDGE('',*,*,#405,.T.);
#1054 = ADVANCED_FACE('',(#1055),#741,.F.);
#1055 = FACE_BOUND('',#1056,.F.);
#1056 = EDGE_LOOP('',(#1057,#1058,#1081,#1108));
#1057 = ORIENTED_EDGE('',*,*,#724,.F.);
#1058 = ORIENTED_EDGE('',*,*,#1059,.F.);
#1059 = EDGE_CURVE('',#1060,#725,#1062,.T.);
#1060 = VERTEX_POINT('',#1061);
#1061 = CARTESIAN_POINT('',(2.3,-29.5,114.));
#1062 = SEAM_CURVE('',#1063,(#1067,#1074),.PCURVE_S1.);
#1063 = LINE('',#1064,#1065);
#1064 = CARTESIAN_POINT('',(2.3,-29.5,114.));
#1065 = VECTOR('',#1066,1.);
#1066 = DIRECTION('',(0.,0.,1.));
#1067 = PCURVE('',#741,#1068);
#1068 = DEFINITIONAL_REPRESENTATION('',(#1069),#1073);
#1069 = LINE('',#1070,#1071);
#1070 = CARTESIAN_POINT('',(6.28318530718,-0.));
#1071 = VECTOR('',#1072,1.);
#1072 = DIRECTION('',(0.,1.));
#1073 = ( GEOMETRIC_REPRESENTATION_CONTEXT(2) 
PARAMETRIC_REPRESENTATION_CONTEXT() REPRESENTATION_CONTEXT('2D SPACE',''
  ) );
#1074 = PCURVE('',#741,#1075);
#1075 = DEFINITIONAL_REPRESENTATION('',(#1076),#1080);
#1076 = LINE('',#1077,#1078);
#1077 = CARTESIAN_POINT('',(0.,-0.));
#1078 = VECTOR('',#1079,1.);
#1079 = DIRECTION('',(0.,1.));
#1080 = ( GEOMETRIC_REPRESENTATION_CONTEXT(2) 
PARAMETRIC_REPRESENTATION_CONTEXT() REPRESENTATION_CONTEXT('2D SPACE',''
  ) );
#1081 = ORIENTED_EDGE('',*,*,#1082,.T.);
#1082 = EDGE_CURVE('',#1060,#1060,#1083,.T.);
#1083 = SURFACE_CURVE('',#1084,(#1089,#1096),.PCURVE_S1.);
#1084 = CIRCLE('',#1085,2.3);
#1085 = AXIS2_PLACEMENT_3D('',#1086,#1087,#1088);
#1086 = CARTESIAN_POINT('',(0.,-29.5,114.));
#1087 = DIRECTION('',(0.,0.,1.));
#1088 = DIRECTION('',(1.,0.,-0.));
#1089 = PCURVE('',#741,#1090);
#1090 = DEFINITIONAL_REPRESENTATION('',(#1091),#1095);
#1091 = LINE('',#1092,#1093);
#1092 = CARTESIAN_POINT('',(0.,0.));
#1093 = VECTOR('',#1094,1.);
#1094 = DIRECTION('',(1.,0.));
#1095 = ( GEOMETRIC_REPRESENTATION_CONTEXT(2) 
PARAMETRIC_REPRESENTATION_CONTEXT() REPRESENTATION_CONTEXT('2D SPACE',''
  ) );
#1096 = PCURVE('',#1097,#1102);
#1097 = PLANE('',#1098);
#1098 = AXIS2_PLACEMENT_3D('',#1099,#1100,#1101);
#1099 = CARTESIAN_POINT('',(0.,-29.5,114.));
#1100 = DIRECTION('',(0.,0.,1.));
#1101 = DIRECTION('',(1.,0.,-0.));
#1102 = DEFINITIONAL_REPRESENTATION('',(#1103),#1107);
#1103 = CIRCLE('',#1104,2.3);
#1104 = AXIS2_PLACEMENT_2D('',#1105,#1106);
#1105 = CARTESIAN_POINT('',(0.,0.));
#1106 = DIRECTION('',(1.,0.));
#1107 = ( GEOMETRIC_REPRESENTATION_CONTEXT(2) 
PARAMETRIC_REPRESENTATION_CONTEXT() REPRESENTATION_CONTEXT('2D SPACE',''
  ) );
#1108 = ORIENTED_EDGE('',*,*,#1059,.T.);
#1109 = ADVANCED_FACE('',(#1110),#774,.T.);
#1110 = FACE_BOUND('',#1111,.T.);
#1111 = EDGE_LOOP('',(#1112,#1113,#1134,#1163));
#1112 = ORIENTED_EDGE('',*,*,#755,.F.);
#1113 = ORIENTED_EDGE('',*,*,#1114,.F.);
#1114 = EDGE_CURVE('',#1115,#756,#1117,.T.);
#1115 = VERTEX_POINT('',#1116);
#1116 = CARTESIAN_POINT('',(3.794053221144,-30.76694915254,69.));
#1117 = SURFACE_CURVE('',#1118,(#1122,#1128),.PCURVE_S1.);
#1118 = LINE('',#1119,#1120);
#1119 = CARTESIAN_POINT('',(3.794053221144,-30.76694915254,69.));
#1120 = VECTOR('',#1121,1.);
#1121 = DIRECTION('',(0.,0.,1.));
#1122 = PCURVE('',#774,#1123);
#1123 = DEFINITIONAL_REPRESENTATION('',(#1124),#1127);
#1124 = B_SPLINE_CURVE_WITH_KNOTS('',1,(#1125,#1126),.UNSPECIFIED.,.F.,
  .F.,(2,2),(0.,51.),.PIECEWISE_BEZIER_KNOTS.);
#1125 = CARTESIAN_POINT('',(5.960897621201,0.));
#1126 = CARTESIAN_POINT('',(5.960897621201,51.));
#1127 = ( GEOMETRIC_REPRESENTATION_CONTEXT(2) 
PARAMETRIC_REPRESENTATION_CONTEXT() REPRESENTATION_CONTEXT('2D SPACE',''
  ) );
#1128 = PCURVE('',#867,#1129);
#1129 = DEFINITIONAL_REPRESENTATION('',(#1130),#1133);
#1130 = B_SPLINE_CURVE_WITH_KNOTS('',1,(#1131,#1132),.UNSPECIFIED.,.F.,
  .F.,(2,2),(0.,51.),.PIECEWISE_BEZIER_KNOTS.);
#1131 = CARTESIAN_POINT('',(4.835085416176,0.));
#1132 = CARTESIAN_POINT('',(4.835085416176,51.));
#1133 = ( GEOMETRIC_REPRESENTATION_CONTEXT(2) 
PARAMETRIC_REPRESENTATION_CONTEXT() REPRESENTATION_CONTEXT('2D SPACE',''
  ) );
#1134 = ORIENTED_EDGE('',*,*,#1135,.T.);
#1135 = EDGE_CURVE('',#1115,#1136,#1138,.T.);
#1136 = VERTEX_POINT('',#1137);
#1137 = CARTESIAN_POINT('',(-3.794053221144,-30.76694915254,69.));
#1138 = SURFACE_CURVE('',#1139,(#1144,#1151),.PCURVE_S1.);
#1139 = CIRCLE('',#1140,4.);
#1140 = AXIS2_PLACEMENT_3D('',#1141,#1142,#1143);
#1141 = CARTESIAN_POINT('',(0.,-29.5,69.));
#1142 = DIRECTION('',(-0.,0.,1.));
#1143 = DIRECTION('',(0.948513305286,-0.316737288136,0.));
#1144 = PCURVE('',#774,#1145);
#1145 = DEFINITIONAL_REPRESENTATION('',(#1146),#1150);
#1146 = LINE('',#1147,#1148);
#1147 = CARTESIAN_POINT('',(5.960897621201,0.));
#1148 = VECTOR('',#1149,1.);
#1149 = DIRECTION('',(1.,0.));
#1150 = ( GEOMETRIC_REPRESENTATION_CONTEXT(2) 
PARAMETRIC_REPRESENTATION_CONTEXT() REPRESENTATION_CONTEXT('2D SPACE',''
  ) );
#1151 = PCURVE('',#1152,#1157);
#1152 = PLANE('',#1153);
#1153 = AXIS2_PLACEMENT_3D('',#1154,#1155,#1156);
#1154 = CARTESIAN_POINT('',(0.,0.,69.));
#1155 = DIRECTION('',(0.,0.,1.));
#1156 = DIRECTION('',(1.,0.,-0.));
#1157 = DEFINITIONAL_REPRESENTATION('',(#1158),#1162);
#1158 = CIRCLE('',#1159,4.);
#1159 = AXIS2_PLACEMENT_2D('',#1160,#1161);
#1160 = CARTESIAN_POINT('',(0.,-29.5));
#1161 = DIRECTION('',(0.948513305286,-0.316737288136));
#1162 = ( GEOMETRIC_REPRESENTATION_CONTEXT(2) 
PARAMETRIC_REPRESENTATION_CONTEXT() REPRESENTATION_CONTEXT('2D SPACE',''
  ) );
#1163 = ORIENTED_EDGE('',*,*,#1164,.T.);
#1164 = EDGE_CURVE('',#1136,#758,#1165,.T.);
#1165 = SURFACE_CURVE('',#1166,(#1170,#1176),.PCURVE_S1.);
#1166 = LINE('',#1167,#1168);
#1167 = CARTESIAN_POINT('',(-3.794053221144,-30.76694915254,69.));
#1168 = VECTOR('',#1169,1.);
#1169 = DIRECTION('',(0.,0.,1.));
#1170 = PCURVE('',#774,#1171);
#1171 = DEFINITIONAL_REPRESENTATION('',(#1172),#1175);
#1172 = B_SPLINE_CURVE_WITH_KNOTS('',1,(#1173,#1174),.UNSPECIFIED.,.F.,
  .F.,(2,2),(0.,51.),.PIECEWISE_BEZIER_KNOTS.);
#1173 = CARTESIAN_POINT('',(9.747065646748,0.));
#1174 = CARTESIAN_POINT('',(9.747065646748,51.));
#1175 = ( GEOMETRIC_REPRESENTATION_CONTEXT(2) 
PARAMETRIC_REPRESENTATION_CONTEXT() REPRESENTATION_CONTEXT('2D SPACE',''
  ) );
#1176 = PCURVE('',#807,#1177);
#1177 = DEFINITIONAL_REPRESENTATION('',(#1178),#1181);
#1178 = B_SPLINE_CURVE_WITH_KNOTS('',1,(#1179,#1180),.UNSPECIFIED.,.F.,
  .F.,(2,2),(0.,51.),.PIECEWISE_BEZIER_KNOTS.);
#1179 = CARTESIAN_POINT('',(10.872877851773,0.));
#1180 = CARTESIAN_POINT('',(10.872877851773,51.));
#1181 = ( GEOMETRIC_REPRESENTATION_CONTEXT(2) 
PARAMETRIC_REPRESENTATION_CONTEXT() REPRESENTATION_CONTEXT('2D SPACE',''
  ) );
#1182 = ADVANCED_FACE('',(#1183,#1343),#867,.F.);
#1183 = FACE_BOUND('',#1184,.F.);
#1184 = EDGE_LOOP('',(#1185,#1215,#1234,#1235,#1236,#1264,#1290,#1319));
#1185 = ORIENTED_EDGE('',*,*,#1186,.F.);
#1186 = EDGE_CURVE('',#1187,#1189,#1191,.T.);
#1187 = VERTEX_POINT('',#1188);
#1188 = CARTESIAN_POINT('',(3.794053221144,30.766949152542,69.));
#1189 = VERTEX_POINT('',#1190);
#1190 = CARTESIAN_POINT('',(30.801785662523,3.500000000001,69.));
#1191 = SURFACE_CURVE('',#1192,(#1197,#1204),.PCURVE_S1.);
#1192 = CIRCLE('',#1193,31.);
#1193 = AXIS2_PLACEMENT_3D('',#1194,#1195,#1196);
#1194 = CARTESIAN_POINT('',(0.,0.,69.));
#1195 = DIRECTION('',(-0.,0.,-1.));
#1196 = DIRECTION('',(-0.122388813585,-0.992482230727,0.));
#1197 = PCURVE('',#867,#1198);
#1198 = DEFINITIONAL_REPRESENTATION('',(#1199),#1203);
#1199 = LINE('',#1200,#1201);
#1200 = CARTESIAN_POINT('',(10.872877851773,0.));
#1201 = VECTOR('',#1202,1.);
#1202 = DIRECTION('',(-1.,-0.));
#1203 = ( GEOMETRIC_REPRESENTATION_CONTEXT(2) 
PARAMETRIC_REPRESENTATION_CONTEXT() REPRESENTATION_CONTEXT('2D SPACE',''
  ) );
#1204 = PCURVE('',#1152,#1205);
#1205 = DEFINITIONAL_REPRESENTATION('',(#1206),#1214);
#1206 = ( BOUNDED_CURVE() B_SPLINE_CURVE(2,(#1207,#1208,#1209,#1210,
#1211,#1212,#1213),.UNSPECIFIED.,.T.,.F.) B_SPLINE_CURVE_WITH_KNOTS((1,2
    ,2,2,2,1),(-2.094395102393,0.,2.094395102393,4.188790204786,
6.28318530718,8.377580409573),.UNSPECIFIED.) CURVE() 
GEOMETRIC_REPRESENTATION_ITEM() RATIONAL_B_SPLINE_CURVE((1.,0.5,1.,0.5,
1.,0.5,1.)) REPRESENTATION_ITEM('') );
#1207 = CARTESIAN_POINT('',(-3.794053221144,-30.76694915254));
#1208 = CARTESIAN_POINT('',(-57.08397234723,-24.1954562069));
#1209 = CARTESIAN_POINT('',(-24.74793295247,18.669221049092));
#1210 = CARTESIAN_POINT('',(7.588106442287,61.533898305085));
#1211 = CARTESIAN_POINT('',(28.541986173618,12.097728103451));
#1212 = CARTESIAN_POINT('',(49.495865904948,-37.33844209818));
#1213 = CARTESIAN_POINT('',(-3.794053221144,-30.76694915254));
#1214 = ( GEOMETRIC_REPRESENTATION_CONTEXT(2) 
PARAMETRIC_REPRESENTATION_CONTEXT() REPRESENTATION_CONTEXT('2D SPACE',''
  ) );
#1215 = ORIENTED_EDGE('',*,*,#1216,.T.);
#1216 = EDGE_CURVE('',#1187,#820,#1217,.T.);
#1217 = SURFACE_CURVE('',#1218,(#1222,#1228),.PCURVE_S1.);
#1218 = LINE('',#1219,#1220);
#1219 = CARTESIAN_POINT('',(3.794053221144,30.766949152542,69.));
#1220 = VECTOR('',#1221,1.);
#1221 = DIRECTION('',(0.,0.,1.));
#1222 = PCURVE('',#867,#1223);
#1223 = DEFINITIONAL_REPRESENTATION('',(#1224),#1227);
#1224 = B_SPLINE_CURVE_WITH_KNOTS('',1,(#1225,#1226),.UNSPECIFIED.,.F.,
  .F.,(2,2),(-2.399999999625E-06,51.0000024),.PIECEWISE_BEZIER_KNOTS.);
#1225 = CARTESIAN_POINT('',(7.731285198183,-2.399999999625E-06));
#1226 = CARTESIAN_POINT('',(7.731285198183,51.0000024));
#1227 = ( GEOMETRIC_REPRESENTATION_CONTEXT(2) 
PARAMETRIC_REPRESENTATION_CONTEXT() REPRESENTATION_CONTEXT('2D SPACE',''
  ) );
#1228 = PCURVE('',#836,#1229);
#1229 = DEFINITIONAL_REPRESENTATION('',(#1230),#1233);
#1230 = B_SPLINE_CURVE_WITH_KNOTS('',1,(#1231,#1232),.UNSPECIFIED.,.F.,
  .F.,(2,2),(0.,51.),.PIECEWISE_BEZIER_KNOTS.);
#1231 = CARTESIAN_POINT('',(6.605472993158,0.));
#1232 = CARTESIAN_POINT('',(6.605472993158,51.));
#1233 = ( GEOMETRIC_REPRESENTATION_CONTEXT(2) 
PARAMETRIC_REPRESENTATION_CONTEXT() REPRESENTATION_CONTEXT('2D SPACE',''
  ) );
#1234 = ORIENTED_EDGE('',*,*,#848,.T.);
#1235 = ORIENTED_EDGE('',*,*,#1114,.F.);
#1236 = ORIENTED_EDGE('',*,*,#1237,.F.);
#1237 = EDGE_CURVE('',#1238,#1115,#1240,.T.);
#1238 = VERTEX_POINT('',#1239);
#1239 = CARTESIAN_POINT('',(30.801785662523,-3.500000000001,69.));
#1240 = SURFACE_CURVE('',#1241,(#1246,#1253),.PCURVE_S1.);
#1241 = CIRCLE('',#1242,31.);
#1242 = AXIS2_PLACEMENT_3D('',#1243,#1244,#1245);
#1243 = CARTESIAN_POINT('',(0.,0.,69.));
#1244 = DIRECTION('',(-0.,0.,-1.));
#1245 = DIRECTION('',(-0.122388813585,-0.992482230727,0.));
#1246 = PCURVE('',#867,#1247);
#1247 = DEFINITIONAL_REPRESENTATION('',(#1248),#1252);
#1248 = LINE('',#1249,#1250);
#1249 = CARTESIAN_POINT('',(10.872877851773,0.));
#1250 = VECTOR('',#1251,1.);
#1251 = DIRECTION('',(-1.,-0.));
#1252 = ( GEOMETRIC_REPRESENTATION_CONTEXT(2) 
PARAMETRIC_REPRESENTATION_CONTEXT() REPRESENTATION_CONTEXT('2D SPACE',''
  ) );
#1253 = PCURVE('',#1152,#1254);
#1254 = DEFINITIONAL_REPRESENTATION('',(#1255),#1263);
#1255 = ( BOUNDED_CURVE() B_SPLINE_CURVE(2,(#1256,#1257,#1258,#1259,
#1260,#1261,#1262),.UNSPECIFIED.,.T.,.F.) B_SPLINE_CURVE_WITH_KNOTS((1,2
    ,2,2,2,1),(-2.094395102393,0.,2.094395102393,4.188790204786,
6.28318530718,8.377580409573),.UNSPECIFIED.) CURVE() 
GEOMETRIC_REPRESENTATION_ITEM() RATIONAL_B_SPLINE_CURVE((1.,0.5,1.,0.5,
1.,0.5,1.)) REPRESENTATION_ITEM('') );
#1256 = CARTESIAN_POINT('',(-3.794053221144,-30.76694915254));
#1257 = CARTESIAN_POINT('',(-57.08397234723,-24.1954562069));
#1258 = CARTESIAN_POINT('',(-24.74793295247,18.669221049092));
#1259 = CARTESIAN_POINT('',(7.588106442287,61.533898305085));
#1260 = CARTESIAN_POINT('',(28.541986173618,12.097728103451));
#1261 = CARTESIAN_POINT('',(49.495865904948,-37.33844209818));
#1262 = CARTESIAN_POINT('',(-3.794053221144,-30.76694915254));
#1263 = ( GEOMETRIC_REPRESENTATION_CONTEXT(2) 
PARAMETRIC_REPRESENTATION_CONTEXT() REPRESENTATION_CONTEXT('2D SPACE',''
  ) );
#1264 = ORIENTED_EDGE('',*,*,#1265,.T.);
#1265 = EDGE_CURVE('',#1238,#1266,#1268,.T.);
#1266 = VERTEX_POINT('',#1267);
#1267 = CARTESIAN_POINT('',(30.801785662523,-3.5,118.));
#1268 = SURFACE_CURVE('',#1269,(#1273,#1279),.PCURVE_S1.);
#1269 = LINE('',#1270,#1271);
#1270 = CARTESIAN_POINT('',(30.801785662523,-3.5,69.));
#1271 = VECTOR('',#1272,1.);
#1272 = DIRECTION('',(0.,0.,1.));
#1273 = PCURVE('',#867,#1274);
#1274 = DEFINITIONAL_REPRESENTATION('',(#1275),#1278);
#1275 = B_SPLINE_CURVE_WITH_KNOTS('',1,(#1276,#1277),.UNSPECIFIED.,.F.,
  .F.,(2,2),(-2.399999999625E-06,51.0000024),.PIECEWISE_BEZIER_KNOTS.);
#1276 = CARTESIAN_POINT('',(6.170040829415,-2.399999999625E-06));
#1277 = CARTESIAN_POINT('',(6.170040829415,51.0000024));
#1278 = ( GEOMETRIC_REPRESENTATION_CONTEXT(2) 
PARAMETRIC_REPRESENTATION_CONTEXT() REPRESENTATION_CONTEXT('2D SPACE',''
  ) );
#1279 = PCURVE('',#1280,#1285);
#1280 = PLANE('',#1281);
#1281 = AXIS2_PLACEMENT_3D('',#1282,#1283,#1284);
#1282 = CARTESIAN_POINT('',(26.,-3.5,69.));
#1283 = DIRECTION('',(-0.,1.,0.));
#1284 = DIRECTION('',(0.,0.,1.));
#1285 = DEFINITIONAL_REPRESENTATION('',(#1286),#1289);
#1286 = B_SPLINE_CURVE_WITH_KNOTS('',1,(#1287,#1288),.UNSPECIFIED.,.F.,
  .F.,(2,2),(-2.399999999625E-06,51.0000024),.PIECEWISE_BEZIER_KNOTS.);
#1287 = CARTESIAN_POINT('',(-2.399999999625E-06,4.801785662523));
#1288 = CARTESIAN_POINT('',(51.0000024,4.801785662523));
#1289 = ( GEOMETRIC_REPRESENTATION_CONTEXT(2) 
PARAMETRIC_REPRESENTATION_CONTEXT() REPRESENTATION_CONTEXT('2D SPACE',''
  ) );
#1290 = ORIENTED_EDGE('',*,*,#1291,.T.);
#1291 = EDGE_CURVE('',#1266,#1292,#1294,.T.);
#1292 = VERTEX_POINT('',#1293);
#1293 = CARTESIAN_POINT('',(30.801785662523,3.5,118.));
#1294 = SURFACE_CURVE('',#1295,(#1300,#1307),.PCURVE_S1.);
#1295 = CIRCLE('',#1296,31.);
#1296 = AXIS2_PLACEMENT_3D('',#1297,#1298,#1299);
#1297 = CARTESIAN_POINT('',(0.,0.,118.));
#1298 = DIRECTION('',(0.,0.,1.));
#1299 = DIRECTION('',(1.,0.,-0.));
#1300 = PCURVE('',#867,#1301);
#1301 = DEFINITIONAL_REPRESENTATION('',(#1302),#1306);
#1302 = LINE('',#1303,#1304);
#1303 = CARTESIAN_POINT('',(0.,49.));
#1304 = VECTOR('',#1305,1.);
#1305 = DIRECTION('',(1.,0.));
#1306 = ( GEOMETRIC_REPRESENTATION_CONTEXT(2) 
PARAMETRIC_REPRESENTATION_CONTEXT() REPRESENTATION_CONTEXT('2D SPACE',''
  ) );
#1307 = PCURVE('',#1308,#1313);
#1308 = PLANE('',#1309);
#1309 = AXIS2_PLACEMENT_3D('',#1310,#1311,#1312);
#1310 = CARTESIAN_POINT('',(26.,-3.5,118.));
#1311 = DIRECTION('',(0.,0.,1.));
#1312 = DIRECTION('',(1.,0.,-0.));
#1313 = DEFINITIONAL_REPRESENTATION('',(#1314),#1318);
#1314 = CIRCLE('',#1315,31.);
#1315 = AXIS2_PLACEMENT_2D('',#1316,#1317);
#1316 = CARTESIAN_POINT('',(-26.,3.5));
#1317 = DIRECTION('',(1.,0.));
#1318 = ( GEOMETRIC_REPRESENTATION_CONTEXT(2) 
PARAMETRIC_REPRESENTATION_CONTEXT() REPRESENTATION_CONTEXT('2D SPACE',''
  ) );
#1319 = ORIENTED_EDGE('',*,*,#1320,.F.);
#1320 = EDGE_CURVE('',#1189,#1292,#1321,.T.);
#1321 = SURFACE_CURVE('',#1322,(#1326,#1332),.PCURVE_S1.);
#1322 = LINE('',#1323,#1324);
#1323 = CARTESIAN_POINT('',(30.801785662523,3.5,69.));
#1324 = VECTOR('',#1325,1.);
#1325 = DIRECTION('',(0.,0.,1.));
#1326 = PCURVE('',#867,#1327);
#1327 = DEFINITIONAL_REPRESENTATION('',(#1328),#1331);
#1328 = B_SPLINE_CURVE_WITH_KNOTS('',1,(#1329,#1330),.UNSPECIFIED.,.F.,
  .F.,(2,2),(-2.399999999625E-06,51.0000024),.PIECEWISE_BEZIER_KNOTS.);
#1329 = CARTESIAN_POINT('',(6.396329784944,-2.399999999625E-06));
#1330 = CARTESIAN_POINT('',(6.396329784944,51.0000024));
#1331 = ( GEOMETRIC_REPRESENTATION_CONTEXT(2) 
PARAMETRIC_REPRESENTATION_CONTEXT() REPRESENTATION_CONTEXT('2D SPACE',''
  ) );
#1332 = PCURVE('',#1333,#1338);
#1333 = PLANE('',#1334);
#1334 = AXIS2_PLACEMENT_3D('',#1335,#1336,#1337);
#1335 = CARTESIAN_POINT('',(26.,3.5,69.));
#1336 = DIRECTION('',(-0.,1.,0.));
#1337 = DIRECTION('',(0.,0.,1.));
#1338 = DEFINITIONAL_REPRESENTATION('',(#1339),#1342);
#1339 = B_SPLINE_CURVE_WITH_KNOTS('',1,(#1340,#1341),.UNSPECIFIED.,.F.,
  .F.,(2,2),(-2.399999999625E-06,51.0000024),.PIECEWISE_BEZIER_KNOTS.);
#1340 = CARTESIAN_POINT('',(-2.399999999625E-06,4.801785662523));
#1341 = CARTESIAN_POINT('',(51.0000024,4.801785662523));
#1342 = ( GEOMETRIC_REPRESENTATION_CONTEXT(2) 
PARAMETRIC_REPRESENTATION_CONTEXT() REPRESENTATION_CONTEXT('2D SPACE',''
  ) );
#1343 = FACE_BOUND('',#1344,.F.);
#1344 = EDGE_LOOP('',(#1345));
#1345 = ORIENTED_EDGE('',*,*,#1346,.F.);
#1346 = EDGE_CURVE('',#1347,#1347,#1349,.T.);
#1347 = VERTEX_POINT('',#1348);
#1348 = CARTESIAN_POINT('',(21.920310216783,21.920310216783,80.));
#1349 = SURFACE_CURVE('',#1350,(#1409,#1471),.PCURVE_S1.);
#1350 = B_SPLINE_CURVE_WITH_KNOTS('',8,(#1351,#1352,#1353,#1354,#1355,
    #1356,#1357,#1358,#1359,#1360,#1361,#1362,#1363,#1364,#1365,#1366,
    #1367,#1368,#1369,#1370,#1371,#1372,#1373,#1374,#1375,#1376,#1377,
    #1378,#1379,#1380,#1381,#1382,#1383,#1384,#1385,#1386,#1387,#1388,
    #1389,#1390,#1391,#1392,#1393,#1394,#1395,#1396,#1397,#1398,#1399,
    #1400,#1401,#1402,#1403,#1404,#1405,#1406,#1407,#1408),
  .UNSPECIFIED.,.T.,.F.,(9,7,7,7,7,7,7,7,9),(0.,0.142649018996,
    0.278867997692,0.448934960923,0.595159460354,0.689786935389,
    0.793882692951,0.894586561687,1.),.UNSPECIFIED.);
#1351 = CARTESIAN_POINT('',(21.920310216783,21.920310216783,80.));
#1352 = CARTESIAN_POINT('',(21.749286715851,22.091333717714,80.));
#1353 = CARTESIAN_POINT('',(21.58091165068,22.256658855796,
    80.033427105567));
#1354 = CARTESIAN_POINT('',(21.418948375545,22.412782892712,
    80.097428543309));
#1355 = CARTESIAN_POINT('',(21.266800341907,22.556915179816,
    80.188393073574));
#1356 = CARTESIAN_POINT('',(21.127396912231,22.686971325232,
    80.301979760422));
#1357 = CARTESIAN_POINT('',(21.00299410775,22.801581995726,
    80.43316395823));
#1358 = CARTESIAN_POINT('',(20.894950585698,22.900136299664,
    80.576293993505));
#1359 = CARTESIAN_POINT('',(20.716248155275,23.061893357742,
    80.867300130255));
#1360 = CARTESIAN_POINT('',(20.642183848024,23.128245188002,
    81.017830618929));
#1361 = CARTESIAN_POINT('',(20.581071626773,23.182558890544,
    81.174498599608));
#1362 = CARTESIAN_POINT('',(20.532596326634,23.225392491404,
    81.335579500686));
#1363 = CARTESIAN_POINT('',(20.49646343885,23.2571986335,81.499715024364
    ));
#1364 = CARTESIAN_POINT('',(20.472447293193,23.278297991601,
    81.665794053526));
#1365 = CARTESIAN_POINT('',(20.460429291854,23.2888564166,
    81.832855489103));
#1366 = CARTESIAN_POINT('',(20.460429291854,23.2888564166,
    82.208676938127));
#1367 = CARTESIAN_POINT('',(20.47916223422,23.272398437843,
    82.417267048339));
#1368 = CARTESIAN_POINT('',(20.516599894173,23.239508149857,
    82.624014839763));
#1369 = CARTESIAN_POINT('',(20.573061426455,23.189753491174,
    82.827029026291));
#1370 = CARTESIAN_POINT('',(20.64908446776,23.12236677679,
    83.023934537602));
#1371 = CARTESIAN_POINT('',(20.74531394698,23.036294353049,
    83.211636805798));
#1372 = CARTESIAN_POINT('',(20.862327073545,22.930296499426,
    83.385973200539));
#1373 = CARTESIAN_POINT('',(21.118954001532,22.693959449661,
    83.674342142839));
#1374 = CARTESIAN_POINT('',(21.257106435509,22.56542617649,
    83.797905498773));
#1375 = CARTESIAN_POINT('',(21.412338075933,22.419084323011,
    83.901333851584));
#1376 = CARTESIAN_POINT('',(21.580439255472,22.257979016358,
    83.976830377051));
#1377 = CARTESIAN_POINT('',(21.755912061613,22.086533799353,
    84.019205709334));
#1378 = CARTESIAN_POINT('',(21.932867245118,21.910149566704,
    84.025986855306));
#1379 = CARTESIAN_POINT('',(22.105611275733,21.734701276204,
    83.997531488126));
#1380 = CARTESIAN_POINT('',(22.37504676514,21.45647773543,
    83.898101711002));
#1381 = CARTESIAN_POINT('',(22.477862647169,21.349081368037,
    83.84537912358));
#1382 = CARTESIAN_POINT('',(22.576681832008,21.244683310135,
    83.779370544627));
#1383 = CARTESIAN_POINT('',(22.670626469189,21.144350829536,
    83.700622013268));
#1384 = CARTESIAN_POINT('',(22.758895225815,21.049122330043,
    83.609848588499));
#1385 = CARTESIAN_POINT('',(22.840766658905,20.959987543018,
    83.507925345451));
#1386 = CARTESIAN_POINT('',(22.915606620765,20.87785962217,
    83.395874402538));
#1387 = CARTESIAN_POINT('',(23.0568840167,20.721782265685,
    83.141711834982));
#1388 = CARTESIAN_POINT('',(23.121741321922,20.649462734746,
    82.997694614196));
#1389 = CARTESIAN_POINT('',(23.176732763868,20.587652424996,
    82.844327956113));
#1390 = CARTESIAN_POINT('',(23.221294671171,20.537250744416,
    82.683294518907));
#1391 = CARTESIAN_POINT('',(23.25500417331,20.498961483636,
    82.516407113941));
#1392 = CARTESIAN_POINT('',(23.277573994236,20.473271222438,
    82.345578435556));
#1393 = CARTESIAN_POINT('',(23.2888564166,20.460429291854,
    82.172781386639));
#1394 = CARTESIAN_POINT('',(23.2888564166,20.460429291854,
    81.832848576276));
#1395 = CARTESIAN_POINT('',(23.278297132305,20.47244827028,
    81.66578766743));
#1396 = CARTESIAN_POINT('',(23.25719763734,20.496464574417,
    81.499712003906));
#1397 = CARTESIAN_POINT('',(23.2253921358,20.532596719753,
    81.335579483551));
#1398 = CARTESIAN_POINT('',(23.182559226703,20.581071238314,
    81.174499647951));
#1399 = CARTESIAN_POINT('',(23.128245513578,20.642183495847,
    81.017830943732));
#1400 = CARTESIAN_POINT('',(23.061892998195,20.716248552487,
    80.867299483418));
#1401 = CARTESIAN_POINT('',(22.900171219438,20.894912007794,
    80.576356815298));
#1402 = CARTESIAN_POINT('',(22.801621195099,21.002951506646,
    80.433205596882));
#1403 = CARTESIAN_POINT('',(22.686984705928,21.127383378333,
    80.301972628763));
#1404 = CARTESIAN_POINT('',(22.55688330957,21.266835809595,
    80.188347511993));
#1405 = CARTESIAN_POINT('',(22.412704426474,21.419031789313,
    80.097374385225));
#1406 = CARTESIAN_POINT('',(22.256555475987,21.581017982087,
    80.033394740464));
#1407 = CARTESIAN_POINT('',(22.091250900563,21.749369533003,80.));
#1408 = CARTESIAN_POINT('',(21.920310216783,21.920310216783,80.));
#1409 = PCURVE('',#867,#1410);
#1410 = DEFINITIONAL_REPRESENTATION('',(#1411),#1470);
#1411 = B_SPLINE_CURVE_WITH_KNOTS('',8,(#1412,#1413,#1414,#1415,#1416,
    #1417,#1418,#1419,#1420,#1421,#1422,#1423,#1424,#1425,#1426,#1427,
    #1428,#1429,#1430,#1431,#1432,#1433,#1434,#1435,#1436,#1437,#1438,
    #1439,#1440,#1441,#1442,#1443,#1444,#1445,#1446,#1447,#1448,#1449,
    #1450,#1451,#1452,#1453,#1454,#1455,#1456,#1457,#1458,#1459,#1460,
    #1461,#1462,#1463,#1464,#1465,#1466,#1467,#1468,#1469),
  .UNSPECIFIED.,.T.,.F.,(9,7,7,7,7,7,7,7,9),(0.,0.142649018996,
    0.278867997692,0.448934960923,0.595159460354,0.689786935389,
    0.793882692951,0.894586561687,1.),.UNSPECIFIED.);
#1412 = CARTESIAN_POINT('',(7.068583470577,11.));
#1413 = CARTESIAN_POINT('',(7.076385527174,11.));
#1414 = CARTESIAN_POINT('',(7.083997195219,11.033427105567));
#1415 = CARTESIAN_POINT('',(7.091253452833,11.097428543309));
#1416 = CARTESIAN_POINT('',(7.09801360815,11.188393073574));
#1417 = CARTESIAN_POINT('',(7.104163385125,11.301979760422));
#1418 = CARTESIAN_POINT('',(7.109619719908,11.43316395823));
#1419 = CARTESIAN_POINT('',(7.114337127544,11.576293993505));
#1420 = CARTESIAN_POINT('',(7.12211258618,11.867300130255));
#1421 = CARTESIAN_POINT('',(7.125320249018,12.017830618929));
#1422 = CARTESIAN_POINT('',(7.127957639446,12.174498599608));
#1423 = CARTESIAN_POINT('',(7.130044349684,12.335579500686));
#1424 = CARTESIAN_POINT('',(7.131597170374,12.499715024364));
#1425 = CARTESIAN_POINT('',(7.132628398909,12.665794053526));
#1426 = CARTESIAN_POINT('',(7.133144439895,12.832855489103));
#1427 = CARTESIAN_POINT('',(7.133144439895,13.208676938127));
#1428 = CARTESIAN_POINT('',(7.132340063075,13.417267048339));
#1429 = CARTESIAN_POINT('',(7.130732539896,13.624014839763));
#1430 = CARTESIAN_POINT('',(7.12830493778,13.827029026291));
#1431 = CARTESIAN_POINT('',(7.125027880006,14.023934537602));
#1432 = CARTESIAN_POINT('',(7.1208632445,14.211636805798));
#1433 = CARTESIAN_POINT('',(7.115770357775,14.385973200539));
#1434 = CARTESIAN_POINT('',(7.104516380272,14.674342142839));
#1435 = CARTESIAN_POINT('',(7.098429430257,14.797905498773));
#1436 = CARTESIAN_POINT('',(7.091547833651,14.901333851585));
#1437 = CARTESIAN_POINT('',(7.084037513245,14.97683037705));
#1438 = CARTESIAN_POINT('',(7.076124594619,15.019205709335));
#1439 = CARTESIAN_POINT('',(7.06806553744,15.025986855305));
#1440 = CARTESIAN_POINT('',(7.060123339901,14.997531488126));
#1441 = CARTESIAN_POINT('',(7.047629686087,14.898101711002));
#1442 = CARTESIAN_POINT('',(7.042833707338,14.84537912358));
#1443 = CARTESIAN_POINT('',(7.038196718037,14.779370544627));
#1444 = CARTESIAN_POINT('',(7.033763003537,14.700622013269));
#1445 = CARTESIAN_POINT('',(7.029574532068,14.609848588499));
#1446 = CARTESIAN_POINT('',(7.025670432981,14.507925345451));
#1447 = CARTESIAN_POINT('',(7.022086174704,14.395874402538));
#1448 = CARTESIAN_POINT('',(7.015295147707,14.141711834982));
#1449 = CARTESIAN_POINT('',(7.012161566302,13.997694614196));
#1450 = CARTESIAN_POINT('',(7.009492821588,13.844327956113));
#1451 = CARTESIAN_POINT('',(7.007322632762,13.683294518907));
#1452 = CARTESIAN_POINT('',(7.005677031062,13.516407113941));
#1453 = CARTESIAN_POINT('',(7.004573923094,13.345578435556));
#1454 = CARTESIAN_POINT('',(7.00402250126,13.172781386639));
#1455 = CARTESIAN_POINT('',(7.00402250126,12.832848576276));
#1456 = CARTESIAN_POINT('',(7.004538584218,12.66578766743));
#1457 = CARTESIAN_POINT('',(7.005569819511,12.499712003906));
#1458 = CARTESIAN_POINT('',(7.007122608569,12.335579483551));
#1459 = CARTESIAN_POINT('',(7.009209285136,12.174499647951));
#1460 = CARTESIAN_POINT('',(7.011846676669,12.017830943732));
#1461 = CARTESIAN_POINT('',(7.015054372257,11.867299483418));
#1462 = CARTESIAN_POINT('',(7.022828135061,11.576356815298));
#1463 = CARTESIAN_POINT('',(7.027545353802,11.433205596882));
#1464 = CARTESIAN_POINT('',(7.033002942671,11.301972628763));
#1465 = CARTESIAN_POINT('',(7.039154870735,11.188347511993));
#1466 = CARTESIAN_POINT('',(7.045917181923,11.097374385225));
#1467 = CARTESIAN_POINT('',(7.05317452941,11.033394740464));
#1468 = CARTESIAN_POINT('',(7.060785192081,11.));
#1469 = CARTESIAN_POINT('',(7.068583470577,11.));
#1470 = ( GEOMETRIC_REPRESENTATION_CONTEXT(2) 
PARAMETRIC_REPRESENTATION_CONTEXT() REPRESENTATION_CONTEXT('2D SPACE',''
  ) );
#1471 = PCURVE('',#1472,#1477);
#1472 = CYLINDRICAL_SURFACE('',#1473,2.);
#1473 = AXIS2_PLACEMENT_3D('',#1474,#1475,#1476);
#1474 = CARTESIAN_POINT('',(19.798989873223,19.798989873223,82.));
#1475 = DIRECTION('',(0.707106781187,0.707106781187,2.22044604925E-16));
#1476 = DIRECTION('',(1.570092458684E-16,1.570092458684E-16,-1.));
#1477 = DEFINITIONAL_REPRESENTATION('',(#1478),#1537);
#1478 = B_SPLINE_CURVE_WITH_KNOTS('',8,(#1479,#1480,#1481,#1482,#1483,
    #1484,#1485,#1486,#1487,#1488,#1489,#1490,#1491,#1492,#1493,#1494,
    #1495,#1496,#1497,#1498,#1499,#1500,#1501,#1502,#1503,#1504,#1505,
    #1506,#1507,#1508,#1509,#1510,#1511,#1512,#1513,#1514,#1515,#1516,
    #1517,#1518,#1519,#1520,#1521,#1522,#1523,#1524,#1525,#1526,#1527,
    #1528,#1529,#1530,#1531,#1532,#1533,#1534,#1535,#1536),
  .UNSPECIFIED.,.F.,.F.,(9,7,7,7,7,7,7,7,9),(0.,0.142649018996,
    0.278867997692,0.448934960923,0.595159460354,0.689786935389,
    0.793882692951,0.894586561687,1.),.UNSPECIFIED.);
#1479 = CARTESIAN_POINT('',(0.,3.));
#1480 = CARTESIAN_POINT('',(0.120931877251,3.));
#1481 = CARTESIAN_POINT('',(0.238912675892,2.997843375872));
#1482 = CARTESIAN_POINT('',(0.35406850091,2.993714410931));
#1483 = CARTESIAN_POINT('',(0.466352511519,2.9880464222));
#1484 = CARTESIAN_POINT('',(0.575570205694,2.981436894114));
#1485 = CARTESIAN_POINT('',(0.681347860606,2.97451280977));
#1486 = CARTESIAN_POINT('',(0.783049272933,2.967802919294));
#1487 = CARTESIAN_POINT('',(0.971888426236,2.955820731599));
#1488 = CARTESIAN_POINT('',(1.06152601864,2.950367186819));
#1489 = CARTESIAN_POINT('',(1.149091816695,2.945559908137));
#1490 = CARTESIAN_POINT('',(1.235032136383,2.94157062432));
#1491 = CARTESIAN_POINT('',(1.31976419109,2.938511153103));
#1492 = CARTESIAN_POINT('',(1.403693431359,2.936448672843));
#1493 = CARTESIAN_POINT('',(1.487224071346,2.935416596516));
#1494 = CARTESIAN_POINT('',(1.675134795858,2.935416596516));
#1495 = CARTESIAN_POINT('',(1.779429386077,2.937025238711));
#1496 = CARTESIAN_POINT('',(1.884535878806,2.940240716265));
#1497 = CARTESIAN_POINT('',(1.991227181727,2.944983192067));
#1498 = CARTESIAN_POINT('',(2.100278149122,2.951089997398));
#1499 = CARTESIAN_POINT('',(2.212501378294,2.958272120204));
#1500 = CARTESIAN_POINT('',(2.328817348628,2.966061094397));
#1501 = CARTESIAN_POINT('',(2.555016038149,2.980408204878));
#1502 = CARTESIAN_POINT('',(2.667047221437,2.987209978713));
#1503 = CARTESIAN_POINT('',(2.783906334238,2.993496007345));
#1504 = CARTESIAN_POINT('',(2.903926077422,2.998442836504));
#1505 = CARTESIAN_POINT('',(3.025898930022,3.001290772092));
#1506 = CARTESIAN_POINT('',(3.148778186326,3.001694495315));
#1507 = CARTESIAN_POINT('',(3.271553719709,2.999782294812));
#1508 = CARTESIAN_POINT('',(3.47146087769,2.993568204098));
#1509 = CARTESIAN_POINT('',(3.550002944294,2.990329311836));
#1510 = CARTESIAN_POINT('',(3.628540094769,2.986384452861));
#1511 = CARTESIAN_POINT('',(3.707076138275,2.981867565462));
#1512 = CARTESIAN_POINT('',(3.785615717147,2.976946284087));
#1513 = CARTESIAN_POINT('',(3.864159306236,2.971810317265));
#1514 = CARTESIAN_POINT('',(3.94270235846,2.966656952043));
#1515 = CARTESIAN_POINT('',(4.107633052345,2.956191799577));
#1516 = CARTESIAN_POINT('',(4.194031191197,2.95091520917));
#1517 = CARTESIAN_POINT('',(4.280422481609,2.946093541506));
#1518 = CARTESIAN_POINT('',(4.366810808542,2.941964198222));
#1519 = CARTESIAN_POINT('',(4.453202634305,2.93872581983));
#1520 = CARTESIAN_POINT('',(4.539599988502,2.936519335353));
#1521 = CARTESIAN_POINT('',(4.625998287065,2.935416596516));
#1522 = CARTESIAN_POINT('',(4.795964692247,2.935416596516));
#1523 = CARTESIAN_POINT('',(4.879495061504,2.936448756134));
#1524 = CARTESIAN_POINT('',(4.963422742619,2.938511251679));
#1525 = CARTESIAN_POINT('',(5.048153300613,2.941570650847));
#1526 = CARTESIAN_POINT('',(5.134092928369,2.945559871155));
#1527 = CARTESIAN_POINT('',(5.221659014614,2.950367168008));
#1528 = CARTESIAN_POINT('',(5.311297300687,2.955820758232));
#1529 = CARTESIAN_POINT('',(5.500095268048,2.967800332605));
#1530 = CARTESIAN_POINT('',(5.601802983202,2.974510404383));
#1531 = CARTESIAN_POINT('',(5.707610000375,2.981436785784));
#1532 = CARTESIAN_POINT('',(5.81686375196,2.988048965976));
#1533 = CARTESIAN_POINT('',(5.929177907082,2.993717909363));
#1534 = CARTESIAN_POINT('',(6.04434678742,2.997845462968));
#1535 = CARTESIAN_POINT('',(6.162311990498,3.));
#1536 = CARTESIAN_POINT('',(6.28318530718,3.));
#1537 = ( GEOMETRIC_REPRESENTATION_CONTEXT(2) 
PARAMETRIC_REPRESENTATION_CONTEXT() REPRESENTATION_CONTEXT('2D SPACE',''
  ) );
#1538 = ADVANCED_FACE('',(#1539,#1699),#807,.F.);
#1539 = FACE_BOUND('',#1540,.F.);
#1540 = EDGE_LOOP('',(#1541,#1569,#1570,#1571,#1592,#1620,#1646,#1675));
#1541 = ORIENTED_EDGE('',*,*,#1542,.F.);
#1542 = EDGE_CURVE('',#1136,#1543,#1545,.T.);
#1543 = VERTEX_POINT('',#1544);
#1544 = CARTESIAN_POINT('',(-30.80178566252,-3.500000000001,69.));
#1545 = SURFACE_CURVE('',#1546,(#1551,#1558),.PCURVE_S1.);
#1546 = CIRCLE('',#1547,31.);
#1547 = AXIS2_PLACEMENT_3D('',#1548,#1549,#1550);
#1548 = CARTESIAN_POINT('',(0.,0.,69.));
#1549 = DIRECTION('',(-0.,0.,-1.));
#1550 = DIRECTION('',(-0.122388813585,-0.992482230727,0.));
#1551 = PCURVE('',#807,#1552);
#1552 = DEFINITIONAL_REPRESENTATION('',(#1553),#1557);
#1553 = LINE('',#1554,#1555);
#1554 = CARTESIAN_POINT('',(10.872877851773,0.));
#1555 = VECTOR('',#1556,1.);
#1556 = DIRECTION('',(-1.,-0.));
#1557 = ( GEOMETRIC_REPRESENTATION_CONTEXT(2) 
PARAMETRIC_REPRESENTATION_CONTEXT() REPRESENTATION_CONTEXT('2D SPACE',''
  ) );
#1558 = PCURVE('',#1152,#1559);
#1559 = DEFINITIONAL_REPRESENTATION('',(#1560),#1568);
#1560 = ( BOUNDED_CURVE() B_SPLINE_CURVE(2,(#1561,#1562,#1563,#1564,
#1565,#1566,#1567),.UNSPECIFIED.,.T.,.F.) B_SPLINE_CURVE_WITH_KNOTS((1,2
    ,2,2,2,1),(-2.094395102393,0.,2.094395102393,4.188790204786,
6.28318530718,8.377580409573),.UNSPECIFIED.) CURVE() 
GEOMETRIC_REPRESENTATION_ITEM() RATIONAL_B_SPLINE_CURVE((1.,0.5,1.,0.5,
1.,0.5,1.)) REPRESENTATION_ITEM('') );
#1561 = CARTESIAN_POINT('',(-3.794053221144,-30.76694915254));
#1562 = CARTESIAN_POINT('',(-57.08397234723,-24.1954562069));
#1563 = CARTESIAN_POINT('',(-24.74793295247,18.669221049092));
#1564 = CARTESIAN_POINT('',(7.588106442287,61.533898305085));
#1565 = CARTESIAN_POINT('',(28.541986173618,12.097728103451));
#1566 = CARTESIAN_POINT('',(49.495865904948,-37.33844209818));
#1567 = CARTESIAN_POINT('',(-3.794053221144,-30.76694915254));
#1568 = ( GEOMETRIC_REPRESENTATION_CONTEXT(2) 
PARAMETRIC_REPRESENTATION_CONTEXT() REPRESENTATION_CONTEXT('2D SPACE',''
  ) );
#1569 = ORIENTED_EDGE('',*,*,#1164,.T.);
#1570 = ORIENTED_EDGE('',*,*,#786,.T.);
#1571 = ORIENTED_EDGE('',*,*,#1572,.F.);
#1572 = EDGE_CURVE('',#1573,#787,#1575,.T.);
#1573 = VERTEX_POINT('',#1574);
#1574 = CARTESIAN_POINT('',(-3.794053221144,30.766949152542,69.));
#1575 = SURFACE_CURVE('',#1576,(#1580,#1586),.PCURVE_S1.);
#1576 = LINE('',#1577,#1578);
#1577 = CARTESIAN_POINT('',(-3.794053221144,30.766949152542,69.));
#1578 = VECTOR('',#1579,1.);
#1579 = DIRECTION('',(0.,0.,1.));
#1580 = PCURVE('',#807,#1581);
#1581 = DEFINITIONAL_REPRESENTATION('',(#1582),#1585);
#1582 = B_SPLINE_CURVE_WITH_KNOTS('',1,(#1583,#1584),.UNSPECIFIED.,.F.,
  .F.,(2,2),(-2.399999999625E-06,51.0000024),.PIECEWISE_BEZIER_KNOTS.);
#1583 = CARTESIAN_POINT('',(7.976678069766,-2.399999999625E-06));
#1584 = CARTESIAN_POINT('',(7.976678069766,51.0000024));
#1585 = ( GEOMETRIC_REPRESENTATION_CONTEXT(2) 
PARAMETRIC_REPRESENTATION_CONTEXT() REPRESENTATION_CONTEXT('2D SPACE',''
  ) );
#1586 = PCURVE('',#836,#1587);
#1587 = DEFINITIONAL_REPRESENTATION('',(#1588),#1591);
#1588 = B_SPLINE_CURVE_WITH_KNOTS('',1,(#1589,#1590),.UNSPECIFIED.,.F.,
  .F.,(2,2),(0.,51.),.PIECEWISE_BEZIER_KNOTS.);
#1589 = CARTESIAN_POINT('',(2.819304967611,0.));
#1590 = CARTESIAN_POINT('',(2.819304967611,51.));
#1591 = ( GEOMETRIC_REPRESENTATION_CONTEXT(2) 
PARAMETRIC_REPRESENTATION_CONTEXT() REPRESENTATION_CONTEXT('2D SPACE',''
  ) );
#1592 = ORIENTED_EDGE('',*,*,#1593,.F.);
#1593 = EDGE_CURVE('',#1594,#1573,#1596,.T.);
#1594 = VERTEX_POINT('',#1595);
#1595 = CARTESIAN_POINT('',(-30.80178566252,3.500000000001,69.));
#1596 = SURFACE_CURVE('',#1597,(#1602,#1609),.PCURVE_S1.);
#1597 = CIRCLE('',#1598,31.);
#1598 = AXIS2_PLACEMENT_3D('',#1599,#1600,#1601);
#1599 = CARTESIAN_POINT('',(0.,0.,69.));
#1600 = DIRECTION('',(-0.,0.,-1.));
#1601 = DIRECTION('',(-0.122388813585,-0.992482230727,0.));
#1602 = PCURVE('',#807,#1603);
#1603 = DEFINITIONAL_REPRESENTATION('',(#1604),#1608);
#1604 = LINE('',#1605,#1606);
#1605 = CARTESIAN_POINT('',(10.872877851773,0.));
#1606 = VECTOR('',#1607,1.);
#1607 = DIRECTION('',(-1.,-0.));
#1608 = ( GEOMETRIC_REPRESENTATION_CONTEXT(2) 
PARAMETRIC_REPRESENTATION_CONTEXT() REPRESENTATION_CONTEXT('2D SPACE',''
  ) );
#1609 = PCURVE('',#1152,#1610);
#1610 = DEFINITIONAL_REPRESENTATION('',(#1611),#1619);
#1611 = ( BOUNDED_CURVE() B_SPLINE_CURVE(2,(#1612,#1613,#1614,#1615,
#1616,#1617,#1618),.UNSPECIFIED.,.T.,.F.) B_SPLINE_CURVE_WITH_KNOTS((1,2
    ,2,2,2,1),(-2.094395102393,0.,2.094395102393,4.188790204786,
6.28318530718,8.377580409573),.UNSPECIFIED.) CURVE() 
GEOMETRIC_REPRESENTATION_ITEM() RATIONAL_B_SPLINE_CURVE((1.,0.5,1.,0.5,
1.,0.5,1.)) REPRESENTATION_ITEM('') );
#1612 = CARTESIAN_POINT('',(-3.794053221144,-30.76694915254));
#1613 = CARTESIAN_POINT('',(-57.08397234723,-24.1954562069));
#1614 = CARTESIAN_POINT('',(-24.74793295247,18.669221049092));
#1615 = CARTESIAN_POINT('',(7.588106442287,61.533898305085));
#1616 = CARTESIAN_POINT('',(28.541986173618,12.097728103451));
#1617 = CARTESIAN_POINT('',(49.495865904948,-37.33844209818));
#1618 = CARTESIAN_POINT('',(-3.794053221144,-30.76694915254));
#1619 = ( GEOMETRIC_REPRESENTATION_CONTEXT(2) 
PARAMETRIC_REPRESENTATION_CONTEXT() REPRESENTATION_CONTEXT('2D SPACE',''
  ) );
#1620 = ORIENTED_EDGE('',*,*,#1621,.T.);
#1621 = EDGE_CURVE('',#1594,#1622,#1624,.T.);
#1622 = VERTEX_POINT('',#1623);
#1623 = CARTESIAN_POINT('',(-30.80178566252,3.5,118.));
#1624 = SURFACE_CURVE('',#1625,(#1629,#1635),.PCURVE_S1.);
#1625 = LINE('',#1626,#1627);
#1626 = CARTESIAN_POINT('',(-30.80178566252,3.5,69.));
#1627 = VECTOR('',#1628,1.);
#1628 = DIRECTION('',(0.,0.,1.));
#1629 = PCURVE('',#807,#1630);
#1630 = DEFINITIONAL_REPRESENTATION('',(#1631),#1634);
#1631 = B_SPLINE_CURVE_WITH_KNOTS('',1,(#1632,#1633),.UNSPECIFIED.,.F.,
  .F.,(2,2),(-2.399999999625E-06,51.0000024),.PIECEWISE_BEZIER_KNOTS.);
#1632 = CARTESIAN_POINT('',(9.311633483005,-2.399999999625E-06));
#1633 = CARTESIAN_POINT('',(9.311633483005,51.0000024));
#1634 = ( GEOMETRIC_REPRESENTATION_CONTEXT(2) 
PARAMETRIC_REPRESENTATION_CONTEXT() REPRESENTATION_CONTEXT('2D SPACE',''
  ) );
#1635 = PCURVE('',#1636,#1641);
#1636 = PLANE('',#1637);
#1637 = AXIS2_PLACEMENT_3D('',#1638,#1639,#1640);
#1638 = CARTESIAN_POINT('',(-32.,3.5,69.));
#1639 = DIRECTION('',(-0.,1.,0.));
#1640 = DIRECTION('',(0.,0.,1.));
#1641 = DEFINITIONAL_REPRESENTATION('',(#1642),#1645);
#1642 = B_SPLINE_CURVE_WITH_KNOTS('',1,(#1643,#1644),.UNSPECIFIED.,.F.,
  .F.,(2,2),(-2.399999999625E-06,51.0000024),.PIECEWISE_BEZIER_KNOTS.);
#1643 = CARTESIAN_POINT('',(-2.399999999625E-06,1.198214337477));
#1644 = CARTESIAN_POINT('',(51.0000024,1.198214337477));
#1645 = ( GEOMETRIC_REPRESENTATION_CONTEXT(2) 
PARAMETRIC_REPRESENTATION_CONTEXT() REPRESENTATION_CONTEXT('2D SPACE',''
  ) );
#1646 = ORIENTED_EDGE('',*,*,#1647,.T.);
#1647 = EDGE_CURVE('',#1622,#1648,#1650,.T.);
#1648 = VERTEX_POINT('',#1649);
#1649 = CARTESIAN_POINT('',(-30.80178566252,-3.5,118.));
#1650 = SURFACE_CURVE('',#1651,(#1656,#1663),.PCURVE_S1.);
#1651 = CIRCLE('',#1652,31.);
#1652 = AXIS2_PLACEMENT_3D('',#1653,#1654,#1655);
#1653 = CARTESIAN_POINT('',(0.,0.,118.));
#1654 = DIRECTION('',(0.,0.,1.));
#1655 = DIRECTION('',(1.,0.,-0.));
#1656 = PCURVE('',#807,#1657);
#1657 = DEFINITIONAL_REPRESENTATION('',(#1658),#1662);
#1658 = LINE('',#1659,#1660);
#1659 = CARTESIAN_POINT('',(6.28318530718,49.));
#1660 = VECTOR('',#1661,1.);
#1661 = DIRECTION('',(1.,0.));
#1662 = ( GEOMETRIC_REPRESENTATION_CONTEXT(2) 
PARAMETRIC_REPRESENTATION_CONTEXT() REPRESENTATION_CONTEXT('2D SPACE',''
  ) );
#1663 = PCURVE('',#1664,#1669);
#1664 = PLANE('',#1665);
#1665 = AXIS2_PLACEMENT_3D('',#1666,#1667,#1668);
#1666 = CARTESIAN_POINT('',(-32.,-3.5,118.));
#1667 = DIRECTION('',(0.,0.,1.));
#1668 = DIRECTION('',(1.,0.,-0.));
#1669 = DEFINITIONAL_REPRESENTATION('',(#1670),#1674);
#1670 = CIRCLE('',#1671,31.);
#1671 = AXIS2_PLACEMENT_2D('',#1672,#1673);
#1672 = CARTESIAN_POINT('',(32.,3.5));
#1673 = DIRECTION('',(1.,0.));
#1674 = ( GEOMETRIC_REPRESENTATION_CONTEXT(2) 
PARAMETRIC_REPRESENTATION_CONTEXT() REPRESENTATION_CONTEXT('2D SPACE',''
  ) );
#1675 = ORIENTED_EDGE('',*,*,#1676,.F.);
#1676 = EDGE_CURVE('',#1543,#1648,#1677,.T.);
#1677 = SURFACE_CURVE('',#1678,(#1682,#1688),.PCURVE_S1.);
#1678 = LINE('',#1679,#1680);
#1679 = CARTESIAN_POINT('',(-30.80178566252,-3.5,69.));
#1680 = VECTOR('',#1681,1.);
#1681 = DIRECTION('',(0.,0.,1.));
#1682 = PCURVE('',#807,#1683);
#1683 = DEFINITIONAL_REPRESENTATION('',(#1684),#1687);
#1684 = B_SPLINE_CURVE_WITH_KNOTS('',1,(#1685,#1686),.UNSPECIFIED.,.F.,
  .F.,(2,2),(-2.399999999625E-06,51.0000024),.PIECEWISE_BEZIER_KNOTS.);
#1685 = CARTESIAN_POINT('',(9.537922438534,-2.399999999625E-06));
#1686 = CARTESIAN_POINT('',(9.537922438534,51.0000024));
#1687 = ( GEOMETRIC_REPRESENTATION_CONTEXT(2) 
PARAMETRIC_REPRESENTATION_CONTEXT() REPRESENTATION_CONTEXT('2D SPACE',''
  ) );
#1688 = PCURVE('',#1689,#1694);
#1689 = PLANE('',#1690);
#1690 = AXIS2_PLACEMENT_3D('',#1691,#1692,#1693);
#1691 = CARTESIAN_POINT('',(-32.,-3.5,69.));
#1692 = DIRECTION('',(-0.,1.,0.));
#1693 = DIRECTION('',(0.,0.,1.));
#1694 = DEFINITIONAL_REPRESENTATION('',(#1695),#1698);
#1695 = B_SPLINE_CURVE_WITH_KNOTS('',1,(#1696,#1697),.UNSPECIFIED.,.F.,
  .F.,(2,2),(-2.399999999625E-06,51.0000024),.PIECEWISE_BEZIER_KNOTS.);
#1696 = CARTESIAN_POINT('',(-2.399999999625E-06,1.198214337477));
#1697 = CARTESIAN_POINT('',(51.0000024,1.198214337477));
#1698 = ( GEOMETRIC_REPRESENTATION_CONTEXT(2) 
PARAMETRIC_REPRESENTATION_CONTEXT() REPRESENTATION_CONTEXT('2D SPACE',''
  ) );
#1699 = FACE_BOUND('',#1700,.F.);
#1700 = EDGE_LOOP('',(#1701));
#1701 = ORIENTED_EDGE('',*,*,#1702,.F.);
#1702 = EDGE_CURVE('',#1703,#1703,#1705,.T.);
#1703 = VERTEX_POINT('',#1704);
#1704 = CARTESIAN_POINT('',(-26.84678751731,-15.5,93.));
#1705 = SURFACE_CURVE('',#1706,(#1817,#1931),.PCURVE_S1.);
#1706 = B_SPLINE_CURVE_WITH_KNOTS('',7,(#1707,#1708,#1709,#1710,#1711,
    #1712,#1713,#1714,#1715,#1716,#1717,#1718,#1719,#1720,#1721,#1722,
    #1723,#1724,#1725,#1726,#1727,#1728,#1729,#1730,#1731,#1732,#1733,
    #1734,#1735,#1736,#1737,#1738,#1739,#1740,#1741,#1742,#1743,#1744,
    #1745,#1746,#1747,#1748,#1749,#1750,#1751,#1752,#1753,#1754,#1755,
    #1756,#1757,#1758,#1759,#1760,#1761,#1762,#1763,#1764,#1765,#1766,
    #1767,#1768,#1769,#1770,#1771,#1772,#1773,#1774,#1775,#1776,#1777,
    #1778,#1779,#1780,#1781,#1782,#1783,#1784,#1785,#1786,#1787,#1788,
    #1789,#1790,#1791,#1792,#1793,#1794,#1795,#1796,#1797,#1798,#1799,
    #1800,#1801,#1802,#1803,#1804,#1805,#1806,#1807,#1808,#1809,#1810,
    #1811,#1812,#1813,#1814,#1815,#1816),.UNSPECIFIED.,.T.,.F.,(8,6,6,6,
    6,6,6,6,6,6,6,6,6,6,6,6,6,6,8),(0.,4.486686265375E-02,
    7.374446481572E-02,0.111919894045,0.143587706476,0.192915926085,
    0.250388817995,0.355304013162,0.455782573299,0.529699674932,
    0.611658676127,0.672524422165,0.749951937058,0.807346615542,
    0.856607702659,0.888232418163,0.926355894499,0.955194196947,1.),
  .UNSPECIFIED.);
#1707 = CARTESIAN_POINT('',(-26.84678751731,-15.5,93.));
#1708 = CARTESIAN_POINT('',(-26.67503528656,-15.79748358997,93.));
#1709 = CARTESIAN_POINT('',(-26.49974394023,-16.09221582848,
    93.019665954288));
#1710 = CARTESIAN_POINT('',(-26.32210629481,-16.38218729631,
    93.058871118506));
#1711 = CARTESIAN_POINT('',(-26.14345559701,-16.66550118813,
    93.117035693719));
#1712 = CARTESIAN_POINT('',(-25.96523263066,-16.94041655051,
    93.193134362746));
#1713 = CARTESIAN_POINT('',(-25.78893450506,-17.20537978596,
    93.285699019002));
#1714 = CARTESIAN_POINT('',(-25.50476855129,-17.62231027301,
    93.461760697792));
#1715 = CARTESIAN_POINT('',(-25.39477044031,-17.78109167225,
    93.536816244377));
#1716 = CARTESIAN_POINT('',(-25.28626061773,-17.93529122227,
    93.617618483533));
#1717 = CARTESIAN_POINT('',(-25.17944083453,-18.08483103123,
    93.703798811163));
#1718 = CARTESIAN_POINT('',(-25.07450293642,-18.22965160044,
    93.794984508916));
#1719 = CARTESIAN_POINT('',(-24.97162703343,-18.36971071084,
    93.890798389965));
#1720 = CARTESIAN_POINT('',(-24.73792650626,-18.68380779901,
    94.123135201012));
#1721 = CARTESIAN_POINT('',(-24.60873609412,-18.8543092742,
    94.262864231312));
#1722 = CARTESIAN_POINT('',(-24.483635142,-19.01663723884,
    94.409330430513));
#1723 = CARTESIAN_POINT('',(-24.36281501283,-19.17096066162,
    94.561878418014));
#1724 = CARTESIAN_POINT('',(-24.24643465923,-19.31746128371,
    94.71990765011));
#1725 = CARTESIAN_POINT('',(-24.13462355915,-19.45632792626,
    94.882867532316));
#1726 = CARTESIAN_POINT('',(-23.93860929626,-19.69677052438,
    95.189104061881));
#1727 = CARTESIAN_POINT('',(-23.85293205841,-19.800688894,95.33102701704
    ));
#1728 = CARTESIAN_POINT('',(-23.77049677907,-19.89963230373,
    95.475762569567));
#1729 = CARTESIAN_POINT('',(-23.69133959285,-19.99372145792,
    95.623073737211));
#1730 = CARTESIAN_POINT('',(-23.61548935239,-20.0830716338,
    95.772745345599));
#1731 = CARTESIAN_POINT('',(-23.54296805301,-20.16779294692,
    95.924583990776));
#1732 = CARTESIAN_POINT('',(-23.36603616127,-20.37291267322,
    96.318041685627));
#1733 = CARTESIAN_POINT('',(-23.2663905664,-20.48686515418,
    96.562519494462));
#1734 = CARTESIAN_POINT('',(-23.17493011685,-20.5902255624,
    96.811172356374));
#1735 = CARTESIAN_POINT('',(-23.09170427445,-20.68333101833,
    97.063413784815));
#1736 = CARTESIAN_POINT('',(-23.01674416204,-20.76647563542,
    97.318735005019));
#1737 = CARTESIAN_POINT('',(-22.95007040676,-20.8399078956,
    97.57669008047));
#1738 = CARTESIAN_POINT('',(-22.82369407805,-20.97830212295,
    98.140032602028));
#1739 = CARTESIAN_POINT('',(-22.76696404141,-21.03985960721,
    98.446202265149));
#1740 = CARTESIAN_POINT('',(-22.72155007753,-21.08880369919,
    98.754698159354));
#1741 = CARTESIAN_POINT('',(-22.6874762398,-21.1253616141,
    99.064894854458));
#1742 = CARTESIAN_POINT('',(-22.66475547398,-21.14968438664,
    99.376212786556));
#1743 = CARTESIAN_POINT('',(-22.65339366124,-21.16184669703,
    99.688097685103));
#1744 = CARTESIAN_POINT('',(-22.65339366124,-21.16184669703,
    100.56936916087));
#1745 = CARTESIAN_POINT('',(-22.69125454738,-21.12131775988,
    101.13835391322));
#1746 = CARTESIAN_POINT('',(-22.76688590603,-21.04035393469,
    101.70389301523));
#1747 = CARTESIAN_POINT('',(-22.88025272746,-20.91808356303,
    102.26276054462));
#1748 = CARTESIAN_POINT('',(-23.03128932346,-20.75274821242,
    102.81122241356));
#1749 = CARTESIAN_POINT('',(-23.21971493722,-20.54174161695,
    103.3445339964));
#1750 = CARTESIAN_POINT('',(-23.66027086702,-20.03247609039,
    104.34638316813));
#1751 = CARTESIAN_POINT('',(-23.91028217584,-19.73723018789,
    104.8187805804));
#1752 = CARTESIAN_POINT('',(-24.19420040775,-19.39263083783,
    105.26657201888));
#1753 = CARTESIAN_POINT('',(-24.51045522412,-18.99530008223,
    105.68114762225));
#1754 = CARTESIAN_POINT('',(-24.85620091869,-18.54198282193,
    106.0519562841));
#1755 = CARTESIAN_POINT('',(-25.2268547482,-18.03006755619,
    106.36605128995));
#1756 = CARTESIAN_POINT('',(-25.90235321465,-17.03897097729,
    106.78457220157));
#1757 = CARTESIAN_POINT('',(-26.19914664783,-16.58624347241,
    106.9227559365));
#1758 = CARTESIAN_POINT('',(-26.49884788679,-16.10796166674,
    107.01187103486));
#1759 = CARTESIAN_POINT('',(-26.79384758256,-15.61289472029,
    107.04621886081));
#1760 = CARTESIAN_POINT('',(-27.0774858554,-15.11121123889,107.024144973
    ));
#1761 = CARTESIAN_POINT('',(-27.34464165996,-14.61383933387,
    106.94803942796));
#1762 = CARTESIAN_POINT('',(-27.86563515941,-13.59659863271,
    106.68751022055));
#1763 = CARTESIAN_POINT('',(-28.11249385962,-13.0847925139,
    106.49338662727));
#1764 = CARTESIAN_POINT('',(-28.33263598882,-12.60121118772,
    106.25066082078));
#1765 = CARTESIAN_POINT('',(-28.52736318067,-12.14992654179,
    105.96735318851));
#1766 = CARTESIAN_POINT('',(-28.69842750907,-11.73395145737,
    105.65115776377));
#1767 = CARTESIAN_POINT('',(-28.84773345669,-11.35522400285,
    105.3095406604));
#1768 = CARTESIAN_POINT('',(-29.07340255407,-10.76152986969,
    104.68255191031));
#1769 = CARTESIAN_POINT('',(-29.15913929918,-10.52821188397,
    104.40396927035));
#1770 = CARTESIAN_POINT('',(-29.23537309057,-10.314418004,
    104.11585698644));
#1771 = CARTESIAN_POINT('',(-29.30292182213,-10.11990843842,
    103.81974530281));
#1772 = CARTESIAN_POINT('',(-29.3624910219,-9.944408725263,
    103.5168897054));
#1773 = CARTESIAN_POINT('',(-29.41467432763,-9.78765011563,
    103.20832335741));
#1774 = CARTESIAN_POINT('',(-29.51755433436,-9.473554199354,
    102.49621478443));
#1775 = CARTESIAN_POINT('',(-29.56398141718,-9.327670639942,
    102.08968781216));
#1776 = CARTESIAN_POINT('',(-29.60020027244,-9.211387364357,
    101.67731033009));
#1777 = CARTESIAN_POINT('',(-29.6269082932,-9.124393436669,
    101.26074916962));
#1778 = CARTESIAN_POINT('',(-29.64456314651,-9.066465371235,
    100.84145632271));
#1779 = CARTESIAN_POINT('',(-29.65339366124,-9.03749104405,
    100.42076761345));
#1780 = CARTESIAN_POINT('',(-29.65339366124,-9.03749104405,
    99.688097675302));
#1781 = CARTESIAN_POINT('',(-29.64854169839,-9.053411815958,
    99.376212796273));
#1782 = CARTESIAN_POINT('',(-29.63883794188,-9.085249964263,
    99.064894862325));
#1783 = CARTESIAN_POINT('',(-29.62421477695,-9.13303773323,
    98.754698151666));
#1784 = CARTESIAN_POINT('',(-29.6045349322,-9.196839424603,
    98.446202255393));
#1785 = CARTESIAN_POINT('',(-29.57958960673,-9.276747815293,
    98.140032611582));
#1786 = CARTESIAN_POINT('',(-29.52292485424,-9.455390040762,
    97.576690087837));
#1787 = CARTESIAN_POINT('',(-29.49266752716,-9.54984734259,
    97.318734997924));
#1788 = CARTESIAN_POINT('',(-29.45814223336,-9.656337011145,
    97.063413778921));
#1789 = CARTESIAN_POINT('',(-29.41912346632,-9.774965427434,
    96.811172361882));
#1790 = CARTESIAN_POINT('',(-29.37534095171,-9.905852704535,
    96.56251950164));
#1791 = CARTESIAN_POINT('',(-29.32647800318,-10.04912456924,
    96.318041678797));
#1792 = CARTESIAN_POINT('',(-29.2373050568,-10.30491194093,
    95.924583990776));
#1793 = CARTESIAN_POINT('',(-29.20019489709,-10.41007788507,
    95.772745345599));
#1794 = CARTESIAN_POINT('',(-29.16074049518,-10.52044120813,
    95.623073737211));
#1795 = CARTESIAN_POINT('',(-29.11883549054,-10.63603791939,
    95.475762569568));
#1796 = CARTESIAN_POINT('',(-29.07436562384,-10.75690067033,
    95.33102701704));
#1797 = CARTESIAN_POINT('',(-29.02720829476,-10.88305851964,
    95.18910406188));
#1798 = CARTESIAN_POINT('',(-28.91698602762,-11.17303315108,
    94.882867531042));
#1799 = CARTESIAN_POINT('',(-28.85262953852,-11.33929772281,
    94.719907651242));
#1800 = CARTESIAN_POINT('',(-28.78394645471,-11.51333637701,
    94.561878419029));
#1801 = CARTESIAN_POINT('',(-28.71070851386,-11.69513139179,
    94.409330429688));
#1802 = CARTESIAN_POINT('',(-28.63267884878,-11.8846359768,
    94.26286423014));
#1803 = CARTESIAN_POINT('',(-28.54961544718,-12.0817688903,
    94.123135202025));
#1804 = CARTESIAN_POINT('',(-28.39444965248,-12.44120802936,
    93.890798389965));
#1805 = CARTESIAN_POINT('',(-28.32459285633,-12.60033072998,
    93.794984508917));
#1806 = CARTESIAN_POINT('',(-28.25164351346,-12.76361990017,
    93.703798811163));
#1807 = CARTESIAN_POINT('',(-28.17554813162,-12.93089845053,
    93.617618483533));
#1808 = CARTESIAN_POINT('',(-28.09626231535,-13.10197048845,
    93.536816244377));
#1809 = CARTESIAN_POINT('',(-28.01375264545,-13.27662234655,
    93.461760697792));
#1810 = CARTESIAN_POINT('',(-27.79476322893,-13.73118252493,
    93.285699019002));
#1811 = CARTESIAN_POINT('',(-27.65344739876,-14.01634279807,
    93.193134362746));
#1812 = CARTESIAN_POINT('',(-27.50447519423,-14.30814609566,
    93.117035693719));
#1813 = CARTESIAN_POINT('',(-27.34844351557,-14.60451908427,
    93.058871118506));
#1814 = CARTESIAN_POINT('',(-27.18613968076,-14.90334353178,
    93.019665954288));
#1815 = CARTESIAN_POINT('',(-27.01853974806,-15.20251641002,93.));
#1816 = CARTESIAN_POINT('',(-26.84678751731,-15.5,93.));
#1817 = PCURVE('',#807,#1818);
#1818 = DEFINITIONAL_REPRESENTATION('',(#1819),#1930);
#1819 = B_SPLINE_CURVE_WITH_KNOTS('',7,(#1820,#1821,#1822,#1823,#1824,
    #1825,#1826,#1827,#1828,#1829,#1830,#1831,#1832,#1833,#1834,#1835,
    #1836,#1837,#1838,#1839,#1840,#1841,#1842,#1843,#1844,#1845,#1846,
    #1847,#1848,#1849,#1850,#1851,#1852,#1853,#1854,#1855,#1856,#1857,
    #1858,#1859,#1860,#1861,#1862,#1863,#1864,#1865,#1866,#1867,#1868,
    #1869,#1870,#1871,#1872,#1873,#1874,#1875,#1876,#1877,#1878,#1879,
    #1880,#1881,#1882,#1883,#1884,#1885,#1886,#1887,#1888,#1889,#1890,
    #1891,#1892,#1893,#1894,#1895,#1896,#1897,#1898,#1899,#1900,#1901,
    #1902,#1903,#1904,#1905,#1906,#1907,#1908,#1909,#1910,#1911,#1912,
    #1913,#1914,#1915,#1916,#1917,#1918,#1919,#1920,#1921,#1922,#1923,
    #1924,#1925,#1926,#1927,#1928,#1929),.UNSPECIFIED.,.T.,.F.,(8,6,6,6,
    6,6,6,6,6,6,6,6,6,6,6,6,6,6,8),(0.,4.486686265375E-02,
    7.374446481572E-02,0.111919894045,0.143587706476,0.192915926085,
    0.250388817995,0.355304013162,0.455782573299,0.529699674932,
    0.611658676127,0.672524422165,0.749951937058,0.807346615542,
    0.856607702659,0.888232418163,0.926355894499,0.955194196947,1.),
  .UNSPECIFIED.);
#1820 = CARTESIAN_POINT('',(9.948376736368,24.));
#1821 = CARTESIAN_POINT('',(9.959457525448,24.));
#1822 = CARTESIAN_POINT('',(9.970518535611,24.019665954287));
#1823 = CARTESIAN_POINT('',(9.98148660781,24.058871118506));
#1824 = CARTESIAN_POINT('',(9.992289450985,24.117035693719));
#1825 = CARTESIAN_POINT('',(10.002856950942,24.193134362746));
#1826 = CARTESIAN_POINT('',(10.013122620152,24.285699019002));
#1827 = CARTESIAN_POINT('',(10.029398766022,24.461760697792));
#1828 = CARTESIAN_POINT('',(10.035629580827,24.536816244377));
#1829 = CARTESIAN_POINT('',(10.041711649024,24.617618483533));
#1830 = CARTESIAN_POINT('',(10.047639564763,24.703798811163));
#1831 = CARTESIAN_POINT('',(10.053408508863,24.794984508916));
#1832 = CARTESIAN_POINT('',(10.059014257475,24.890798389965));
#1833 = CARTESIAN_POINT('',(10.071643317221,25.123135201012));
#1834 = CARTESIAN_POINT('',(10.078543634947,25.262864231312));
#1835 = CARTESIAN_POINT('',(10.08515427943,25.409330430513));
#1836 = CARTESIAN_POINT('',(10.091476326831,25.561878418014));
#1837 = CARTESIAN_POINT('',(10.09751163193,25.71990765011));
#1838 = CARTESIAN_POINT('',(10.103262666091,25.882867532316));
#1839 = CARTESIAN_POINT('',(10.113269647746,26.189104061881));
#1840 = CARTESIAN_POINT('',(10.117614207182,26.33102701704));
#1841 = CARTESIAN_POINT('',(10.121768451932,26.475762569567));
#1842 = CARTESIAN_POINT('',(10.125734758665,26.623073737211));
#1843 = CARTESIAN_POINT('',(10.129515471764,26.772745345599));
#1844 = CARTESIAN_POINT('',(10.133112912773,26.924583990776));
#1845 = CARTESIAN_POINT('',(10.141851157228,27.318041685627));
#1846 = CARTESIAN_POINT('',(10.146734114313,27.562519494462));
#1847 = CARTESIAN_POINT('',(10.151186126641,27.811172356374));
#1848 = CARTESIAN_POINT('',(10.1552144603,28.063413784815));
#1849 = CARTESIAN_POINT('',(10.158825607549,28.318735005019));
#1850 = CARTESIAN_POINT('',(10.162025112426,28.57669008047));
#1851 = CARTESIAN_POINT('',(10.168070719411,29.140032602028));
#1852 = CARTESIAN_POINT('',(10.170771066148,29.446202265149));
#1853 = CARTESIAN_POINT('',(10.172924851826,29.754698159354));
#1854 = CARTESIAN_POINT('',(10.174536950053,30.064894854458));
#1855 = CARTESIAN_POINT('',(10.175610635396,30.376212786556));
#1856 = CARTESIAN_POINT('',(10.176147525954,30.688097685103));
#1857 = CARTESIAN_POINT('',(10.176147525954,31.569369160878));
#1858 = CARTESIAN_POINT('',(10.174358419032,32.138353913229));
#1859 = CARTESIAN_POINT('',(10.170784454629,32.703893015236));
#1860 = CARTESIAN_POINT('',(10.165405766592,33.262760544623));
#1861 = CARTESIAN_POINT('',(10.158182435619,33.811222413564));
#1862 = CARTESIAN_POINT('',(10.149058001739,34.344533996401));
#1863 = CARTESIAN_POINT('',(10.127336059562,35.346383168132));
#1864 = CARTESIAN_POINT('',(10.114856762246,35.818780580402));
#1865 = CARTESIAN_POINT('',(10.100455915416,36.266572018884));
#1866 = CARTESIAN_POINT('',(10.084079043197,36.68114762226));
#1867 = CARTESIAN_POINT('',(10.065696100281,37.0519562841));
#1868 = CARTESIAN_POINT('',(10.045316808061,37.366051289952));
#1869 = CARTESIAN_POINT('',(10.006626347685,37.784572201571));
#1870 = CARTESIAN_POINT('',(9.989166601562,37.922755936501));
#1871 = CARTESIAN_POINT('',(9.970965644873,38.011871034863));
#1872 = CARTESIAN_POINT('',(9.952384140417,38.046218860815));
#1873 = CARTESIAN_POINT('',(9.933800475506,38.024144973001));
#1874 = CARTESIAN_POINT('',(9.915591693996,37.948039427963));
#1875 = CARTESIAN_POINT('',(9.87872405846,37.687510220558));
#1876 = CARTESIAN_POINT('',(9.860399338531,37.493386627274));
#1877 = CARTESIAN_POINT('',(9.843265873617,37.250660820782));
#1878 = CARTESIAN_POINT('',(9.827415653313,36.967353188514));
#1879 = CARTESIAN_POINT('',(9.812909289566,36.651157763774));
#1880 = CARTESIAN_POINT('',(9.799778186068,36.309540660404));
#1881 = CARTESIAN_POINT('',(9.779289889231,35.682551910316));
#1882 = CARTESIAN_POINT('',(9.771271919067,35.403969270354));
#1883 = CARTESIAN_POINT('',(9.763950522884,35.115856986442));
#1884 = CARTESIAN_POINT('',(9.757308759657,34.81974530281));
#1885 = CARTESIAN_POINT('',(9.751330404961,34.516889705405));
#1886 = CARTESIAN_POINT('',(9.74600092446,34.208323357413));
#1887 = CARTESIAN_POINT('',(9.735339131958,33.496214784432));
#1888 = CARTESIAN_POINT('',(9.730400820096,33.089687812161));
#1889 = CARTESIAN_POINT('',(9.726472077711,32.677310330093));
#1890 = CARTESIAN_POINT('',(9.723536550978,32.260749169629));
#1891 = CARTESIAN_POINT('',(9.721583047177,31.841456322716));
#1892 = CARTESIAN_POINT('',(9.720605946781,31.420767613451));
#1893 = CARTESIAN_POINT('',(9.720605946781,30.688097675302));
#1894 = CARTESIAN_POINT('',(9.72114283728,30.376212796273));
#1895 = CARTESIAN_POINT('',(9.722216522678,30.064894862325));
#1896 = CARTESIAN_POINT('',(9.723828620988,29.754698151666));
#1897 = CARTESIAN_POINT('',(9.725982406631,29.446202255393));
#1898 = CARTESIAN_POINT('',(9.728682753222,29.140032611582));
#1899 = CARTESIAN_POINT('',(9.73472836023,28.576690087837));
#1900 = CARTESIAN_POINT('',(9.737927865308,28.318734997924));
#1901 = CARTESIAN_POINT('',(9.741539012501,28.063413778921));
#1902 = CARTESIAN_POINT('',(9.745567345975,27.811172361882));
#1903 = CARTESIAN_POINT('',(9.750019358311,27.56251950164));
#1904 = CARTESIAN_POINT('',(9.754902315659,27.318041678797));
#1905 = CARTESIAN_POINT('',(9.763640559963,26.924583990776));
#1906 = CARTESIAN_POINT('',(9.767238000971,26.772745345599));
#1907 = CARTESIAN_POINT('',(9.77101871407,26.623073737211));
#1908 = CARTESIAN_POINT('',(9.774985020803,26.475762569568));
#1909 = CARTESIAN_POINT('',(9.779139265554,26.33102701704));
#1910 = CARTESIAN_POINT('',(9.783483824989,26.18910406188));
#1911 = CARTESIAN_POINT('',(9.793490806686,25.882867531042));
#1912 = CARTESIAN_POINT('',(9.799241840755,25.719907651242));
#1913 = CARTESIAN_POINT('',(9.805277145871,25.561878419029));
#1914 = CARTESIAN_POINT('',(9.811599193349,25.409330429688));
#1915 = CARTESIAN_POINT('',(9.818209837836,25.26286423014));
#1916 = CARTESIAN_POINT('',(9.825110155459,25.123135202025));
#1917 = CARTESIAN_POINT('',(9.83773921526,24.890798389965));
#1918 = CARTESIAN_POINT('',(9.843344963872,24.794984508917));
#1919 = CARTESIAN_POINT('',(9.849113907972,24.703798811163));
#1920 = CARTESIAN_POINT('',(9.855041823711,24.617618483533));
#1921 = CARTESIAN_POINT('',(9.861123891909,24.536816244377));
#1922 = CARTESIAN_POINT('',(9.867354706714,24.461760697792));
#1923 = CARTESIAN_POINT('',(9.883630852583,24.285699019002));
#1924 = CARTESIAN_POINT('',(9.893896521793,24.193134362746));
#1925 = CARTESIAN_POINT('',(9.90446402175,24.117035693719));
#1926 = CARTESIAN_POINT('',(9.915266864925,24.058871118506));
#1927 = CARTESIAN_POINT('',(9.926234937124,24.019665954288));
#1928 = CARTESIAN_POINT('',(9.937295947287,24.));
#1929 = CARTESIAN_POINT('',(9.948376736368,24.));
#1930 = ( GEOMETRIC_REPRESENTATION_CONTEXT(2) 
PARAMETRIC_REPRESENTATION_CONTEXT() REPRESENTATION_CONTEXT('2D SPACE',''
  ) );
#1931 = PCURVE('',#1932,#1937);
#1932 = CYLINDRICAL_SURFACE('',#1933,7.);
#1933 = AXIS2_PLACEMENT_3D('',#1934,#1935,#1936);
#1934 = CARTESIAN_POINT('',(-25.11473670974,-14.5,100.));
#1935 = DIRECTION('',(-0.866025403784,-0.5,2.22044604925E-16));
#1936 = DIRECTION('',(-1.922962686384E-16,-1.110223024625E-16,-1.));
#1937 = DEFINITIONAL_REPRESENTATION('',(#1938),#2049);
#1938 = B_SPLINE_CURVE_WITH_KNOTS('',7,(#1939,#1940,#1941,#1942,#1943,
    #1944,#1945,#1946,#1947,#1948,#1949,#1950,#1951,#1952,#1953,#1954,
    #1955,#1956,#1957,#1958,#1959,#1960,#1961,#1962,#1963,#1964,#1965,
    #1966,#1967,#1968,#1969,#1970,#1971,#1972,#1973,#1974,#1975,#1976,
    #1977,#1978,#1979,#1980,#1981,#1982,#1983,#1984,#1985,#1986,#1987,
    #1988,#1989,#1990,#1991,#1992,#1993,#1994,#1995,#1996,#1997,#1998,
    #1999,#2000,#2001,#2002,#2003,#2004,#2005,#2006,#2007,#2008,#2009,
    #2010,#2011,#2012,#2013,#2014,#2015,#2016,#2017,#2018,#2019,#2020,
    #2021,#2022,#2023,#2024,#2025,#2026,#2027,#2028,#2029,#2030,#2031,
    #2032,#2033,#2034,#2035,#2036,#2037,#2038,#2039,#2040,#2041,#2042,
    #2043,#2044,#2045,#2046,#2047,#2048),.UNSPECIFIED.,.F.,.F.,(8,6,6,6,
    6,6,6,6,6,6,6,6,6,6,6,6,6,6,8),(0.,4.486686265375E-02,
    7.374446481572E-02,0.111919894045,0.143587706476,0.192915926085,
    0.250388817995,0.355304013162,0.455782573299,0.529699674932,
    0.611658676127,0.672524422165,0.749951937058,0.807346615542,
    0.856607702659,0.888232418163,0.926355894499,0.955194196947,1.),
  .UNSPECIFIED.);
#1939 = CARTESIAN_POINT('',(0.,2.));
#1940 = CARTESIAN_POINT('',(4.907206592901E-02,2.));
#1941 = CARTESIAN_POINT('',(9.805653030636E-02,1.995559360267));
#1942 = CARTESIAN_POINT('',(0.1468126251,1.986706380583));
#1943 = CARTESIAN_POINT('',(0.195200284807,1.973647283794));
#1944 = CARTESIAN_POINT('',(0.243072443249,1.956759348583));
#1945 = CARTESIAN_POINT('',(0.29026710806,1.936562310903));
#1946 = CARTESIAN_POINT('',(0.366419887015,1.898932619572));
#1947 = CARTESIAN_POINT('',(0.395919059003,1.883062160713));
#1948 = CARTESIAN_POINT('',(0.425097284176,1.866189672805));
#1949 = CARTESIAN_POINT('',(0.453953614483,1.84845093141));
#1950 = CARTESIAN_POINT('',(0.482485576381,1.829982330432));
#1951 = CARTESIAN_POINT('',(0.510689148718,1.81091874021));
#1952 = CARTESIAN_POINT('',(0.575401606833,1.765576690886));
#1953 = CARTESIAN_POINT('',(0.611669633949,1.738945249644));
#1954 = CARTESIAN_POINT('',(0.647394056911,1.711768629388));
#1955 = CARTESIAN_POINT('',(0.682603457543,1.684297039625));
#1956 = CARTESIAN_POINT('',(0.717324270092,1.656759007954));
#1957 = CARTESIAN_POINT('',(0.751581286789,1.62936107614));
#1958 = CARTESIAN_POINT('',(0.813450408704,1.579829044029));
#1959 = CARTESIAN_POINT('',(0.841205115926,1.557589564334));
#1960 = CARTESIAN_POINT('',(0.868681013023,1.535670223126));
#1961 = CARTESIAN_POINT('',(0.895895547672,1.51416266606));
#1962 = CARTESIAN_POINT('',(0.922865433361,1.49314951888));
#1963 = CARTESIAN_POINT('',(0.949607195471,1.472704887858));
#1964 = CARTESIAN_POINT('',(1.017463698224,1.422037238024));
#1965 = CARTESIAN_POINT('',(1.058279328806,1.39271786197));
#1966 = CARTESIAN_POINT('',(1.098642457362,1.365190993323));
#1967 = CARTESIAN_POINT('',(1.138607817337,1.339668027522));
#1968 = CARTESIAN_POINT('',(1.178227939909,1.316322974451));
#1969 = CARTESIAN_POINT('',(1.217554066525,1.295297938699));
#1970 = CARTESIAN_POINT('',(1.302173120914,1.255049941275));
#1971 = CARTESIAN_POINT('',(1.347376549405,1.236699030517));
#1972 = CARTESIAN_POINT('',(1.392318133002,1.221841430104));
#1973 = CARTESIAN_POINT('',(1.437065374147,1.210611578479));
#1974 = CARTESIAN_POINT('',(1.48168389707,1.203096204351));
#1975 = CARTESIAN_POINT('',(1.526238853238,1.199337741083));
#1976 = CARTESIAN_POINT('',(1.652134778349,1.199337741083));
#1977 = CARTESIAN_POINT('',(1.733418833395,1.211861761712));
#1978 = CARTESIAN_POINT('',(1.815087302284,1.236878527034));
#1979 = CARTESIAN_POINT('',(1.897559461022,1.273921888508));
#1980 = CARTESIAN_POINT('',(1.981257248439,1.322055742238));
#1981 = CARTESIAN_POINT('',(2.066637606314,1.379733812745));
#1982 = CARTESIAN_POINT('',(2.238128017262,1.506633676463));
#1983 = CARTESIAN_POINT('',(2.324409919673,1.575526869886));
#1984 = CARTESIAN_POINT('',(2.413421600697,1.649107596289));
#1985 = CARTESIAN_POINT('',(2.505512425068,1.724326923537));
#1986 = CARTESIAN_POINT('',(2.601106852018,1.797092848123));
#1987 = CARTESIAN_POINT('',(2.70069548267,1.862130847622));
#1988 = CARTESIAN_POINT('',(2.88172028426,1.95158139034));
#1989 = CARTESIAN_POINT('',(2.961117456375,1.982248290711));
#1990 = CARTESIAN_POINT('',(3.042117165126,2.002656274352));
#1991 = CARTESIAN_POINT('',(3.123883396223,2.01060003178));
#1992 = CARTESIAN_POINT('',(3.205663150829,2.005396240835));
#1993 = CARTESIAN_POINT('',(3.286677573393,1.988074001849));
#1994 = CARTESIAN_POINT('',(3.453935806311,1.930647257003));
#1995 = CARTESIAN_POINT('',(3.539029784665,1.888530103125));
#1996 = CARTESIAN_POINT('',(3.621513259437,1.837388116358));
#1997 = CARTESIAN_POINT('',(3.701522731168,1.780384488352));
#1998 = CARTESIAN_POINT('',(3.779119950629,1.720543000213));
#1999 = CARTESIAN_POINT('',(3.854301615285,1.660482016524));
#2000 = CARTESIAN_POINT('',(3.980972471547,1.559070121129));
#2001 = CARTESIAN_POINT('',(4.033855294875,1.516661327572));
#2002 = CARTESIAN_POINT('',(4.085768823098,1.475784787553));
#2003 = CARTESIAN_POINT('',(4.13683225414,1.437028922295));
#2004 = CARTESIAN_POINT('',(4.18715783377,1.400867505992));
#2005 = CARTESIAN_POINT('',(4.236854241654,1.367680269591));
#2006 = CARTESIAN_POINT('',(4.348586591906,1.299729010827));
#2007 = CARTESIAN_POINT('',(4.410298412065,1.266994264262));
#2008 = CARTESIAN_POINT('',(4.471354746433,1.240219075223));
#2009 = CARTESIAN_POINT('',(4.531927363066,1.219851935841));
#2010 = CARTESIAN_POINT('',(4.592180873259,1.206177454592));
#2011 = CARTESIAN_POINT('',(4.65227932132,1.199337741083));
#2012 = CARTESIAN_POINT('',(4.756946455342,1.199337741083));
#2013 = CARTESIAN_POINT('',(4.801501408684,1.203096203953));
#2014 = CARTESIAN_POINT('',(4.846119931909,1.210611578452));
#2015 = CARTESIAN_POINT('',(4.890867175328,1.221841430628));
#2016 = CARTESIAN_POINT('',(4.935808759195,1.236699030812));
#2017 = CARTESIAN_POINT('',(4.98101218483,1.255049940593));
#2018 = CARTESIAN_POINT('',(5.065631239548,1.295297938172));
#2019 = CARTESIAN_POINT('',(5.104957368421,1.316322975188));
#2020 = CARTESIAN_POINT('',(5.144577490732,1.33966802796));
#2021 = CARTESIAN_POINT('',(5.184542848875,1.365190992627));
#2022 = CARTESIAN_POINT('',(5.224905977233,1.392717861285));
#2023 = CARTESIAN_POINT('',(5.265721610134,1.422037238904));
#2024 = CARTESIAN_POINT('',(5.333578111709,1.472704887858));
#2025 = CARTESIAN_POINT('',(5.360319873818,1.49314951888));
#2026 = CARTESIAN_POINT('',(5.387289759507,1.51416266606));
#2027 = CARTESIAN_POINT('',(5.414504294157,1.535670223126));
#2028 = CARTESIAN_POINT('',(5.441980191254,1.557589564334));
#2029 = CARTESIAN_POINT('',(5.469734898476,1.579829044029));
#2030 = CARTESIAN_POINT('',(5.531604020648,1.629361076346));
#2031 = CARTESIAN_POINT('',(5.565861036814,1.65675900775));
#2032 = CARTESIAN_POINT('',(5.600581849429,1.68429703946));
#2033 = CARTESIAN_POINT('',(5.635791250494,1.711768629548));
#2034 = CARTESIAN_POINT('',(5.6715156735,1.738945249849));
#2035 = CARTESIAN_POINT('',(5.707783700064,1.765576690688));
#2036 = CARTESIAN_POINT('',(5.772496158462,1.81091874021));
#2037 = CARTESIAN_POINT('',(5.800699730798,1.829982330432));
#2038 = CARTESIAN_POINT('',(5.829231692696,1.84845093141));
#2039 = CARTESIAN_POINT('',(5.858088023004,1.866189672805));
#2040 = CARTESIAN_POINT('',(5.887266248177,1.883062160713));
#2041 = CARTESIAN_POINT('',(5.916765420165,1.898932619572));
#2042 = CARTESIAN_POINT('',(5.99291819912,1.936562310903));
#2043 = CARTESIAN_POINT('',(6.040112863931,1.956759348582));
#2044 = CARTESIAN_POINT('',(6.087985022372,1.973647283794));
#2045 = CARTESIAN_POINT('',(6.13637268208,1.986706380583));
#2046 = CARTESIAN_POINT('',(6.185128776873,1.995559360267));
#2047 = CARTESIAN_POINT('',(6.234113241251,2.));
#2048 = CARTESIAN_POINT('',(6.28318530718,2.));
#2049 = ( GEOMETRIC_REPRESENTATION_CONTEXT(2) 
PARAMETRIC_REPRESENTATION_CONTEXT() REPRESENTATION_CONTEXT('2D SPACE',''
  ) );
#2050 = ADVANCED_FACE('',(#2051),#836,.T.);
#2051 = FACE_BOUND('',#2052,.T.);
#2052 = EDGE_LOOP('',(#2053,#2054,#2055,#2081));
#2053 = ORIENTED_EDGE('',*,*,#819,.F.);
#2054 = ORIENTED_EDGE('',*,*,#1572,.F.);
#2055 = ORIENTED_EDGE('',*,*,#2056,.F.);
#2056 = EDGE_CURVE('',#1187,#1573,#2057,.T.);
#2057 = SURFACE_CURVE('',#2058,(#2063,#2070),.PCURVE_S1.);
#2058 = CIRCLE('',#2059,4.);
#2059 = AXIS2_PLACEMENT_3D('',#2060,#2061,#2062);
#2060 = CARTESIAN_POINT('',(0.,29.5,69.));
#2061 = DIRECTION('',(0.,0.,-1.));
#2062 = DIRECTION('',(0.948513305286,0.316737288136,0.));
#2063 = PCURVE('',#836,#2064);
#2064 = DEFINITIONAL_REPRESENTATION('',(#2065),#2069);
#2065 = LINE('',#2066,#2067);
#2066 = CARTESIAN_POINT('',(6.605472993158,0.));
#2067 = VECTOR('',#2068,1.);
#2068 = DIRECTION('',(-1.,-0.));
#2069 = ( GEOMETRIC_REPRESENTATION_CONTEXT(2) 
PARAMETRIC_REPRESENTATION_CONTEXT() REPRESENTATION_CONTEXT('2D SPACE',''
  ) );
#2070 = PCURVE('',#1152,#2071);
#2071 = DEFINITIONAL_REPRESENTATION('',(#2072),#2080);
#2072 = ( BOUNDED_CURVE() B_SPLINE_CURVE(2,(#2073,#2074,#2075,#2076,
#2077,#2078,#2079),.UNSPECIFIED.,.T.,.F.) B_SPLINE_CURVE_WITH_KNOTS((1,2
    ,2,2,2,1),(-2.094395102393,0.,2.094395102393,4.188790204786,
6.28318530718,8.377580409573),.UNSPECIFIED.) CURVE() 
GEOMETRIC_REPRESENTATION_ITEM() RATIONAL_B_SPLINE_CURVE((1.,0.5,1.,0.5,
1.,0.5,1.)) REPRESENTATION_ITEM('') );
#2073 = CARTESIAN_POINT('',(3.794053221144,30.766949152542));
#2074 = CARTESIAN_POINT('',(5.988473523954,24.195456206901));
#2075 = CARTESIAN_POINT('',(-0.799816459167,25.580778950908));
#2076 = CARTESIAN_POINT('',(-7.588106442288,26.966101694915));
#2077 = CARTESIAN_POINT('',(-2.994236761977,32.15227189655));
#2078 = CARTESIAN_POINT('',(1.599632918334,37.338442098184));
#2079 = CARTESIAN_POINT('',(3.794053221144,30.766949152542));
#2080 = ( GEOMETRIC_REPRESENTATION_CONTEXT(2) 
PARAMETRIC_REPRESENTATION_CONTEXT() REPRESENTATION_CONTEXT('2D SPACE',''
  ) );
#2081 = ORIENTED_EDGE('',*,*,#1216,.T.);
#2082 = ADVANCED_FACE('',(#2083),#898,.F.);
#2083 = FACE_BOUND('',#2084,.F.);
#2084 = EDGE_LOOP('',(#2085,#2086,#2109,#2136));
#2085 = ORIENTED_EDGE('',*,*,#881,.F.);
#2086 = ORIENTED_EDGE('',*,*,#2087,.F.);
#2087 = EDGE_CURVE('',#2088,#882,#2090,.T.);
#2088 = VERTEX_POINT('',#2089);
#2089 = CARTESIAN_POINT('',(2.3,29.5,114.));
#2090 = SEAM_CURVE('',#2091,(#2095,#2102),.PCURVE_S1.);
#2091 = LINE('',#2092,#2093);
#2092 = CARTESIAN_POINT('',(2.3,29.5,114.));
#2093 = VECTOR('',#2094,1.);
#2094 = DIRECTION('',(0.,0.,1.));
#2095 = PCURVE('',#898,#2096);
#2096 = DEFINITIONAL_REPRESENTATION('',(#2097),#2101);
#2097 = LINE('',#2098,#2099);
#2098 = CARTESIAN_POINT('',(6.28318530718,-0.));
#2099 = VECTOR('',#2100,1.);
#2100 = DIRECTION('',(0.,1.));
#2101 = ( GEOMETRIC_REPRESENTATION_CONTEXT(2) 
PARAMETRIC_REPRESENTATION_CONTEXT() REPRESENTATION_CONTEXT('2D SPACE',''
  ) );
#2102 = PCURVE('',#898,#2103);
#2103 = DEFINITIONAL_REPRESENTATION('',(#2104),#2108);
#2104 = LINE('',#2105,#2106);
#2105 = CARTESIAN_POINT('',(0.,-0.));
#2106 = VECTOR('',#2107,1.);
#2107 = DIRECTION('',(0.,1.));
#2108 = ( GEOMETRIC_REPRESENTATION_CONTEXT(2) 
PARAMETRIC_REPRESENTATION_CONTEXT() REPRESENTATION_CONTEXT('2D SPACE',''
  ) );
#2109 = ORIENTED_EDGE('',*,*,#2110,.T.);
#2110 = EDGE_CURVE('',#2088,#2088,#2111,.T.);
#2111 = SURFACE_CURVE('',#2112,(#2117,#2124),.PCURVE_S1.);
#2112 = CIRCLE('',#2113,2.3);
#2113 = AXIS2_PLACEMENT_3D('',#2114,#2115,#2116);
#2114 = CARTESIAN_POINT('',(0.,29.5,114.));
#2115 = DIRECTION('',(0.,0.,1.));
#2116 = DIRECTION('',(1.,0.,-0.));
#2117 = PCURVE('',#898,#2118);
#2118 = DEFINITIONAL_REPRESENTATION('',(#2119),#2123);
#2119 = LINE('',#2120,#2121);
#2120 = CARTESIAN_POINT('',(0.,0.));
#2121 = VECTOR('',#2122,1.);
#2122 = DIRECTION('',(1.,0.));
#2123 = ( GEOMETRIC_REPRESENTATION_CONTEXT(2) 
PARAMETRIC_REPRESENTATION_CONTEXT() REPRESENTATION_CONTEXT('2D SPACE',''
  ) );
#2124 = PCURVE('',#2125,#2130);
#2125 = PLANE('',#2126);
#2126 = AXIS2_PLACEMENT_3D('',#2127,#2128,#2129);
#2127 = CARTESIAN_POINT('',(0.,29.5,114.));
#2128 = DIRECTION('',(0.,0.,1.));
#2129 = DIRECTION('',(1.,0.,-0.));
#2130 = DEFINITIONAL_REPRESENTATION('',(#2131),#2135);
#2131 = CIRCLE('',#2132,2.3);
#2132 = AXIS2_PLACEMENT_2D('',#2133,#2134);
#2133 = CARTESIAN_POINT('',(0.,0.));
#2134 = DIRECTION('',(1.,0.));
#2135 = ( GEOMETRIC_REPRESENTATION_CONTEXT(2) 
PARAMETRIC_REPRESENTATION_CONTEXT() REPRESENTATION_CONTEXT('2D SPACE',''
  ) );
#2136 = ORIENTED_EDGE('',*,*,#2087,.T.);
#2137 = ADVANCED_FACE('',(#2138),#933,.F.);
#2138 = FACE_BOUND('',#2139,.F.);
#2139 = EDGE_LOOP('',(#2140,#2163,#2190,#2191));
#2140 = ORIENTED_EDGE('',*,*,#2141,.T.);
#2141 = EDGE_CURVE('',#917,#2142,#2144,.T.);
#2142 = VERTEX_POINT('',#2143);
#2143 = CARTESIAN_POINT('',(21.5,-5.265981236334E-15,66.));
#2144 = SEAM_CURVE('',#2145,(#2149,#2156),.PCURVE_S1.);
#2145 = LINE('',#2146,#2147);
#2146 = CARTESIAN_POINT('',(21.5,-5.265981236334E-15,39.));
#2147 = VECTOR('',#2148,1.);
#2148 = DIRECTION('',(0.,0.,1.));
#2149 = PCURVE('',#933,#2150);
#2150 = DEFINITIONAL_REPRESENTATION('',(#2151),#2155);
#2151 = LINE('',#2152,#2153);
#2152 = CARTESIAN_POINT('',(6.28318530718,-0.));
#2153 = VECTOR('',#2154,1.);
#2154 = DIRECTION('',(0.,1.));
#2155 = ( GEOMETRIC_REPRESENTATION_CONTEXT(2) 
PARAMETRIC_REPRESENTATION_CONTEXT() REPRESENTATION_CONTEXT('2D SPACE',''
  ) );
#2156 = PCURVE('',#933,#2157);
#2157 = DEFINITIONAL_REPRESENTATION('',(#2158),#2162);
#2158 = LINE('',#2159,#2160);
#2159 = CARTESIAN_POINT('',(0.,-0.));
#2160 = VECTOR('',#2161,1.);
#2161 = DIRECTION('',(0.,1.));
#2162 = ( GEOMETRIC_REPRESENTATION_CONTEXT(2) 
PARAMETRIC_REPRESENTATION_CONTEXT() REPRESENTATION_CONTEXT('2D SPACE',''
  ) );
#2163 = ORIENTED_EDGE('',*,*,#2164,.F.);
#2164 = EDGE_CURVE('',#2142,#2142,#2165,.T.);
#2165 = SURFACE_CURVE('',#2166,(#2171,#2178),.PCURVE_S1.);
#2166 = CIRCLE('',#2167,21.5);
#2167 = AXIS2_PLACEMENT_3D('',#2168,#2169,#2170);
#2168 = CARTESIAN_POINT('',(0.,0.,66.));
#2169 = DIRECTION('',(0.,0.,1.));
#2170 = DIRECTION('',(1.,0.,-0.));
#2171 = PCURVE('',#933,#2172);
#2172 = DEFINITIONAL_REPRESENTATION('',(#2173),#2177);
#2173 = LINE('',#2174,#2175);
#2174 = CARTESIAN_POINT('',(0.,27.));
#2175 = VECTOR('',#2176,1.);
#2176 = DIRECTION('',(1.,0.));
#2177 = ( GEOMETRIC_REPRESENTATION_CONTEXT(2) 
PARAMETRIC_REPRESENTATION_CONTEXT() REPRESENTATION_CONTEXT('2D SPACE',''
  ) );
#2178 = PCURVE('',#2179,#2184);
#2179 = PLANE('',#2180);
#2180 = AXIS2_PLACEMENT_3D('',#2181,#2182,#2183);
#2181 = CARTESIAN_POINT('',(0.,0.,66.));
#2182 = DIRECTION('',(0.,0.,1.));
#2183 = DIRECTION('',(1.,0.,-0.));
#2184 = DEFINITIONAL_REPRESENTATION('',(#2185),#2189);
#2185 = CIRCLE('',#2186,21.5);
#2186 = AXIS2_PLACEMENT_2D('',#2187,#2188);
#2187 = CARTESIAN_POINT('',(0.,0.));
#2188 = DIRECTION('',(1.,0.));
#2189 = ( GEOMETRIC_REPRESENTATION_CONTEXT(2) 
PARAMETRIC_REPRESENTATION_CONTEXT() REPRESENTATION_CONTEXT('2D SPACE',''
  ) );
#2190 = ORIENTED_EDGE('',*,*,#2141,.F.);
#2191 = ORIENTED_EDGE('',*,*,#916,.T.);
#2192 = ADVANCED_FACE('',(#2193,#2196),#986,.T.);
#2193 = FACE_BOUND('',#2194,.T.);
#2194 = EDGE_LOOP('',(#2195));
#2195 = ORIENTED_EDGE('',*,*,#971,.T.);
#2196 = FACE_BOUND('',#2197,.T.);
#2197 = EDGE_LOOP('',(#2198));
#2198 = ORIENTED_EDGE('',*,*,#2199,.F.);
#2199 = EDGE_CURVE('',#2200,#2200,#2202,.T.);
#2200 = VERTEX_POINT('',#2201);
#2201 = CARTESIAN_POINT('',(27.577164466275,27.577164466275,80.));
#2202 = SURFACE_CURVE('',#2203,(#2208,#2215),.PCURVE_S1.);
#2203 = CIRCLE('',#2204,2.);
#2204 = AXIS2_PLACEMENT_3D('',#2205,#2206,#2207);
#2205 = CARTESIAN_POINT('',(27.577164466275,27.577164466275,82.));
#2206 = DIRECTION('',(0.707106781187,0.707106781187,2.22044604925E-16));
#2207 = DIRECTION('',(1.570092458684E-16,1.570092458684E-16,-1.));
#2208 = PCURVE('',#986,#2209);
#2209 = DEFINITIONAL_REPRESENTATION('',(#2210),#2214);
#2210 = CIRCLE('',#2211,2.);
#2211 = AXIS2_PLACEMENT_2D('',#2212,#2213);
#2212 = CARTESIAN_POINT('',(0.,0.));
#2213 = DIRECTION('',(1.,0.));
#2214 = ( GEOMETRIC_REPRESENTATION_CONTEXT(2) 
PARAMETRIC_REPRESENTATION_CONTEXT() REPRESENTATION_CONTEXT('2D SPACE',''
  ) );
#2215 = PCURVE('',#1472,#2216);
#2216 = DEFINITIONAL_REPRESENTATION('',(#2217),#2221);
#2217 = LINE('',#2218,#2219);
#2218 = CARTESIAN_POINT('',(0.,11.));
#2219 = VECTOR('',#2220,1.);
#2220 = DIRECTION('',(1.,0.));
#2221 = ( GEOMETRIC_REPRESENTATION_CONTEXT(2) 
PARAMETRIC_REPRESENTATION_CONTEXT() REPRESENTATION_CONTEXT('2D SPACE',''
  ) );
#2222 = ADVANCED_FACE('',(#2223,#2226),#1041,.T.);
#2223 = FACE_BOUND('',#2224,.T.);
#2224 = EDGE_LOOP('',(#2225));
#2225 = ORIENTED_EDGE('',*,*,#1026,.T.);
#2226 = FACE_BOUND('',#2227,.T.);
#2227 = EDGE_LOOP('',(#2228));
#2228 = ORIENTED_EDGE('',*,*,#2229,.F.);
#2229 = EDGE_CURVE('',#2230,#2230,#2232,.T.);
#2230 = VERTEX_POINT('',#2231);
#2231 = CARTESIAN_POINT('',(-34.64101615137,-20.,95.9));
#2232 = SURFACE_CURVE('',#2233,(#2238,#2245),.PCURVE_S1.);
#2233 = CIRCLE('',#2234,4.1);
#2234 = AXIS2_PLACEMENT_3D('',#2235,#2236,#2237);
#2235 = CARTESIAN_POINT('',(-34.64101615137,-20.,100.));
#2236 = DIRECTION('',(-0.866025403784,-0.5,2.22044604925E-16));
#2237 = DIRECTION('',(-1.922962686384E-16,-1.110223024625E-16,-1.));
#2238 = PCURVE('',#1041,#2239);
#2239 = DEFINITIONAL_REPRESENTATION('',(#2240),#2244);
#2240 = CIRCLE('',#2241,4.1);
#2241 = AXIS2_PLACEMENT_2D('',#2242,#2243);
#2242 = CARTESIAN_POINT('',(1.760777620558E-30,-4.759733805868E-16));
#2243 = DIRECTION('',(1.,0.));
#2244 = ( GEOMETRIC_REPRESENTATION_CONTEXT(2) 
PARAMETRIC_REPRESENTATION_CONTEXT() REPRESENTATION_CONTEXT('2D SPACE',''
  ) );
#2245 = PCURVE('',#2246,#2251);
#2246 = CYLINDRICAL_SURFACE('',#2247,4.1);
#2247 = AXIS2_PLACEMENT_3D('',#2248,#2249,#2250);
#2248 = CARTESIAN_POINT('',(-23.38268590218,-13.5,100.));
#2249 = DIRECTION('',(-0.866025403784,-0.5,2.22044604925E-16));
#2250 = DIRECTION('',(-1.922962686384E-16,-1.110223024625E-16,-1.));
#2251 = DEFINITIONAL_REPRESENTATION('',(#2252),#2256);
#2252 = LINE('',#2253,#2254);
#2253 = CARTESIAN_POINT('',(0.,13.));
#2254 = VECTOR('',#2255,1.);
#2255 = DIRECTION('',(1.,0.));
#2256 = ( GEOMETRIC_REPRESENTATION_CONTEXT(2) 
PARAMETRIC_REPRESENTATION_CONTEXT() REPRESENTATION_CONTEXT('2D SPACE',''
  ) );
#2257 = ADVANCED_FACE('',(#2258,#2261),#1097,.T.);
#2258 = FACE_BOUND('',#2259,.T.);
#2259 = EDGE_LOOP('',(#2260));
#2260 = ORIENTED_EDGE('',*,*,#1082,.T.);
#2261 = FACE_BOUND('',#2262,.T.);
#2262 = EDGE_LOOP('',(#2263));
#2263 = ORIENTED_EDGE('',*,*,#2264,.F.);
#2264 = EDGE_CURVE('',#2265,#2265,#2267,.T.);
#2265 = VERTEX_POINT('',#2266);
#2266 = CARTESIAN_POINT('',(1.6,-29.5,114.));
#2267 = SURFACE_CURVE('',#2268,(#2273,#2280),.PCURVE_S1.);
#2268 = CIRCLE('',#2269,1.6);
#2269 = AXIS2_PLACEMENT_3D('',#2270,#2271,#2272);
#2270 = CARTESIAN_POINT('',(0.,-29.5,114.));
#2271 = DIRECTION('',(0.,0.,1.));
#2272 = DIRECTION('',(1.,0.,-0.));
#2273 = PCURVE('',#1097,#2274);
#2274 = DEFINITIONAL_REPRESENTATION('',(#2275),#2279);
#2275 = CIRCLE('',#2276,1.6);
#2276 = AXIS2_PLACEMENT_2D('',#2277,#2278);
#2277 = CARTESIAN_POINT('',(0.,0.));
#2278 = DIRECTION('',(1.,0.));
#2279 = ( GEOMETRIC_REPRESENTATION_CONTEXT(2) 
PARAMETRIC_REPRESENTATION_CONTEXT() REPRESENTATION_CONTEXT('2D SPACE',''
  ) );
#2280 = PCURVE('',#2281,#2286);
#2281 = CYLINDRICAL_SURFACE('',#2282,1.6);
#2282 = AXIS2_PLACEMENT_3D('',#2283,#2284,#2285);
#2283 = CARTESIAN_POINT('',(0.,-29.5,108.));
#2284 = DIRECTION('',(0.,0.,1.));
#2285 = DIRECTION('',(1.,0.,-0.));
#2286 = DEFINITIONAL_REPRESENTATION('',(#2287),#2291);
#2287 = LINE('',#2288,#2289);
#2288 = CARTESIAN_POINT('',(0.,6.));
#2289 = VECTOR('',#2290,1.);
#2290 = DIRECTION('',(1.,0.));
#2291 = ( GEOMETRIC_REPRESENTATION_CONTEXT(2) 
PARAMETRIC_REPRESENTATION_CONTEXT() REPRESENTATION_CONTEXT('2D SPACE',''
  ) );
#2292 = ADVANCED_FACE('',(#2293,#2445),#1152,.T.);
#2293 = FACE_BOUND('',#2294,.T.);
#2294 = EDGE_LOOP('',(#2295,#2296,#2297,#2320,#2348,#2369,#2370,#2371,
    #2372,#2395,#2423,#2444));
#2295 = ORIENTED_EDGE('',*,*,#1135,.F.);
#2296 = ORIENTED_EDGE('',*,*,#1237,.F.);
#2297 = ORIENTED_EDGE('',*,*,#2298,.F.);
#2298 = EDGE_CURVE('',#2299,#1238,#2301,.T.);
#2299 = VERTEX_POINT('',#2300);
#2300 = CARTESIAN_POINT('',(26.,-3.5,69.));
#2301 = SURFACE_CURVE('',#2302,(#2306,#2313),.PCURVE_S1.);
#2302 = LINE('',#2303,#2304);
#2303 = CARTESIAN_POINT('',(26.,-3.5,69.));
#2304 = VECTOR('',#2305,1.);
#2305 = DIRECTION('',(1.,0.,-0.));
#2306 = PCURVE('',#1152,#2307);
#2307 = DEFINITIONAL_REPRESENTATION('',(#2308),#2312);
#2308 = LINE('',#2309,#2310);
#2309 = CARTESIAN_POINT('',(26.,-3.5));
#2310 = VECTOR('',#2311,1.);
#2311 = DIRECTION('',(1.,0.));
#2312 = ( GEOMETRIC_REPRESENTATION_CONTEXT(2) 
PARAMETRIC_REPRESENTATION_CONTEXT() REPRESENTATION_CONTEXT('2D SPACE',''
  ) );
#2313 = PCURVE('',#1280,#2314);
#2314 = DEFINITIONAL_REPRESENTATION('',(#2315),#2319);
#2315 = LINE('',#2316,#2317);
#2316 = CARTESIAN_POINT('',(0.,0.));
#2317 = VECTOR('',#2318,1.);
#2318 = DIRECTION('',(0.,1.));
#2319 = ( GEOMETRIC_REPRESENTATION_CONTEXT(2) 
PARAMETRIC_REPRESENTATION_CONTEXT() REPRESENTATION_CONTEXT('2D SPACE',''
  ) );
#2320 = ORIENTED_EDGE('',*,*,#2321,.T.);
#2321 = EDGE_CURVE('',#2299,#2322,#2324,.T.);
#2322 = VERTEX_POINT('',#2323);
#2323 = CARTESIAN_POINT('',(26.,3.5,69.));
#2324 = SURFACE_CURVE('',#2325,(#2329,#2336),.PCURVE_S1.);
#2325 = LINE('',#2326,#2327);
#2326 = CARTESIAN_POINT('',(26.,-3.5,69.));
#2327 = VECTOR('',#2328,1.);
#2328 = DIRECTION('',(-0.,1.,0.));
#2329 = PCURVE('',#1152,#2330);
#2330 = DEFINITIONAL_REPRESENTATION('',(#2331),#2335);
#2331 = LINE('',#2332,#2333);
#2332 = CARTESIAN_POINT('',(26.,-3.5));
#2333 = VECTOR('',#2334,1.);
#2334 = DIRECTION('',(0.,1.));
#2335 = ( GEOMETRIC_REPRESENTATION_CONTEXT(2) 
PARAMETRIC_REPRESENTATION_CONTEXT() REPRESENTATION_CONTEXT('2D SPACE',''
  ) );
#2336 = PCURVE('',#2337,#2342);
#2337 = PLANE('',#2338);
#2338 = AXIS2_PLACEMENT_3D('',#2339,#2340,#2341);
#2339 = CARTESIAN_POINT('',(26.,-3.5,69.));
#2340 = DIRECTION('',(1.,0.,-0.));
#2341 = DIRECTION('',(0.,0.,1.));
#2342 = DEFINITIONAL_REPRESENTATION('',(#2343),#2347);
#2343 = LINE('',#2344,#2345);
#2344 = CARTESIAN_POINT('',(0.,0.));
#2345 = VECTOR('',#2346,1.);
#2346 = DIRECTION('',(0.,-1.));
#2347 = ( GEOMETRIC_REPRESENTATION_CONTEXT(2) 
PARAMETRIC_REPRESENTATION_CONTEXT() REPRESENTATION_CONTEXT('2D SPACE',''
  ) );
#2348 = ORIENTED_EDGE('',*,*,#2349,.T.);
#2349 = EDGE_CURVE('',#2322,#1189,#2350,.T.);
#2350 = SURFACE_CURVE('',#2351,(#2355,#2362),.PCURVE_S1.);
#2351 = LINE('',#2352,#2353);
#2352 = CARTESIAN_POINT('',(26.,3.5,69.));
#2353 = VECTOR('',#2354,1.);
#2354 = DIRECTION('',(1.,0.,-0.));
#2355 = PCURVE('',#1152,#2356);
#2356 = DEFINITIONAL_REPRESENTATION('',(#2357),#2361);
#2357 = LINE('',#2358,#2359);
#2358 = CARTESIAN_POINT('',(26.,3.5));
#2359 = VECTOR('',#2360,1.);
#2360 = DIRECTION('',(1.,0.));
#2361 = ( GEOMETRIC_REPRESENTATION_CONTEXT(2) 
PARAMETRIC_REPRESENTATION_CONTEXT() REPRESENTATION_CONTEXT('2D SPACE',''
  ) );
#2362 = PCURVE('',#1333,#2363);
#2363 = DEFINITIONAL_REPRESENTATION('',(#2364),#2368);
#2364 = LINE('',#2365,#2366);
#2365 = CARTESIAN_POINT('',(0.,0.));
#2366 = VECTOR('',#2367,1.);
#2367 = DIRECTION('',(0.,1.));
#2368 = ( GEOMETRIC_REPRESENTATION_CONTEXT(2) 
PARAMETRIC_REPRESENTATION_CONTEXT() REPRESENTATION_CONTEXT('2D SPACE',''
  ) );
#2369 = ORIENTED_EDGE('',*,*,#1186,.F.);
#2370 = ORIENTED_EDGE('',*,*,#2056,.T.);
#2371 = ORIENTED_EDGE('',*,*,#1593,.F.);
#2372 = ORIENTED_EDGE('',*,*,#2373,.T.);
#2373 = EDGE_CURVE('',#1594,#2374,#2376,.T.);
#2374 = VERTEX_POINT('',#2375);
#2375 = CARTESIAN_POINT('',(-26.,3.5,69.));
#2376 = SURFACE_CURVE('',#2377,(#2381,#2388),.PCURVE_S1.);
#2377 = LINE('',#2378,#2379);
#2378 = CARTESIAN_POINT('',(-32.,3.5,69.));
#2379 = VECTOR('',#2380,1.);
#2380 = DIRECTION('',(1.,0.,-0.));
#2381 = PCURVE('',#1152,#2382);
#2382 = DEFINITIONAL_REPRESENTATION('',(#2383),#2387);
#2383 = LINE('',#2384,#2385);
#2384 = CARTESIAN_POINT('',(-32.,3.5));
#2385 = VECTOR('',#2386,1.);
#2386 = DIRECTION('',(1.,0.));
#2387 = ( GEOMETRIC_REPRESENTATION_CONTEXT(2) 
PARAMETRIC_REPRESENTATION_CONTEXT() REPRESENTATION_CONTEXT('2D SPACE',''
  ) );
#2388 = PCURVE('',#1636,#2389);
#2389 = DEFINITIONAL_REPRESENTATION('',(#2390),#2394);
#2390 = LINE('',#2391,#2392);
#2391 = CARTESIAN_POINT('',(0.,0.));
#2392 = VECTOR('',#2393,1.);
#2393 = DIRECTION('',(0.,1.));
#2394 = ( GEOMETRIC_REPRESENTATION_CONTEXT(2) 
PARAMETRIC_REPRESENTATION_CONTEXT() REPRESENTATION_CONTEXT('2D SPACE',''
  ) );
#2395 = ORIENTED_EDGE('',*,*,#2396,.F.);
#2396 = EDGE_CURVE('',#2397,#2374,#2399,.T.);
#2397 = VERTEX_POINT('',#2398);
#2398 = CARTESIAN_POINT('',(-26.,-3.5,69.));
#2399 = SURFACE_CURVE('',#2400,(#2404,#2411),.PCURVE_S1.);
#2400 = LINE('',#2401,#2402);
#2401 = CARTESIAN_POINT('',(-26.,-3.5,69.));
#2402 = VECTOR('',#2403,1.);
#2403 = DIRECTION('',(-0.,1.,0.));
#2404 = PCURVE('',#1152,#2405);
#2405 = DEFINITIONAL_REPRESENTATION('',(#2406),#2410);
#2406 = LINE('',#2407,#2408);
#2407 = CARTESIAN_POINT('',(-26.,-3.5));
#2408 = VECTOR('',#2409,1.);
#2409 = DIRECTION('',(0.,1.));
#2410 = ( GEOMETRIC_REPRESENTATION_CONTEXT(2) 
PARAMETRIC_REPRESENTATION_CONTEXT() REPRESENTATION_CONTEXT('2D SPACE',''
  ) );
#2411 = PCURVE('',#2412,#2417);
#2412 = PLANE('',#2413);
#2413 = AXIS2_PLACEMENT_3D('',#2414,#2415,#2416);
#2414 = CARTESIAN_POINT('',(-26.,-3.5,69.));
#2415 = DIRECTION('',(1.,0.,-0.));
#2416 = DIRECTION('',(0.,0.,1.));
#2417 = DEFINITIONAL_REPRESENTATION('',(#2418),#2422);
#2418 = LINE('',#2419,#2420);
#2419 = CARTESIAN_POINT('',(0.,0.));
#2420 = VECTOR('',#2421,1.);
#2421 = DIRECTION('',(0.,-1.));
#2422 = ( GEOMETRIC_REPRESENTATION_CONTEXT(2) 
PARAMETRIC_REPRESENTATION_CONTEXT() REPRESENTATION_CONTEXT('2D SPACE',''
  ) );
#2423 = ORIENTED_EDGE('',*,*,#2424,.F.);
#2424 = EDGE_CURVE('',#1543,#2397,#2425,.T.);
#2425 = SURFACE_CURVE('',#2426,(#2430,#2437),.PCURVE_S1.);
#2426 = LINE('',#2427,#2428);
#2427 = CARTESIAN_POINT('',(-32.,-3.5,69.));
#2428 = VECTOR('',#2429,1.);
#2429 = DIRECTION('',(1.,0.,-0.));
#2430 = PCURVE('',#1152,#2431);
#2431 = DEFINITIONAL_REPRESENTATION('',(#2432),#2436);
#2432 = LINE('',#2433,#2434);
#2433 = CARTESIAN_POINT('',(-32.,-3.5));
#2434 = VECTOR('',#2435,1.);
#2435 = DIRECTION('',(1.,0.));
#2436 = ( GEOMETRIC_REPRESENTATION_CONTEXT(2) 
PARAMETRIC_REPRESENTATION_CONTEXT() REPRESENTATION_CONTEXT('2D SPACE',''
  ) );
#2437 = PCURVE('',#1689,#2438);
#2438 = DEFINITIONAL_REPRESENTATION('',(#2439),#2443);
#2439 = LINE('',#2440,#2441);
#2440 = CARTESIAN_POINT('',(0.,0.));
#2441 = VECTOR('',#2442,1.);
#2442 = DIRECTION('',(0.,1.));
#2443 = ( GEOMETRIC_REPRESENTATION_CONTEXT(2) 
PARAMETRIC_REPRESENTATION_CONTEXT() REPRESENTATION_CONTEXT('2D SPACE',''
  ) );
#2444 = ORIENTED_EDGE('',*,*,#1542,.F.);
#2445 = FACE_BOUND('',#2446,.T.);
#2446 = EDGE_LOOP('',(#2447));
#2447 = ORIENTED_EDGE('',*,*,#2448,.F.);
#2448 = EDGE_CURVE('',#2449,#2449,#2451,.T.);
#2449 = VERTEX_POINT('',#2450);
#2450 = CARTESIAN_POINT('',(14.,-3.429011037613E-15,69.));
#2451 = SURFACE_CURVE('',#2452,(#2457,#2464),.PCURVE_S1.);
#2452 = CIRCLE('',#2453,14.);
#2453 = AXIS2_PLACEMENT_3D('',#2454,#2455,#2456);
#2454 = CARTESIAN_POINT('',(0.,0.,69.));
#2455 = DIRECTION('',(0.,0.,1.));
#2456 = DIRECTION('',(1.,0.,-0.));
#2457 = PCURVE('',#1152,#2458);
#2458 = DEFINITIONAL_REPRESENTATION('',(#2459),#2463);
#2459 = CIRCLE('',#2460,14.);
#2460 = AXIS2_PLACEMENT_2D('',#2461,#2462);
#2461 = CARTESIAN_POINT('',(0.,0.));
#2462 = DIRECTION('',(1.,0.));
#2463 = ( GEOMETRIC_REPRESENTATION_CONTEXT(2) 
PARAMETRIC_REPRESENTATION_CONTEXT() REPRESENTATION_CONTEXT('2D SPACE',''
  ) );
#2464 = PCURVE('',#2465,#2470);
#2465 = CYLINDRICAL_SURFACE('',#2466,14.);
#2466 = AXIS2_PLACEMENT_3D('',#2467,#2468,#2469);
#2467 = CARTESIAN_POINT('',(0.,0.,65.));
#2468 = DIRECTION('',(0.,0.,1.));
#2469 = DIRECTION('',(1.,0.,-0.));
#2470 = DEFINITIONAL_REPRESENTATION('',(#2471),#2475);
#2471 = LINE('',#2472,#2473);
#2472 = CARTESIAN_POINT('',(0.,4.));
#2473 = VECTOR('',#2474,1.);
#2474 = DIRECTION('',(1.,0.));
#2475 = ( GEOMETRIC_REPRESENTATION_CONTEXT(2) 
PARAMETRIC_REPRESENTATION_CONTEXT() REPRESENTATION_CONTEXT('2D SPACE',''
  ) );
#2476 = ADVANCED_FACE('',(#2477),#1333,.T.);
#2477 = FACE_BOUND('',#2478,.T.);
#2478 = EDGE_LOOP('',(#2479,#2480,#2503,#2524));
#2479 = ORIENTED_EDGE('',*,*,#2349,.F.);
#2480 = ORIENTED_EDGE('',*,*,#2481,.T.);
#2481 = EDGE_CURVE('',#2322,#2482,#2484,.T.);
#2482 = VERTEX_POINT('',#2483);
#2483 = CARTESIAN_POINT('',(26.,3.5,118.));
#2484 = SURFACE_CURVE('',#2485,(#2489,#2496),.PCURVE_S1.);
#2485 = LINE('',#2486,#2487);
#2486 = CARTESIAN_POINT('',(26.,3.5,69.));
#2487 = VECTOR('',#2488,1.);
#2488 = DIRECTION('',(0.,0.,1.));
#2489 = PCURVE('',#1333,#2490);
#2490 = DEFINITIONAL_REPRESENTATION('',(#2491),#2495);
#2491 = LINE('',#2492,#2493);
#2492 = CARTESIAN_POINT('',(0.,0.));
#2493 = VECTOR('',#2494,1.);
#2494 = DIRECTION('',(1.,0.));
#2495 = ( GEOMETRIC_REPRESENTATION_CONTEXT(2) 
PARAMETRIC_REPRESENTATION_CONTEXT() REPRESENTATION_CONTEXT('2D SPACE',''
  ) );
#2496 = PCURVE('',#2337,#2497);
#2497 = DEFINITIONAL_REPRESENTATION('',(#2498),#2502);
#2498 = LINE('',#2499,#2500);
#2499 = CARTESIAN_POINT('',(0.,-7.));
#2500 = VECTOR('',#2501,1.);
#2501 = DIRECTION('',(1.,0.));
#2502 = ( GEOMETRIC_REPRESENTATION_CONTEXT(2) 
PARAMETRIC_REPRESENTATION_CONTEXT() REPRESENTATION_CONTEXT('2D SPACE',''
  ) );
#2503 = ORIENTED_EDGE('',*,*,#2504,.T.);
#2504 = EDGE_CURVE('',#2482,#1292,#2505,.T.);
#2505 = SURFACE_CURVE('',#2506,(#2510,#2517),.PCURVE_S1.);
#2506 = LINE('',#2507,#2508);
#2507 = CARTESIAN_POINT('',(26.,3.5,118.));
#2508 = VECTOR('',#2509,1.);
#2509 = DIRECTION('',(1.,0.,-0.));
#2510 = PCURVE('',#1333,#2511);
#2511 = DEFINITIONAL_REPRESENTATION('',(#2512),#2516);
#2512 = LINE('',#2513,#2514);
#2513 = CARTESIAN_POINT('',(49.,0.));
#2514 = VECTOR('',#2515,1.);
#2515 = DIRECTION('',(0.,1.));
#2516 = ( GEOMETRIC_REPRESENTATION_CONTEXT(2) 
PARAMETRIC_REPRESENTATION_CONTEXT() REPRESENTATION_CONTEXT('2D SPACE',''
  ) );
#2517 = PCURVE('',#1308,#2518);
#2518 = DEFINITIONAL_REPRESENTATION('',(#2519),#2523);
#2519 = LINE('',#2520,#2521);
#2520 = CARTESIAN_POINT('',(0.,7.));
#2521 = VECTOR('',#2522,1.);
#2522 = DIRECTION('',(1.,0.));
#2523 = ( GEOMETRIC_REPRESENTATION_CONTEXT(2) 
PARAMETRIC_REPRESENTATION_CONTEXT() REPRESENTATION_CONTEXT('2D SPACE',''
  ) );
#2524 = ORIENTED_EDGE('',*,*,#1320,.F.);
#2525 = ADVANCED_FACE('',(#2526),#1308,.T.);
#2526 = FACE_BOUND('',#2527,.T.);
#2527 = EDGE_LOOP('',(#2528,#2553,#2574,#2575,#2576,#2599,#2625,#2651));
#2528 = ORIENTED_EDGE('',*,*,#2529,.F.);
#2529 = EDGE_CURVE('',#2530,#2532,#2534,.T.);
#2530 = VERTEX_POINT('',#2531);
#2531 = CARTESIAN_POINT('',(26.,-3.5,118.));
#2532 = VERTEX_POINT('',#2533);
#2533 = CARTESIAN_POINT('',(26.,-0.9,118.));
#2534 = SURFACE_CURVE('',#2535,(#2539,#2546),.PCURVE_S1.);
#2535 = LINE('',#2536,#2537);
#2536 = CARTESIAN_POINT('',(26.,-3.5,118.));
#2537 = VECTOR('',#2538,1.);
#2538 = DIRECTION('',(-0.,1.,0.));
#2539 = PCURVE('',#1308,#2540);
#2540 = DEFINITIONAL_REPRESENTATION('',(#2541),#2545);
#2541 = LINE('',#2542,#2543);
#2542 = CARTESIAN_POINT('',(0.,0.));
#2543 = VECTOR('',#2544,1.);
#2544 = DIRECTION('',(0.,1.));
#2545 = ( GEOMETRIC_REPRESENTATION_CONTEXT(2) 
PARAMETRIC_REPRESENTATION_CONTEXT() REPRESENTATION_CONTEXT('2D SPACE',''
  ) );
#2546 = PCURVE('',#2337,#2547);
#2547 = DEFINITIONAL_REPRESENTATION('',(#2548),#2552);
#2548 = LINE('',#2549,#2550);
#2549 = CARTESIAN_POINT('',(49.,0.));
#2550 = VECTOR('',#2551,1.);
#2551 = DIRECTION('',(0.,-1.));
#2552 = ( GEOMETRIC_REPRESENTATION_CONTEXT(2) 
PARAMETRIC_REPRESENTATION_CONTEXT() REPRESENTATION_CONTEXT('2D SPACE',''
  ) );
#2553 = ORIENTED_EDGE('',*,*,#2554,.T.);
#2554 = EDGE_CURVE('',#2530,#1266,#2555,.T.);
#2555 = SURFACE_CURVE('',#2556,(#2560,#2567),.PCURVE_S1.);
#2556 = LINE('',#2557,#2558);
#2557 = CARTESIAN_POINT('',(26.,-3.5,118.));
#2558 = VECTOR('',#2559,1.);
#2559 = DIRECTION('',(1.,0.,-0.));
#2560 = PCURVE('',#1308,#2561);
#2561 = DEFINITIONAL_REPRESENTATION('',(#2562),#2566);
#2562 = LINE('',#2563,#2564);
#2563 = CARTESIAN_POINT('',(0.,0.));
#2564 = VECTOR('',#2565,1.);
#2565 = DIRECTION('',(1.,0.));
#2566 = ( GEOMETRIC_REPRESENTATION_CONTEXT(2) 
PARAMETRIC_REPRESENTATION_CONTEXT() REPRESENTATION_CONTEXT('2D SPACE',''
  ) );
#2567 = PCURVE('',#1280,#2568);
#2568 = DEFINITIONAL_REPRESENTATION('',(#2569),#2573);
#2569 = LINE('',#2570,#2571);
#2570 = CARTESIAN_POINT('',(49.,0.));
#2571 = VECTOR('',#2572,1.);
#2572 = DIRECTION('',(0.,1.));
#2573 = ( GEOMETRIC_REPRESENTATION_CONTEXT(2) 
PARAMETRIC_REPRESENTATION_CONTEXT() REPRESENTATION_CONTEXT('2D SPACE',''
  ) );
#2574 = ORIENTED_EDGE('',*,*,#1291,.T.);
#2575 = ORIENTED_EDGE('',*,*,#2504,.F.);
#2576 = ORIENTED_EDGE('',*,*,#2577,.F.);
#2577 = EDGE_CURVE('',#2578,#2482,#2580,.T.);
#2578 = VERTEX_POINT('',#2579);
#2579 = CARTESIAN_POINT('',(26.,0.9,118.));
#2580 = SURFACE_CURVE('',#2581,(#2585,#2592),.PCURVE_S1.);
#2581 = LINE('',#2582,#2583);
#2582 = CARTESIAN_POINT('',(26.,-3.5,118.));
#2583 = VECTOR('',#2584,1.);
#2584 = DIRECTION('',(-0.,1.,0.));
#2585 = PCURVE('',#1308,#2586);
#2586 = DEFINITIONAL_REPRESENTATION('',(#2587),#2591);
#2587 = LINE('',#2588,#2589);
#2588 = CARTESIAN_POINT('',(0.,0.));
#2589 = VECTOR('',#2590,1.);
#2590 = DIRECTION('',(0.,1.));
#2591 = ( GEOMETRIC_REPRESENTATION_CONTEXT(2) 
PARAMETRIC_REPRESENTATION_CONTEXT() REPRESENTATION_CONTEXT('2D SPACE',''
  ) );
#2592 = PCURVE('',#2337,#2593);
#2593 = DEFINITIONAL_REPRESENTATION('',(#2594),#2598);
#2594 = LINE('',#2595,#2596);
#2595 = CARTESIAN_POINT('',(49.,0.));
#2596 = VECTOR('',#2597,1.);
#2597 = DIRECTION('',(0.,-1.));
#2598 = ( GEOMETRIC_REPRESENTATION_CONTEXT(2) 
PARAMETRIC_REPRESENTATION_CONTEXT() REPRESENTATION_CONTEXT('2D SPACE',''
  ) );
#2599 = ORIENTED_EDGE('',*,*,#2600,.F.);
#2600 = EDGE_CURVE('',#2601,#2578,#2603,.T.);
#2601 = VERTEX_POINT('',#2602);
#2602 = CARTESIAN_POINT('',(29.,0.9,118.));
#2603 = SURFACE_CURVE('',#2604,(#2608,#2614),.PCURVE_S1.);
#2604 = LINE('',#2605,#2606);
#2605 = CARTESIAN_POINT('',(25.95,0.9,118.));
#2606 = VECTOR('',#2607,1.);
#2607 = DIRECTION('',(-1.,-0.,0.));
#2608 = PCURVE('',#1308,#2609);
#2609 = DEFINITIONAL_REPRESENTATION('',(#2610),#2613);
#2610 = B_SPLINE_CURVE_WITH_KNOTS('',1,(#2611,#2612),.UNSPECIFIED.,.F.,
  .F.,(2,2),(-3.05,-5.E-02),.PIECEWISE_BEZIER_KNOTS.);
#2611 = CARTESIAN_POINT('',(3.,4.4));
#2612 = CARTESIAN_POINT('',(0.,4.4));
#2613 = ( GEOMETRIC_REPRESENTATION_CONTEXT(2) 
PARAMETRIC_REPRESENTATION_CONTEXT() REPRESENTATION_CONTEXT('2D SPACE',''
  ) );
#2614 = PCURVE('',#2615,#2620);
#2615 = PLANE('',#2616);
#2616 = AXIS2_PLACEMENT_3D('',#2617,#2618,#2619);
#2617 = CARTESIAN_POINT('',(25.9,0.9,76.));
#2618 = DIRECTION('',(-0.,1.,0.));
#2619 = DIRECTION('',(0.,0.,1.));
#2620 = DEFINITIONAL_REPRESENTATION('',(#2621),#2624);
#2621 = B_SPLINE_CURVE_WITH_KNOTS('',1,(#2622,#2623),.UNSPECIFIED.,.F.,
  .F.,(2,2),(-3.05,-5.E-02),.PIECEWISE_BEZIER_KNOTS.);
#2622 = CARTESIAN_POINT('',(42.,3.1));
#2623 = CARTESIAN_POINT('',(42.,0.1));
#2624 = ( GEOMETRIC_REPRESENTATION_CONTEXT(2) 
PARAMETRIC_REPRESENTATION_CONTEXT() REPRESENTATION_CONTEXT('2D SPACE',''
  ) );
#2625 = ORIENTED_EDGE('',*,*,#2626,.F.);
#2626 = EDGE_CURVE('',#2627,#2601,#2629,.T.);
#2627 = VERTEX_POINT('',#2628);
#2628 = CARTESIAN_POINT('',(29.,-0.9,118.));
#2629 = SURFACE_CURVE('',#2630,(#2634,#2640),.PCURVE_S1.);
#2630 = LINE('',#2631,#2632);
#2631 = CARTESIAN_POINT('',(29.,-2.2,118.));
#2632 = VECTOR('',#2633,1.);
#2633 = DIRECTION('',(-0.,1.,0.));
#2634 = PCURVE('',#1308,#2635);
#2635 = DEFINITIONAL_REPRESENTATION('',(#2636),#2639);
#2636 = B_SPLINE_CURVE_WITH_KNOTS('',1,(#2637,#2638),.UNSPECIFIED.,.F.,
  .F.,(2,2),(1.3,3.1),.PIECEWISE_BEZIER_KNOTS.);
#2637 = CARTESIAN_POINT('',(3.,2.6));
#2638 = CARTESIAN_POINT('',(3.,4.4));
#2639 = ( GEOMETRIC_REPRESENTATION_CONTEXT(2) 
PARAMETRIC_REPRESENTATION_CONTEXT() REPRESENTATION_CONTEXT('2D SPACE',''
  ) );
#2640 = PCURVE('',#2641,#2646);
#2641 = PLANE('',#2642);
#2642 = AXIS2_PLACEMENT_3D('',#2643,#2644,#2645);
#2643 = CARTESIAN_POINT('',(29.,-0.9,76.));
#2644 = DIRECTION('',(1.,0.,-0.));
#2645 = DIRECTION('',(0.,0.,1.));
#2646 = DEFINITIONAL_REPRESENTATION('',(#2647),#2650);
#2647 = B_SPLINE_CURVE_WITH_KNOTS('',1,(#2648,#2649),.UNSPECIFIED.,.F.,
  .F.,(2,2),(1.3,3.1),.PIECEWISE_BEZIER_KNOTS.);
#2648 = CARTESIAN_POINT('',(42.,0.));
#2649 = CARTESIAN_POINT('',(42.,-1.8));
#2650 = ( GEOMETRIC_REPRESENTATION_CONTEXT(2) 
PARAMETRIC_REPRESENTATION_CONTEXT() REPRESENTATION_CONTEXT('2D SPACE',''
  ) );
#2651 = ORIENTED_EDGE('',*,*,#2652,.T.);
#2652 = EDGE_CURVE('',#2627,#2532,#2653,.T.);
#2653 = SURFACE_CURVE('',#2654,(#2658,#2664),.PCURVE_S1.);
#2654 = LINE('',#2655,#2656);
#2655 = CARTESIAN_POINT('',(25.95,-0.9,118.));
#2656 = VECTOR('',#2657,1.);
#2657 = DIRECTION('',(-1.,-0.,0.));
#2658 = PCURVE('',#1308,#2659);
#2659 = DEFINITIONAL_REPRESENTATION('',(#2660),#2663);
#2660 = B_SPLINE_CURVE_WITH_KNOTS('',1,(#2661,#2662),.UNSPECIFIED.,.F.,
  .F.,(2,2),(-3.05,-5.E-02),.PIECEWISE_BEZIER_KNOTS.);
#2661 = CARTESIAN_POINT('',(3.,2.6));
#2662 = CARTESIAN_POINT('',(0.,2.6));
#2663 = ( GEOMETRIC_REPRESENTATION_CONTEXT(2) 
PARAMETRIC_REPRESENTATION_CONTEXT() REPRESENTATION_CONTEXT('2D SPACE',''
  ) );
#2664 = PCURVE('',#2665,#2670);
#2665 = PLANE('',#2666);
#2666 = AXIS2_PLACEMENT_3D('',#2667,#2668,#2669);
#2667 = CARTESIAN_POINT('',(25.9,-0.9,76.));
#2668 = DIRECTION('',(-0.,1.,0.));
#2669 = DIRECTION('',(0.,0.,1.));
#2670 = DEFINITIONAL_REPRESENTATION('',(#2671),#2674);
#2671 = B_SPLINE_CURVE_WITH_KNOTS('',1,(#2672,#2673),.UNSPECIFIED.,.F.,
  .F.,(2,2),(-3.05,-5.E-02),.PIECEWISE_BEZIER_KNOTS.);
#2672 = CARTESIAN_POINT('',(42.,3.1));
#2673 = CARTESIAN_POINT('',(42.,0.1));
#2674 = ( GEOMETRIC_REPRESENTATION_CONTEXT(2) 
PARAMETRIC_REPRESENTATION_CONTEXT() REPRESENTATION_CONTEXT('2D SPACE',''
  ) );
#2675 = ADVANCED_FACE('',(#2676),#1280,.F.);
#2676 = FACE_BOUND('',#2677,.F.);
#2677 = EDGE_LOOP('',(#2678,#2679,#2700,#2701));
#2678 = ORIENTED_EDGE('',*,*,#2298,.F.);
#2679 = ORIENTED_EDGE('',*,*,#2680,.T.);
#2680 = EDGE_CURVE('',#2299,#2530,#2681,.T.);
#2681 = SURFACE_CURVE('',#2682,(#2686,#2693),.PCURVE_S1.);
#2682 = LINE('',#2683,#2684);
#2683 = CARTESIAN_POINT('',(26.,-3.5,69.));
#2684 = VECTOR('',#2685,1.);
#2685 = DIRECTION('',(0.,0.,1.));
#2686 = PCURVE('',#1280,#2687);
#2687 = DEFINITIONAL_REPRESENTATION('',(#2688),#2692);
#2688 = LINE('',#2689,#2690);
#2689 = CARTESIAN_POINT('',(0.,0.));
#2690 = VECTOR('',#2691,1.);
#2691 = DIRECTION('',(1.,0.));
#2692 = ( GEOMETRIC_REPRESENTATION_CONTEXT(2) 
PARAMETRIC_REPRESENTATION_CONTEXT() REPRESENTATION_CONTEXT('2D SPACE',''
  ) );
#2693 = PCURVE('',#2337,#2694);
#2694 = DEFINITIONAL_REPRESENTATION('',(#2695),#2699);
#2695 = LINE('',#2696,#2697);
#2696 = CARTESIAN_POINT('',(0.,0.));
#2697 = VECTOR('',#2698,1.);
#2698 = DIRECTION('',(1.,0.));
#2699 = ( GEOMETRIC_REPRESENTATION_CONTEXT(2) 
PARAMETRIC_REPRESENTATION_CONTEXT() REPRESENTATION_CONTEXT('2D SPACE',''
  ) );
#2700 = ORIENTED_EDGE('',*,*,#2554,.T.);
#2701 = ORIENTED_EDGE('',*,*,#1265,.F.);
#2702 = ADVANCED_FACE('',(#2703),#1472,.F.);
#2703 = FACE_BOUND('',#2704,.F.);
#2704 = EDGE_LOOP('',(#2705,#2706,#2727,#2728));
#2705 = ORIENTED_EDGE('',*,*,#2199,.F.);
#2706 = ORIENTED_EDGE('',*,*,#2707,.F.);
#2707 = EDGE_CURVE('',#1347,#2200,#2708,.T.);
#2708 = SEAM_CURVE('',#2709,(#2713,#2720),.PCURVE_S1.);
#2709 = LINE('',#2710,#2711);
#2710 = CARTESIAN_POINT('',(19.798989873223,19.798989873223,80.));
#2711 = VECTOR('',#2712,1.);
#2712 = DIRECTION('',(0.707106781187,0.707106781187,2.22044604925E-16));
#2713 = PCURVE('',#1472,#2714);
#2714 = DEFINITIONAL_REPRESENTATION('',(#2715),#2719);
#2715 = LINE('',#2716,#2717);
#2716 = CARTESIAN_POINT('',(6.28318530718,-0.));
#2717 = VECTOR('',#2718,1.);
#2718 = DIRECTION('',(0.,1.));
#2719 = ( GEOMETRIC_REPRESENTATION_CONTEXT(2) 
PARAMETRIC_REPRESENTATION_CONTEXT() REPRESENTATION_CONTEXT('2D SPACE',''
  ) );
#2720 = PCURVE('',#1472,#2721);
#2721 = DEFINITIONAL_REPRESENTATION('',(#2722),#2726);
#2722 = LINE('',#2723,#2724);
#2723 = CARTESIAN_POINT('',(0.,-0.));
#2724 = VECTOR('',#2725,1.);
#2725 = DIRECTION('',(0.,1.));
#2726 = ( GEOMETRIC_REPRESENTATION_CONTEXT(2) 
PARAMETRIC_REPRESENTATION_CONTEXT() REPRESENTATION_CONTEXT('2D SPACE',''
  ) );
#2727 = ORIENTED_EDGE('',*,*,#1346,.T.);
#2728 = ORIENTED_EDGE('',*,*,#2707,.T.);
#2729 = ADVANCED_FACE('',(#2730),#1689,.F.);
#2730 = FACE_BOUND('',#2731,.F.);
#2731 = EDGE_LOOP('',(#2732,#2733,#2734,#2757));
#2732 = ORIENTED_EDGE('',*,*,#2424,.F.);
#2733 = ORIENTED_EDGE('',*,*,#1676,.T.);
#2734 = ORIENTED_EDGE('',*,*,#2735,.T.);
#2735 = EDGE_CURVE('',#1648,#2736,#2738,.T.);
#2736 = VERTEX_POINT('',#2737);
#2737 = CARTESIAN_POINT('',(-26.,-3.5,118.));
#2738 = SURFACE_CURVE('',#2739,(#2743,#2750),.PCURVE_S1.);
#2739 = LINE('',#2740,#2741);
#2740 = CARTESIAN_POINT('',(-32.,-3.5,118.));
#2741 = VECTOR('',#2742,1.);
#2742 = DIRECTION('',(1.,0.,-0.));
#2743 = PCURVE('',#1689,#2744);
#2744 = DEFINITIONAL_REPRESENTATION('',(#2745),#2749);
#2745 = LINE('',#2746,#2747);
#2746 = CARTESIAN_POINT('',(49.,0.));
#2747 = VECTOR('',#2748,1.);
#2748 = DIRECTION('',(0.,1.));
#2749 = ( GEOMETRIC_REPRESENTATION_CONTEXT(2) 
PARAMETRIC_REPRESENTATION_CONTEXT() REPRESENTATION_CONTEXT('2D SPACE',''
  ) );
#2750 = PCURVE('',#1664,#2751);
#2751 = DEFINITIONAL_REPRESENTATION('',(#2752),#2756);
#2752 = LINE('',#2753,#2754);
#2753 = CARTESIAN_POINT('',(0.,0.));
#2754 = VECTOR('',#2755,1.);
#2755 = DIRECTION('',(1.,0.));
#2756 = ( GEOMETRIC_REPRESENTATION_CONTEXT(2) 
PARAMETRIC_REPRESENTATION_CONTEXT() REPRESENTATION_CONTEXT('2D SPACE',''
  ) );
#2757 = ORIENTED_EDGE('',*,*,#2758,.F.);
#2758 = EDGE_CURVE('',#2397,#2736,#2759,.T.);
#2759 = SURFACE_CURVE('',#2760,(#2764,#2771),.PCURVE_S1.);
#2760 = LINE('',#2761,#2762);
#2761 = CARTESIAN_POINT('',(-26.,-3.5,69.));
#2762 = VECTOR('',#2763,1.);
#2763 = DIRECTION('',(0.,0.,1.));
#2764 = PCURVE('',#1689,#2765);
#2765 = DEFINITIONAL_REPRESENTATION('',(#2766),#2770);
#2766 = LINE('',#2767,#2768);
#2767 = CARTESIAN_POINT('',(0.,6.));
#2768 = VECTOR('',#2769,1.);
#2769 = DIRECTION('',(1.,0.));
#2770 = ( GEOMETRIC_REPRESENTATION_CONTEXT(2) 
PARAMETRIC_REPRESENTATION_CONTEXT() REPRESENTATION_CONTEXT('2D SPACE',''
  ) );
#2771 = PCURVE('',#2412,#2772);
#2772 = DEFINITIONAL_REPRESENTATION('',(#2773),#2777);
#2773 = LINE('',#2774,#2775);
#2774 = CARTESIAN_POINT('',(0.,0.));
#2775 = VECTOR('',#2776,1.);
#2776 = DIRECTION('',(1.,0.));
#2777 = ( GEOMETRIC_REPRESENTATION_CONTEXT(2) 
PARAMETRIC_REPRESENTATION_CONTEXT() REPRESENTATION_CONTEXT('2D SPACE',''
  ) );
#2778 = ADVANCED_FACE('',(#2779),#1664,.T.);
#2779 = FACE_BOUND('',#2780,.T.);
#2780 = EDGE_LOOP('',(#2781,#2804,#2805,#2806,#2829,#2855,#2881,#2907));
#2781 = ORIENTED_EDGE('',*,*,#2782,.F.);
#2782 = EDGE_CURVE('',#1622,#2783,#2785,.T.);
#2783 = VERTEX_POINT('',#2784);
#2784 = CARTESIAN_POINT('',(-26.,3.5,118.));
#2785 = SURFACE_CURVE('',#2786,(#2790,#2797),.PCURVE_S1.);
#2786 = LINE('',#2787,#2788);
#2787 = CARTESIAN_POINT('',(-32.,3.5,118.));
#2788 = VECTOR('',#2789,1.);
#2789 = DIRECTION('',(1.,0.,-0.));
#2790 = PCURVE('',#1664,#2791);
#2791 = DEFINITIONAL_REPRESENTATION('',(#2792),#2796);
#2792 = LINE('',#2793,#2794);
#2793 = CARTESIAN_POINT('',(0.,7.));
#2794 = VECTOR('',#2795,1.);
#2795 = DIRECTION('',(1.,0.));
#2796 = ( GEOMETRIC_REPRESENTATION_CONTEXT(2) 
PARAMETRIC_REPRESENTATION_CONTEXT() REPRESENTATION_CONTEXT('2D SPACE',''
  ) );
#2797 = PCURVE('',#1636,#2798);
#2798 = DEFINITIONAL_REPRESENTATION('',(#2799),#2803);
#2799 = LINE('',#2800,#2801);
#2800 = CARTESIAN_POINT('',(49.,0.));
#2801 = VECTOR('',#2802,1.);
#2802 = DIRECTION('',(0.,1.));
#2803 = ( GEOMETRIC_REPRESENTATION_CONTEXT(2) 
PARAMETRIC_REPRESENTATION_CONTEXT() REPRESENTATION_CONTEXT('2D SPACE',''
  ) );
#2804 = ORIENTED_EDGE('',*,*,#1647,.T.);
#2805 = ORIENTED_EDGE('',*,*,#2735,.T.);
#2806 = ORIENTED_EDGE('',*,*,#2807,.T.);
#2807 = EDGE_CURVE('',#2736,#2808,#2810,.T.);
#2808 = VERTEX_POINT('',#2809);
#2809 = CARTESIAN_POINT('',(-26.,-0.9,118.));
#2810 = SURFACE_CURVE('',#2811,(#2815,#2822),.PCURVE_S1.);
#2811 = LINE('',#2812,#2813);
#2812 = CARTESIAN_POINT('',(-26.,-3.5,118.));
#2813 = VECTOR('',#2814,1.);
#2814 = DIRECTION('',(-0.,1.,0.));
#2815 = PCURVE('',#1664,#2816);
#2816 = DEFINITIONAL_REPRESENTATION('',(#2817),#2821);
#2817 = LINE('',#2818,#2819);
#2818 = CARTESIAN_POINT('',(6.,0.));
#2819 = VECTOR('',#2820,1.);
#2820 = DIRECTION('',(0.,1.));
#2821 = ( GEOMETRIC_REPRESENTATION_CONTEXT(2) 
PARAMETRIC_REPRESENTATION_CONTEXT() REPRESENTATION_CONTEXT('2D SPACE',''
  ) );
#2822 = PCURVE('',#2412,#2823);
#2823 = DEFINITIONAL_REPRESENTATION('',(#2824),#2828);
#2824 = LINE('',#2825,#2826);
#2825 = CARTESIAN_POINT('',(49.,0.));
#2826 = VECTOR('',#2827,1.);
#2827 = DIRECTION('',(0.,-1.));
#2828 = ( GEOMETRIC_REPRESENTATION_CONTEXT(2) 
PARAMETRIC_REPRESENTATION_CONTEXT() REPRESENTATION_CONTEXT('2D SPACE',''
  ) );
#2829 = ORIENTED_EDGE('',*,*,#2830,.T.);
#2830 = EDGE_CURVE('',#2808,#2831,#2833,.T.);
#2831 = VERTEX_POINT('',#2832);
#2832 = CARTESIAN_POINT('',(-29.,-0.9,118.));
#2833 = SURFACE_CURVE('',#2834,(#2838,#2844),.PCURVE_S1.);
#2834 = LINE('',#2835,#2836);
#2835 = CARTESIAN_POINT('',(-30.5,-0.9,118.));
#2836 = VECTOR('',#2837,1.);
#2837 = DIRECTION('',(-1.,-0.,0.));
#2838 = PCURVE('',#1664,#2839);
#2839 = DEFINITIONAL_REPRESENTATION('',(#2840),#2843);
#2840 = B_SPLINE_CURVE_WITH_KNOTS('',1,(#2841,#2842),.UNSPECIFIED.,.F.,
  .F.,(2,2),(-4.5,-1.5),.PIECEWISE_BEZIER_KNOTS.);
#2841 = CARTESIAN_POINT('',(6.,2.6));
#2842 = CARTESIAN_POINT('',(3.,2.6));
#2843 = ( GEOMETRIC_REPRESENTATION_CONTEXT(2) 
PARAMETRIC_REPRESENTATION_CONTEXT() REPRESENTATION_CONTEXT('2D SPACE',''
  ) );
#2844 = PCURVE('',#2845,#2850);
#2845 = PLANE('',#2846);
#2846 = AXIS2_PLACEMENT_3D('',#2847,#2848,#2849);
#2847 = CARTESIAN_POINT('',(-29.,-0.9,76.));
#2848 = DIRECTION('',(-0.,1.,0.));
#2849 = DIRECTION('',(0.,0.,1.));
#2850 = DEFINITIONAL_REPRESENTATION('',(#2851),#2854);
#2851 = B_SPLINE_CURVE_WITH_KNOTS('',1,(#2852,#2853),.UNSPECIFIED.,.F.,
  .F.,(2,2),(-4.5,-1.5),.PIECEWISE_BEZIER_KNOTS.);
#2852 = CARTESIAN_POINT('',(42.,3.));
#2853 = CARTESIAN_POINT('',(42.,0.));
#2854 = ( GEOMETRIC_REPRESENTATION_CONTEXT(2) 
PARAMETRIC_REPRESENTATION_CONTEXT() REPRESENTATION_CONTEXT('2D SPACE',''
  ) );
#2855 = ORIENTED_EDGE('',*,*,#2856,.T.);
#2856 = EDGE_CURVE('',#2831,#2857,#2859,.T.);
#2857 = VERTEX_POINT('',#2858);
#2858 = CARTESIAN_POINT('',(-29.,0.9,118.));
#2859 = SURFACE_CURVE('',#2860,(#2864,#2870),.PCURVE_S1.);
#2860 = LINE('',#2861,#2862);
#2861 = CARTESIAN_POINT('',(-29.,-2.2,118.));
#2862 = VECTOR('',#2863,1.);
#2863 = DIRECTION('',(-0.,1.,0.));
#2864 = PCURVE('',#1664,#2865);
#2865 = DEFINITIONAL_REPRESENTATION('',(#2866),#2869);
#2866 = B_SPLINE_CURVE_WITH_KNOTS('',1,(#2867,#2868),.UNSPECIFIED.,.F.,
  .F.,(2,2),(1.3,3.1),.PIECEWISE_BEZIER_KNOTS.);
#2867 = CARTESIAN_POINT('',(3.,2.6));
#2868 = CARTESIAN_POINT('',(3.,4.4));
#2869 = ( GEOMETRIC_REPRESENTATION_CONTEXT(2) 
PARAMETRIC_REPRESENTATION_CONTEXT() REPRESENTATION_CONTEXT('2D SPACE',''
  ) );
#2870 = PCURVE('',#2871,#2876);
#2871 = PLANE('',#2872);
#2872 = AXIS2_PLACEMENT_3D('',#2873,#2874,#2875);
#2873 = CARTESIAN_POINT('',(-29.,-0.9,76.));
#2874 = DIRECTION('',(1.,0.,-0.));
#2875 = DIRECTION('',(0.,0.,1.));
#2876 = DEFINITIONAL_REPRESENTATION('',(#2877),#2880);
#2877 = B_SPLINE_CURVE_WITH_KNOTS('',1,(#2878,#2879),.UNSPECIFIED.,.F.,
  .F.,(2,2),(1.3,3.1),.PIECEWISE_BEZIER_KNOTS.);
#2878 = CARTESIAN_POINT('',(42.,0.));
#2879 = CARTESIAN_POINT('',(42.,-1.8));
#2880 = ( GEOMETRIC_REPRESENTATION_CONTEXT(2) 
PARAMETRIC_REPRESENTATION_CONTEXT() REPRESENTATION_CONTEXT('2D SPACE',''
  ) );
#2881 = ORIENTED_EDGE('',*,*,#2882,.F.);
#2882 = EDGE_CURVE('',#2883,#2857,#2885,.T.);
#2883 = VERTEX_POINT('',#2884);
#2884 = CARTESIAN_POINT('',(-26.,0.9,118.));
#2885 = SURFACE_CURVE('',#2886,(#2890,#2896),.PCURVE_S1.);
#2886 = LINE('',#2887,#2888);
#2887 = CARTESIAN_POINT('',(-30.5,0.9,118.));
#2888 = VECTOR('',#2889,1.);
#2889 = DIRECTION('',(-1.,-0.,0.));
#2890 = PCURVE('',#1664,#2891);
#2891 = DEFINITIONAL_REPRESENTATION('',(#2892),#2895);
#2892 = B_SPLINE_CURVE_WITH_KNOTS('',1,(#2893,#2894),.UNSPECIFIED.,.F.,
  .F.,(2,2),(-4.5,-1.5),.PIECEWISE_BEZIER_KNOTS.);
#2893 = CARTESIAN_POINT('',(6.,4.4));
#2894 = CARTESIAN_POINT('',(3.,4.4));
#2895 = ( GEOMETRIC_REPRESENTATION_CONTEXT(2) 
PARAMETRIC_REPRESENTATION_CONTEXT() REPRESENTATION_CONTEXT('2D SPACE',''
  ) );
#2896 = PCURVE('',#2897,#2902);
#2897 = PLANE('',#2898);
#2898 = AXIS2_PLACEMENT_3D('',#2899,#2900,#2901);
#2899 = CARTESIAN_POINT('',(-29.,0.9,76.));
#2900 = DIRECTION('',(-0.,1.,0.));
#2901 = DIRECTION('',(0.,0.,1.));
#2902 = DEFINITIONAL_REPRESENTATION('',(#2903),#2906);
#2903 = B_SPLINE_CURVE_WITH_KNOTS('',1,(#2904,#2905),.UNSPECIFIED.,.F.,
  .F.,(2,2),(-4.5,-1.5),.PIECEWISE_BEZIER_KNOTS.);
#2904 = CARTESIAN_POINT('',(42.,3.));
#2905 = CARTESIAN_POINT('',(42.,0.));
#2906 = ( GEOMETRIC_REPRESENTATION_CONTEXT(2) 
PARAMETRIC_REPRESENTATION_CONTEXT() REPRESENTATION_CONTEXT('2D SPACE',''
  ) );
#2907 = ORIENTED_EDGE('',*,*,#2908,.T.);
#2908 = EDGE_CURVE('',#2883,#2783,#2909,.T.);
#2909 = SURFACE_CURVE('',#2910,(#2914,#2921),.PCURVE_S1.);
#2910 = LINE('',#2911,#2912);
#2911 = CARTESIAN_POINT('',(-26.,-3.5,118.));
#2912 = VECTOR('',#2913,1.);
#2913 = DIRECTION('',(-0.,1.,0.));
#2914 = PCURVE('',#1664,#2915);
#2915 = DEFINITIONAL_REPRESENTATION('',(#2916),#2920);
#2916 = LINE('',#2917,#2918);
#2917 = CARTESIAN_POINT('',(6.,0.));
#2918 = VECTOR('',#2919,1.);
#2919 = DIRECTION('',(0.,1.));
#2920 = ( GEOMETRIC_REPRESENTATION_CONTEXT(2) 
PARAMETRIC_REPRESENTATION_CONTEXT() REPRESENTATION_CONTEXT('2D SPACE',''
  ) );
#2921 = PCURVE('',#2412,#2922);
#2922 = DEFINITIONAL_REPRESENTATION('',(#2923),#2927);
#2923 = LINE('',#2924,#2925);
#2924 = CARTESIAN_POINT('',(49.,0.));
#2925 = VECTOR('',#2926,1.);
#2926 = DIRECTION('',(0.,-1.));
#2927 = ( GEOMETRIC_REPRESENTATION_CONTEXT(2) 
PARAMETRIC_REPRESENTATION_CONTEXT() REPRESENTATION_CONTEXT('2D SPACE',''
  ) );
#2928 = ADVANCED_FACE('',(#2929),#1636,.T.);
#2929 = FACE_BOUND('',#2930,.T.);
#2930 = EDGE_LOOP('',(#2931,#2932,#2933,#2934));
#2931 = ORIENTED_EDGE('',*,*,#2373,.F.);
#2932 = ORIENTED_EDGE('',*,*,#1621,.T.);
#2933 = ORIENTED_EDGE('',*,*,#2782,.T.);
#2934 = ORIENTED_EDGE('',*,*,#2935,.F.);
#2935 = EDGE_CURVE('',#2374,#2783,#2936,.T.);
#2936 = SURFACE_CURVE('',#2937,(#2941,#2948),.PCURVE_S1.);
#2937 = LINE('',#2938,#2939);
#2938 = CARTESIAN_POINT('',(-26.,3.5,69.));
#2939 = VECTOR('',#2940,1.);
#2940 = DIRECTION('',(0.,0.,1.));
#2941 = PCURVE('',#1636,#2942);
#2942 = DEFINITIONAL_REPRESENTATION('',(#2943),#2947);
#2943 = LINE('',#2944,#2945);
#2944 = CARTESIAN_POINT('',(0.,6.));
#2945 = VECTOR('',#2946,1.);
#2946 = DIRECTION('',(1.,0.));
#2947 = ( GEOMETRIC_REPRESENTATION_CONTEXT(2) 
PARAMETRIC_REPRESENTATION_CONTEXT() REPRESENTATION_CONTEXT('2D SPACE',''
  ) );
#2948 = PCURVE('',#2412,#2949);
#2949 = DEFINITIONAL_REPRESENTATION('',(#2950),#2954);
#2950 = LINE('',#2951,#2952);
#2951 = CARTESIAN_POINT('',(0.,-7.));
#2952 = VECTOR('',#2953,1.);
#2953 = DIRECTION('',(1.,0.));
#2954 = ( GEOMETRIC_REPRESENTATION_CONTEXT(2) 
PARAMETRIC_REPRESENTATION_CONTEXT() REPRESENTATION_CONTEXT('2D SPACE',''
  ) );
#2955 = ADVANCED_FACE('',(#2956),#1932,.T.);
#2956 = FACE_BOUND('',#2957,.T.);
#2957 = EDGE_LOOP('',(#2958,#2959,#2982,#3009));
#2958 = ORIENTED_EDGE('',*,*,#1702,.F.);
#2959 = ORIENTED_EDGE('',*,*,#2960,.F.);
#2960 = EDGE_CURVE('',#2961,#1703,#2963,.T.);
#2961 = VERTEX_POINT('',#2962);
#2962 = CARTESIAN_POINT('',(-25.11473670974,-14.5,93.));
#2963 = SEAM_CURVE('',#2964,(#2968,#2975),.PCURVE_S1.);
#2964 = LINE('',#2965,#2966);
#2965 = CARTESIAN_POINT('',(-25.11473670974,-14.5,93.));
#2966 = VECTOR('',#2967,1.);
#2967 = DIRECTION('',(-0.866025403784,-0.5,2.22044604925E-16));
#2968 = PCURVE('',#1932,#2969);
#2969 = DEFINITIONAL_REPRESENTATION('',(#2970),#2974);
#2970 = LINE('',#2971,#2972);
#2971 = CARTESIAN_POINT('',(6.28318530718,-0.));
#2972 = VECTOR('',#2973,1.);
#2973 = DIRECTION('',(0.,1.));
#2974 = ( GEOMETRIC_REPRESENTATION_CONTEXT(2) 
PARAMETRIC_REPRESENTATION_CONTEXT() REPRESENTATION_CONTEXT('2D SPACE',''
  ) );
#2975 = PCURVE('',#1932,#2976);
#2976 = DEFINITIONAL_REPRESENTATION('',(#2977),#2981);
#2977 = LINE('',#2978,#2979);
#2978 = CARTESIAN_POINT('',(0.,-0.));
#2979 = VECTOR('',#2980,1.);
#2980 = DIRECTION('',(0.,1.));
#2981 = ( GEOMETRIC_REPRESENTATION_CONTEXT(2) 
PARAMETRIC_REPRESENTATION_CONTEXT() REPRESENTATION_CONTEXT('2D SPACE',''
  ) );
#2982 = ORIENTED_EDGE('',*,*,#2983,.T.);
#2983 = EDGE_CURVE('',#2961,#2961,#2984,.T.);
#2984 = SURFACE_CURVE('',#2985,(#2990,#2997),.PCURVE_S1.);
#2985 = CIRCLE('',#2986,7.);
#2986 = AXIS2_PLACEMENT_3D('',#2987,#2988,#2989);
#2987 = CARTESIAN_POINT('',(-25.11473670974,-14.5,100.));
#2988 = DIRECTION('',(-0.866025403784,-0.5,2.22044604925E-16));
#2989 = DIRECTION('',(-1.922962686384E-16,-1.110223024625E-16,-1.));
#2990 = PCURVE('',#1932,#2991);
#2991 = DEFINITIONAL_REPRESENTATION('',(#2992),#2996);
#2992 = LINE('',#2993,#2994);
#2993 = CARTESIAN_POINT('',(0.,0.));
#2994 = VECTOR('',#2995,1.);
#2995 = DIRECTION('',(1.,0.));
#2996 = ( GEOMETRIC_REPRESENTATION_CONTEXT(2) 
PARAMETRIC_REPRESENTATION_CONTEXT() REPRESENTATION_CONTEXT('2D SPACE',''
  ) );
#2997 = PCURVE('',#2998,#3003);
#2998 = PLANE('',#2999);
#2999 = AXIS2_PLACEMENT_3D('',#3000,#3001,#3002);
#3000 = CARTESIAN_POINT('',(-25.11473670974,-14.5,100.));
#3001 = DIRECTION('',(-0.866025403784,-0.5,2.22044604925E-16));
#3002 = DIRECTION('',(-1.922962686384E-16,-1.110223024625E-16,-1.));
#3003 = DEFINITIONAL_REPRESENTATION('',(#3004),#3008);
#3004 = CIRCLE('',#3005,7.);
#3005 = AXIS2_PLACEMENT_2D('',#3006,#3007);
#3006 = CARTESIAN_POINT('',(0.,0.));
#3007 = DIRECTION('',(1.,0.));
#3008 = ( GEOMETRIC_REPRESENTATION_CONTEXT(2) 
PARAMETRIC_REPRESENTATION_CONTEXT() REPRESENTATION_CONTEXT('2D SPACE',''
  ) );
#3009 = ORIENTED_EDGE('',*,*,#2960,.T.);
#3010 = ADVANCED_FACE('',(#3011,#3014),#2125,.T.);
#3011 = FACE_BOUND('',#3012,.T.);
#3012 = EDGE_LOOP('',(#3013));
#3013 = ORIENTED_EDGE('',*,*,#2110,.T.);
#3014 = FACE_BOUND('',#3015,.T.);
#3015 = EDGE_LOOP('',(#3016));
#3016 = ORIENTED_EDGE('',*,*,#3017,.F.);
#3017 = EDGE_CURVE('',#3018,#3018,#3020,.T.);
#3018 = VERTEX_POINT('',#3019);
#3019 = CARTESIAN_POINT('',(1.6,29.5,114.));
#3020 = SURFACE_CURVE('',#3021,(#3026,#3033),.PCURVE_S1.);
#3021 = CIRCLE('',#3022,1.6);
#3022 = AXIS2_PLACEMENT_3D('',#3023,#3024,#3025);
#3023 = CARTESIAN_POINT('',(0.,29.5,114.));
#3024 = DIRECTION('',(0.,0.,1.));
#3025 = DIRECTION('',(1.,0.,-0.));
#3026 = PCURVE('',#2125,#3027);
#3027 = DEFINITIONAL_REPRESENTATION('',(#3028),#3032);
#3028 = CIRCLE('',#3029,1.6);
#3029 = AXIS2_PLACEMENT_2D('',#3030,#3031);
#3030 = CARTESIAN_POINT('',(0.,0.));
#3031 = DIRECTION('',(1.,0.));
#3032 = ( GEOMETRIC_REPRESENTATION_CONTEXT(2) 
PARAMETRIC_REPRESENTATION_CONTEXT() REPRESENTATION_CONTEXT('2D SPACE',''
  ) );
#3033 = PCURVE('',#3034,#3039);
#3034 = CYLINDRICAL_SURFACE('',#3035,1.6);
#3035 = AXIS2_PLACEMENT_3D('',#3036,#3037,#3038);
#3036 = CARTESIAN_POINT('',(0.,29.5,108.));
#3037 = DIRECTION('',(0.,0.,1.));
#3038 = DIRECTION('',(1.,0.,-0.));
#3039 = DEFINITIONAL_REPRESENTATION('',(#3040),#3044);
#3040 = LINE('',#3041,#3042);
#3041 = CARTESIAN_POINT('',(0.,6.));
#3042 = VECTOR('',#3043,1.);
#3043 = DIRECTION('',(1.,0.));
#3044 = ( GEOMETRIC_REPRESENTATION_CONTEXT(2) 
PARAMETRIC_REPRESENTATION_CONTEXT() REPRESENTATION_CONTEXT('2D SPACE',''
  ) );
#3045 = ADVANCED_FACE('',(#3046,#3049),#2179,.F.);
#3046 = FACE_BOUND('',#3047,.F.);
#3047 = EDGE_LOOP('',(#3048));
#3048 = ORIENTED_EDGE('',*,*,#2164,.T.);
#3049 = FACE_BOUND('',#3050,.F.);
#3050 = EDGE_LOOP('',(#3051));
#3051 = ORIENTED_EDGE('',*,*,#3052,.F.);
#3052 = EDGE_CURVE('',#3053,#3053,#3055,.T.);
#3053 = VERTEX_POINT('',#3054);
#3054 = CARTESIAN_POINT('',(14.,-3.429011037613E-15,66.));
#3055 = SURFACE_CURVE('',#3056,(#3061,#3068),.PCURVE_S1.);
#3056 = CIRCLE('',#3057,14.);
#3057 = AXIS2_PLACEMENT_3D('',#3058,#3059,#3060);
#3058 = CARTESIAN_POINT('',(0.,0.,66.));
#3059 = DIRECTION('',(0.,0.,1.));
#3060 = DIRECTION('',(1.,0.,-0.));
#3061 = PCURVE('',#2179,#3062);
#3062 = DEFINITIONAL_REPRESENTATION('',(#3063),#3067);
#3063 = CIRCLE('',#3064,14.);
#3064 = AXIS2_PLACEMENT_2D('',#3065,#3066);
#3065 = CARTESIAN_POINT('',(0.,0.));
#3066 = DIRECTION('',(1.,0.));
#3067 = ( GEOMETRIC_REPRESENTATION_CONTEXT(2) 
PARAMETRIC_REPRESENTATION_CONTEXT() REPRESENTATION_CONTEXT('2D SPACE',''
  ) );
#3068 = PCURVE('',#2465,#3069);
#3069 = DEFINITIONAL_REPRESENTATION('',(#3070),#3074);
#3070 = LINE('',#3071,#3072);
#3071 = CARTESIAN_POINT('',(0.,1.));
#3072 = VECTOR('',#3073,1.);
#3073 = DIRECTION('',(1.,0.));
#3074 = ( GEOMETRIC_REPRESENTATION_CONTEXT(2) 
PARAMETRIC_REPRESENTATION_CONTEXT() REPRESENTATION_CONTEXT('2D SPACE',''
  ) );
#3075 = ADVANCED_FACE('',(#3076),#2246,.F.);
#3076 = FACE_BOUND('',#3077,.F.);
#3077 = EDGE_LOOP('',(#3078,#3079,#3102,#3124));
#3078 = ORIENTED_EDGE('',*,*,#2229,.F.);
#3079 = ORIENTED_EDGE('',*,*,#3080,.F.);
#3080 = EDGE_CURVE('',#3081,#2230,#3083,.T.);
#3081 = VERTEX_POINT('',#3082);
#3082 = CARTESIAN_POINT('',(-25.11473670974,-14.5,95.9));
#3083 = SEAM_CURVE('',#3084,(#3088,#3095),.PCURVE_S1.);
#3084 = LINE('',#3085,#3086);
#3085 = CARTESIAN_POINT('',(-23.38268590218,-13.5,95.9));
#3086 = VECTOR('',#3087,1.);
#3087 = DIRECTION('',(-0.866025403784,-0.5,2.22044604925E-16));
#3088 = PCURVE('',#2246,#3089);
#3089 = DEFINITIONAL_REPRESENTATION('',(#3090),#3094);
#3090 = LINE('',#3091,#3092);
#3091 = CARTESIAN_POINT('',(6.28318530718,-0.));
#3092 = VECTOR('',#3093,1.);
#3093 = DIRECTION('',(0.,1.));
#3094 = ( GEOMETRIC_REPRESENTATION_CONTEXT(2) 
PARAMETRIC_REPRESENTATION_CONTEXT() REPRESENTATION_CONTEXT('2D SPACE',''
  ) );
#3095 = PCURVE('',#2246,#3096);
#3096 = DEFINITIONAL_REPRESENTATION('',(#3097),#3101);
#3097 = LINE('',#3098,#3099);
#3098 = CARTESIAN_POINT('',(0.,-0.));
#3099 = VECTOR('',#3100,1.);
#3100 = DIRECTION('',(0.,1.));
#3101 = ( GEOMETRIC_REPRESENTATION_CONTEXT(2) 
PARAMETRIC_REPRESENTATION_CONTEXT() REPRESENTATION_CONTEXT('2D SPACE',''
  ) );
#3102 = ORIENTED_EDGE('',*,*,#3103,.T.);
#3103 = EDGE_CURVE('',#3081,#3081,#3104,.T.);
#3104 = SURFACE_CURVE('',#3105,(#3110,#3117),.PCURVE_S1.);
#3105 = CIRCLE('',#3106,4.1);
#3106 = AXIS2_PLACEMENT_3D('',#3107,#3108,#3109);
#3107 = CARTESIAN_POINT('',(-25.11473670974,-14.5,100.));
#3108 = DIRECTION('',(-0.866025403784,-0.5,2.22044604925E-16));
#3109 = DIRECTION('',(-1.922962686384E-16,-1.110223024625E-16,-1.));
#3110 = PCURVE('',#2246,#3111);
#3111 = DEFINITIONAL_REPRESENTATION('',(#3112),#3116);
#3112 = LINE('',#3113,#3114);
#3113 = CARTESIAN_POINT('',(0.,2.));
#3114 = VECTOR('',#3115,1.);
#3115 = DIRECTION('',(1.,0.));
#3116 = ( GEOMETRIC_REPRESENTATION_CONTEXT(2) 
PARAMETRIC_REPRESENTATION_CONTEXT() REPRESENTATION_CONTEXT('2D SPACE',''
  ) );
#3117 = PCURVE('',#2998,#3118);
#3118 = DEFINITIONAL_REPRESENTATION('',(#3119),#3123);
#3119 = CIRCLE('',#3120,4.1);
#3120 = AXIS2_PLACEMENT_2D('',#3121,#3122);
#3121 = CARTESIAN_POINT('',(1.563562394253E-30,-2.014343529694E-15));
#3122 = DIRECTION('',(1.,0.));
#3123 = ( GEOMETRIC_REPRESENTATION_CONTEXT(2) 
PARAMETRIC_REPRESENTATION_CONTEXT() REPRESENTATION_CONTEXT('2D SPACE',''
  ) );
#3124 = ORIENTED_EDGE('',*,*,#3080,.T.);
#3125 = ADVANCED_FACE('',(#3126),#2281,.F.);
#3126 = FACE_BOUND('',#3127,.F.);
#3127 = EDGE_LOOP('',(#3128,#3129,#3152,#3179));
#3128 = ORIENTED_EDGE('',*,*,#2264,.F.);
#3129 = ORIENTED_EDGE('',*,*,#3130,.F.);
#3130 = EDGE_CURVE('',#3131,#2265,#3133,.T.);
#3131 = VERTEX_POINT('',#3132);
#3132 = CARTESIAN_POINT('',(1.6,-29.5,108.));
#3133 = SEAM_CURVE('',#3134,(#3138,#3145),.PCURVE_S1.);
#3134 = LINE('',#3135,#3136);
#3135 = CARTESIAN_POINT('',(1.6,-29.5,108.));
#3136 = VECTOR('',#3137,1.);
#3137 = DIRECTION('',(0.,0.,1.));
#3138 = PCURVE('',#2281,#3139);
#3139 = DEFINITIONAL_REPRESENTATION('',(#3140),#3144);
#3140 = LINE('',#3141,#3142);
#3141 = CARTESIAN_POINT('',(6.28318530718,-0.));
#3142 = VECTOR('',#3143,1.);
#3143 = DIRECTION('',(0.,1.));
#3144 = ( GEOMETRIC_REPRESENTATION_CONTEXT(2) 
PARAMETRIC_REPRESENTATION_CONTEXT() REPRESENTATION_CONTEXT('2D SPACE',''
  ) );
#3145 = PCURVE('',#2281,#3146);
#3146 = DEFINITIONAL_REPRESENTATION('',(#3147),#3151);
#3147 = LINE('',#3148,#3149);
#3148 = CARTESIAN_POINT('',(0.,-0.));
#3149 = VECTOR('',#3150,1.);
#3150 = DIRECTION('',(0.,1.));
#3151 = ( GEOMETRIC_REPRESENTATION_CONTEXT(2) 
PARAMETRIC_REPRESENTATION_CONTEXT() REPRESENTATION_CONTEXT('2D SPACE',''
  ) );
#3152 = ORIENTED_EDGE('',*,*,#3153,.T.);
#3153 = EDGE_CURVE('',#3131,#3131,#3154,.T.);
#3154 = SURFACE_CURVE('',#3155,(#3160,#3167),.PCURVE_S1.);
#3155 = CIRCLE('',#3156,1.6);
#3156 = AXIS2_PLACEMENT_3D('',#3157,#3158,#3159);
#3157 = CARTESIAN_POINT('',(0.,-29.5,108.));
#3158 = DIRECTION('',(0.,0.,1.));
#3159 = DIRECTION('',(1.,0.,-0.));
#3160 = PCURVE('',#2281,#3161);
#3161 = DEFINITIONAL_REPRESENTATION('',(#3162),#3166);
#3162 = LINE('',#3163,#3164);
#3163 = CARTESIAN_POINT('',(0.,0.));
#3164 = VECTOR('',#3165,1.);
#3165 = DIRECTION('',(1.,0.));
#3166 = ( GEOMETRIC_REPRESENTATION_CONTEXT(2) 
PARAMETRIC_REPRESENTATION_CONTEXT() REPRESENTATION_CONTEXT('2D SPACE',''
  ) );
#3167 = PCURVE('',#3168,#3173);
#3168 = PLANE('',#3169);
#3169 = AXIS2_PLACEMENT_3D('',#3170,#3171,#3172);
#3170 = CARTESIAN_POINT('',(0.,-29.5,108.));
#3171 = DIRECTION('',(0.,0.,1.));
#3172 = DIRECTION('',(1.,0.,-0.));
#3173 = DEFINITIONAL_REPRESENTATION('',(#3174),#3178);
#3174 = CIRCLE('',#3175,1.6);
#3175 = AXIS2_PLACEMENT_2D('',#3176,#3177);
#3176 = CARTESIAN_POINT('',(0.,0.));
#3177 = DIRECTION('',(1.,0.));
#3178 = ( GEOMETRIC_REPRESENTATION_CONTEXT(2) 
PARAMETRIC_REPRESENTATION_CONTEXT() REPRESENTATION_CONTEXT('2D SPACE',''
  ) );
#3179 = ORIENTED_EDGE('',*,*,#3130,.T.);
#3180 = ADVANCED_FACE('',(#3181),#2412,.T.);
#3181 = FACE_BOUND('',#3182,.T.);
#3182 = EDGE_LOOP('',(#3183,#3184,#3185,#3186,#3187,#3188,#3209,#3235));
#3183 = ORIENTED_EDGE('',*,*,#2807,.F.);
#3184 = ORIENTED_EDGE('',*,*,#2758,.F.);
#3185 = ORIENTED_EDGE('',*,*,#2396,.T.);
#3186 = ORIENTED_EDGE('',*,*,#2935,.T.);
#3187 = ORIENTED_EDGE('',*,*,#2908,.F.);
#3188 = ORIENTED_EDGE('',*,*,#3189,.F.);
#3189 = EDGE_CURVE('',#3190,#2883,#3192,.T.);
#3190 = VERTEX_POINT('',#3191);
#3191 = CARTESIAN_POINT('',(-26.,0.9,76.));
#3192 = SURFACE_CURVE('',#3193,(#3197,#3203),.PCURVE_S1.);
#3193 = LINE('',#3194,#3195);
#3194 = CARTESIAN_POINT('',(-26.,0.9,72.5));
#3195 = VECTOR('',#3196,1.);
#3196 = DIRECTION('',(0.,0.,1.));
#3197 = PCURVE('',#2412,#3198);
#3198 = DEFINITIONAL_REPRESENTATION('',(#3199),#3202);
#3199 = B_SPLINE_CURVE_WITH_KNOTS('',1,(#3200,#3201),.UNSPECIFIED.,.F.,
  .F.,(2,2),(3.5,45.5),.PIECEWISE_BEZIER_KNOTS.);
#3200 = CARTESIAN_POINT('',(7.,-4.4));
#3201 = CARTESIAN_POINT('',(49.,-4.4));
#3202 = ( GEOMETRIC_REPRESENTATION_CONTEXT(2) 
PARAMETRIC_REPRESENTATION_CONTEXT() REPRESENTATION_CONTEXT('2D SPACE',''
  ) );
#3203 = PCURVE('',#2897,#3204);
#3204 = DEFINITIONAL_REPRESENTATION('',(#3205),#3208);
#3205 = B_SPLINE_CURVE_WITH_KNOTS('',1,(#3206,#3207),.UNSPECIFIED.,.F.,
  .F.,(2,2),(3.5,45.5),.PIECEWISE_BEZIER_KNOTS.);
#3206 = CARTESIAN_POINT('',(0.,3.));
#3207 = CARTESIAN_POINT('',(42.,3.));
#3208 = ( GEOMETRIC_REPRESENTATION_CONTEXT(2) 
PARAMETRIC_REPRESENTATION_CONTEXT() REPRESENTATION_CONTEXT('2D SPACE',''
  ) );
#3209 = ORIENTED_EDGE('',*,*,#3210,.T.);
#3210 = EDGE_CURVE('',#3190,#3211,#3213,.T.);
#3211 = VERTEX_POINT('',#3212);
#3212 = CARTESIAN_POINT('',(-26.,-0.9,76.));
#3213 = SURFACE_CURVE('',#3214,(#3218,#3224),.PCURVE_S1.);
#3214 = LINE('',#3215,#3216);
#3215 = CARTESIAN_POINT('',(-26.,-2.2,76.));
#3216 = VECTOR('',#3217,1.);
#3217 = DIRECTION('',(0.,-1.,0.));
#3218 = PCURVE('',#2412,#3219);
#3219 = DEFINITIONAL_REPRESENTATION('',(#3220),#3223);
#3220 = B_SPLINE_CURVE_WITH_KNOTS('',1,(#3221,#3222),.UNSPECIFIED.,.F.,
  .F.,(2,2),(-3.1,-1.3),.PIECEWISE_BEZIER_KNOTS.);
#3221 = CARTESIAN_POINT('',(7.,-4.4));
#3222 = CARTESIAN_POINT('',(7.,-2.6));
#3223 = ( GEOMETRIC_REPRESENTATION_CONTEXT(2) 
PARAMETRIC_REPRESENTATION_CONTEXT() REPRESENTATION_CONTEXT('2D SPACE',''
  ) );
#3224 = PCURVE('',#3225,#3230);
#3225 = PLANE('',#3226);
#3226 = AXIS2_PLACEMENT_3D('',#3227,#3228,#3229);
#3227 = CARTESIAN_POINT('',(-29.,-0.9,76.));
#3228 = DIRECTION('',(0.,0.,1.));
#3229 = DIRECTION('',(1.,0.,-0.));
#3230 = DEFINITIONAL_REPRESENTATION('',(#3231),#3234);
#3231 = B_SPLINE_CURVE_WITH_KNOTS('',1,(#3232,#3233),.UNSPECIFIED.,.F.,
  .F.,(2,2),(-3.1,-1.3),.PIECEWISE_BEZIER_KNOTS.);
#3232 = CARTESIAN_POINT('',(3.,1.8));
#3233 = CARTESIAN_POINT('',(3.,0.));
#3234 = ( GEOMETRIC_REPRESENTATION_CONTEXT(2) 
PARAMETRIC_REPRESENTATION_CONTEXT() REPRESENTATION_CONTEXT('2D SPACE',''
  ) );
#3235 = ORIENTED_EDGE('',*,*,#3236,.T.);
#3236 = EDGE_CURVE('',#3211,#2808,#3237,.T.);
#3237 = SURFACE_CURVE('',#3238,(#3242,#3248),.PCURVE_S1.);
#3238 = LINE('',#3239,#3240);
#3239 = CARTESIAN_POINT('',(-26.,-0.9,72.5));
#3240 = VECTOR('',#3241,1.);
#3241 = DIRECTION('',(0.,0.,1.));
#3242 = PCURVE('',#2412,#3243);
#3243 = DEFINITIONAL_REPRESENTATION('',(#3244),#3247);
#3244 = B_SPLINE_CURVE_WITH_KNOTS('',1,(#3245,#3246),.UNSPECIFIED.,.F.,
  .F.,(2,2),(3.5,45.5),.PIECEWISE_BEZIER_KNOTS.);
#3245 = CARTESIAN_POINT('',(7.,-2.6));
#3246 = CARTESIAN_POINT('',(49.,-2.6));
#3247 = ( GEOMETRIC_REPRESENTATION_CONTEXT(2) 
PARAMETRIC_REPRESENTATION_CONTEXT() REPRESENTATION_CONTEXT('2D SPACE',''
  ) );
#3248 = PCURVE('',#2845,#3249);
#3249 = DEFINITIONAL_REPRESENTATION('',(#3250),#3253);
#3250 = B_SPLINE_CURVE_WITH_KNOTS('',1,(#3251,#3252),.UNSPECIFIED.,.F.,
  .F.,(2,2),(3.5,45.5),.PIECEWISE_BEZIER_KNOTS.);
#3251 = CARTESIAN_POINT('',(0.,3.));
#3252 = CARTESIAN_POINT('',(42.,3.));
#3253 = ( GEOMETRIC_REPRESENTATION_CONTEXT(2) 
PARAMETRIC_REPRESENTATION_CONTEXT() REPRESENTATION_CONTEXT('2D SPACE',''
  ) );
#3254 = ADVANCED_FACE('',(#3255),#2337,.F.);
#3255 = FACE_BOUND('',#3256,.F.);
#3256 = EDGE_LOOP('',(#3257,#3258,#3259,#3260,#3261,#3262,#3283,#3309));
#3257 = ORIENTED_EDGE('',*,*,#2529,.F.);
#3258 = ORIENTED_EDGE('',*,*,#2680,.F.);
#3259 = ORIENTED_EDGE('',*,*,#2321,.T.);
#3260 = ORIENTED_EDGE('',*,*,#2481,.T.);
#3261 = ORIENTED_EDGE('',*,*,#2577,.F.);
#3262 = ORIENTED_EDGE('',*,*,#3263,.F.);
#3263 = EDGE_CURVE('',#3264,#2578,#3266,.T.);
#3264 = VERTEX_POINT('',#3265);
#3265 = CARTESIAN_POINT('',(26.,0.9,76.));
#3266 = SURFACE_CURVE('',#3267,(#3271,#3277),.PCURVE_S1.);
#3267 = LINE('',#3268,#3269);
#3268 = CARTESIAN_POINT('',(26.,0.9,72.5));
#3269 = VECTOR('',#3270,1.);
#3270 = DIRECTION('',(0.,0.,1.));
#3271 = PCURVE('',#2337,#3272);
#3272 = DEFINITIONAL_REPRESENTATION('',(#3273),#3276);
#3273 = B_SPLINE_CURVE_WITH_KNOTS('',1,(#3274,#3275),.UNSPECIFIED.,.F.,
  .F.,(2,2),(3.5,45.5),.PIECEWISE_BEZIER_KNOTS.);
#3274 = CARTESIAN_POINT('',(7.,-4.4));
#3275 = CARTESIAN_POINT('',(49.,-4.4));
#3276 = ( GEOMETRIC_REPRESENTATION_CONTEXT(2) 
PARAMETRIC_REPRESENTATION_CONTEXT() REPRESENTATION_CONTEXT('2D SPACE',''
  ) );
#3277 = PCURVE('',#2615,#3278);
#3278 = DEFINITIONAL_REPRESENTATION('',(#3279),#3282);
#3279 = B_SPLINE_CURVE_WITH_KNOTS('',1,(#3280,#3281),.UNSPECIFIED.,.F.,
  .F.,(2,2),(3.5,45.5),.PIECEWISE_BEZIER_KNOTS.);
#3280 = CARTESIAN_POINT('',(0.,0.1));
#3281 = CARTESIAN_POINT('',(42.,0.1));
#3282 = ( GEOMETRIC_REPRESENTATION_CONTEXT(2) 
PARAMETRIC_REPRESENTATION_CONTEXT() REPRESENTATION_CONTEXT('2D SPACE',''
  ) );
#3283 = ORIENTED_EDGE('',*,*,#3284,.T.);
#3284 = EDGE_CURVE('',#3264,#3285,#3287,.T.);
#3285 = VERTEX_POINT('',#3286);
#3286 = CARTESIAN_POINT('',(26.,-0.9,76.));
#3287 = SURFACE_CURVE('',#3288,(#3292,#3298),.PCURVE_S1.);
#3288 = LINE('',#3289,#3290);
#3289 = CARTESIAN_POINT('',(26.,-2.2,76.));
#3290 = VECTOR('',#3291,1.);
#3291 = DIRECTION('',(0.,-1.,0.));
#3292 = PCURVE('',#2337,#3293);
#3293 = DEFINITIONAL_REPRESENTATION('',(#3294),#3297);
#3294 = B_SPLINE_CURVE_WITH_KNOTS('',1,(#3295,#3296),.UNSPECIFIED.,.F.,
  .F.,(2,2),(-3.1,-1.3),.PIECEWISE_BEZIER_KNOTS.);
#3295 = CARTESIAN_POINT('',(7.,-4.4));
#3296 = CARTESIAN_POINT('',(7.,-2.6));
#3297 = ( GEOMETRIC_REPRESENTATION_CONTEXT(2) 
PARAMETRIC_REPRESENTATION_CONTEXT() REPRESENTATION_CONTEXT('2D SPACE',''
  ) );
#3298 = PCURVE('',#3299,#3304);
#3299 = PLANE('',#3300);
#3300 = AXIS2_PLACEMENT_3D('',#3301,#3302,#3303);
#3301 = CARTESIAN_POINT('',(25.9,-0.9,76.));
#3302 = DIRECTION('',(0.,0.,1.));
#3303 = DIRECTION('',(1.,0.,-0.));
#3304 = DEFINITIONAL_REPRESENTATION('',(#3305),#3308);
#3305 = B_SPLINE_CURVE_WITH_KNOTS('',1,(#3306,#3307),.UNSPECIFIED.,.F.,
  .F.,(2,2),(-3.1,-1.3),.PIECEWISE_BEZIER_KNOTS.);
#3306 = CARTESIAN_POINT('',(0.1,1.8));
#3307 = CARTESIAN_POINT('',(0.1,0.));
#3308 = ( GEOMETRIC_REPRESENTATION_CONTEXT(2) 
PARAMETRIC_REPRESENTATION_CONTEXT() REPRESENTATION_CONTEXT('2D SPACE',''
  ) );
#3309 = ORIENTED_EDGE('',*,*,#3310,.T.);
#3310 = EDGE_CURVE('',#3285,#2532,#3311,.T.);
#3311 = SURFACE_CURVE('',#3312,(#3316,#3322),.PCURVE_S1.);
#3312 = LINE('',#3313,#3314);
#3313 = CARTESIAN_POINT('',(26.,-0.9,72.5));
#3314 = VECTOR('',#3315,1.);
#3315 = DIRECTION('',(0.,0.,1.));
#3316 = PCURVE('',#2337,#3317);
#3317 = DEFINITIONAL_REPRESENTATION('',(#3318),#3321);
#3318 = B_SPLINE_CURVE_WITH_KNOTS('',1,(#3319,#3320),.UNSPECIFIED.,.F.,
  .F.,(2,2),(3.5,45.5),.PIECEWISE_BEZIER_KNOTS.);
#3319 = CARTESIAN_POINT('',(7.,-2.6));
#3320 = CARTESIAN_POINT('',(49.,-2.6));
#3321 = ( GEOMETRIC_REPRESENTATION_CONTEXT(2) 
PARAMETRIC_REPRESENTATION_CONTEXT() REPRESENTATION_CONTEXT('2D SPACE',''
  ) );
#3322 = PCURVE('',#2665,#3323);
#3323 = DEFINITIONAL_REPRESENTATION('',(#3324),#3327);
#3324 = B_SPLINE_CURVE_WITH_KNOTS('',1,(#3325,#3326),.UNSPECIFIED.,.F.,
  .F.,(2,2),(3.5,45.5),.PIECEWISE_BEZIER_KNOTS.);
#3325 = CARTESIAN_POINT('',(0.,0.1));
#3326 = CARTESIAN_POINT('',(42.,0.1));
#3327 = ( GEOMETRIC_REPRESENTATION_CONTEXT(2) 
PARAMETRIC_REPRESENTATION_CONTEXT() REPRESENTATION_CONTEXT('2D SPACE',''
  ) );
#3328 = ADVANCED_FACE('',(#3329),#2465,.F.);
#3329 = FACE_BOUND('',#3330,.F.);
#3330 = EDGE_LOOP('',(#3331,#3332,#3353,#3354));
#3331 = ORIENTED_EDGE('',*,*,#3052,.T.);
#3332 = ORIENTED_EDGE('',*,*,#3333,.T.);
#3333 = EDGE_CURVE('',#3053,#2449,#3334,.T.);
#3334 = SEAM_CURVE('',#3335,(#3339,#3346),.PCURVE_S1.);
#3335 = LINE('',#3336,#3337);
#3336 = CARTESIAN_POINT('',(14.,-3.429011037613E-15,65.));
#3337 = VECTOR('',#3338,1.);
#3338 = DIRECTION('',(0.,0.,1.));
#3339 = PCURVE('',#2465,#3340);
#3340 = DEFINITIONAL_REPRESENTATION('',(#3341),#3345);
#3341 = LINE('',#3342,#3343);
#3342 = CARTESIAN_POINT('',(0.,-0.));
#3343 = VECTOR('',#3344,1.);
#3344 = DIRECTION('',(0.,1.));
#3345 = ( GEOMETRIC_REPRESENTATION_CONTEXT(2) 
PARAMETRIC_REPRESENTATION_CONTEXT() REPRESENTATION_CONTEXT('2D SPACE',''
  ) );
#3346 = PCURVE('',#2465,#3347);
#3347 = DEFINITIONAL_REPRESENTATION('',(#3348),#3352);
#3348 = LINE('',#3349,#3350);
#3349 = CARTESIAN_POINT('',(6.28318530718,-0.));
#3350 = VECTOR('',#3351,1.);
#3351 = DIRECTION('',(0.,1.));
#3352 = ( GEOMETRIC_REPRESENTATION_CONTEXT(2) 
PARAMETRIC_REPRESENTATION_CONTEXT() REPRESENTATION_CONTEXT('2D SPACE',''
  ) );
#3353 = ORIENTED_EDGE('',*,*,#2448,.F.);
#3354 = ORIENTED_EDGE('',*,*,#3333,.F.);
#3355 = ADVANCED_FACE('',(#3356),#2665,.T.);
#3356 = FACE_BOUND('',#3357,.T.);
#3357 = EDGE_LOOP('',(#3358,#3381,#3382,#3383));
#3358 = ORIENTED_EDGE('',*,*,#3359,.F.);
#3359 = EDGE_CURVE('',#3285,#3360,#3362,.T.);
#3360 = VERTEX_POINT('',#3361);
#3361 = CARTESIAN_POINT('',(29.,-0.9,76.));
#3362 = SURFACE_CURVE('',#3363,(#3367,#3374),.PCURVE_S1.);
#3363 = LINE('',#3364,#3365);
#3364 = CARTESIAN_POINT('',(25.9,-0.9,76.));
#3365 = VECTOR('',#3366,1.);
#3366 = DIRECTION('',(1.,0.,-0.));
#3367 = PCURVE('',#2665,#3368);
#3368 = DEFINITIONAL_REPRESENTATION('',(#3369),#3373);
#3369 = LINE('',#3370,#3371);
#3370 = CARTESIAN_POINT('',(0.,0.));
#3371 = VECTOR('',#3372,1.);
#3372 = DIRECTION('',(0.,1.));
#3373 = ( GEOMETRIC_REPRESENTATION_CONTEXT(2) 
PARAMETRIC_REPRESENTATION_CONTEXT() REPRESENTATION_CONTEXT('2D SPACE',''
  ) );
#3374 = PCURVE('',#3299,#3375);
#3375 = DEFINITIONAL_REPRESENTATION('',(#3376),#3380);
#3376 = LINE('',#3377,#3378);
#3377 = CARTESIAN_POINT('',(0.,0.));
#3378 = VECTOR('',#3379,1.);
#3379 = DIRECTION('',(1.,0.));
#3380 = ( GEOMETRIC_REPRESENTATION_CONTEXT(2) 
PARAMETRIC_REPRESENTATION_CONTEXT() REPRESENTATION_CONTEXT('2D SPACE',''
  ) );
#3381 = ORIENTED_EDGE('',*,*,#3310,.T.);
#3382 = ORIENTED_EDGE('',*,*,#2652,.F.);
#3383 = ORIENTED_EDGE('',*,*,#3384,.F.);
#3384 = EDGE_CURVE('',#3360,#2627,#3385,.T.);
#3385 = SURFACE_CURVE('',#3386,(#3390,#3397),.PCURVE_S1.);
#3386 = LINE('',#3387,#3388);
#3387 = CARTESIAN_POINT('',(29.,-0.9,76.));
#3388 = VECTOR('',#3389,1.);
#3389 = DIRECTION('',(0.,0.,1.));
#3390 = PCURVE('',#2665,#3391);
#3391 = DEFINITIONAL_REPRESENTATION('',(#3392),#3396);
#3392 = LINE('',#3393,#3394);
#3393 = CARTESIAN_POINT('',(0.,3.1));
#3394 = VECTOR('',#3395,1.);
#3395 = DIRECTION('',(1.,0.));
#3396 = ( GEOMETRIC_REPRESENTATION_CONTEXT(2) 
PARAMETRIC_REPRESENTATION_CONTEXT() REPRESENTATION_CONTEXT('2D SPACE',''
  ) );
#3397 = PCURVE('',#2641,#3398);
#3398 = DEFINITIONAL_REPRESENTATION('',(#3399),#3403);
#3399 = LINE('',#3400,#3401);
#3400 = CARTESIAN_POINT('',(0.,0.));
#3401 = VECTOR('',#3402,1.);
#3402 = DIRECTION('',(1.,0.));
#3403 = ( GEOMETRIC_REPRESENTATION_CONTEXT(2) 
PARAMETRIC_REPRESENTATION_CONTEXT() REPRESENTATION_CONTEXT('2D SPACE',''
  ) );
#3404 = ADVANCED_FACE('',(#3405),#2641,.F.);
#3405 = FACE_BOUND('',#3406,.F.);
#3406 = EDGE_LOOP('',(#3407,#3408,#3431,#3452));
#3407 = ORIENTED_EDGE('',*,*,#3384,.F.);
#3408 = ORIENTED_EDGE('',*,*,#3409,.T.);
#3409 = EDGE_CURVE('',#3360,#3410,#3412,.T.);
#3410 = VERTEX_POINT('',#3411);
#3411 = CARTESIAN_POINT('',(29.,0.9,76.));
#3412 = SURFACE_CURVE('',#3413,(#3417,#3424),.PCURVE_S1.);
#3413 = LINE('',#3414,#3415);
#3414 = CARTESIAN_POINT('',(29.,-0.9,76.));
#3415 = VECTOR('',#3416,1.);
#3416 = DIRECTION('',(-0.,1.,0.));
#3417 = PCURVE('',#2641,#3418);
#3418 = DEFINITIONAL_REPRESENTATION('',(#3419),#3423);
#3419 = LINE('',#3420,#3421);
#3420 = CARTESIAN_POINT('',(0.,0.));
#3421 = VECTOR('',#3422,1.);
#3422 = DIRECTION('',(0.,-1.));
#3423 = ( GEOMETRIC_REPRESENTATION_CONTEXT(2) 
PARAMETRIC_REPRESENTATION_CONTEXT() REPRESENTATION_CONTEXT('2D SPACE',''
  ) );
#3424 = PCURVE('',#3299,#3425);
#3425 = DEFINITIONAL_REPRESENTATION('',(#3426),#3430);
#3426 = LINE('',#3427,#3428);
#3427 = CARTESIAN_POINT('',(3.1,0.));
#3428 = VECTOR('',#3429,1.);
#3429 = DIRECTION('',(0.,1.));
#3430 = ( GEOMETRIC_REPRESENTATION_CONTEXT(2) 
PARAMETRIC_REPRESENTATION_CONTEXT() REPRESENTATION_CONTEXT('2D SPACE',''
  ) );
#3431 = ORIENTED_EDGE('',*,*,#3432,.T.);
#3432 = EDGE_CURVE('',#3410,#2601,#3433,.T.);
#3433 = SURFACE_CURVE('',#3434,(#3438,#3445),.PCURVE_S1.);
#3434 = LINE('',#3435,#3436);
#3435 = CARTESIAN_POINT('',(29.,0.9,76.));
#3436 = VECTOR('',#3437,1.);
#3437 = DIRECTION('',(0.,0.,1.));
#3438 = PCURVE('',#2641,#3439);
#3439 = DEFINITIONAL_REPRESENTATION('',(#3440),#3444);
#3440 = LINE('',#3441,#3442);
#3441 = CARTESIAN_POINT('',(0.,-1.8));
#3442 = VECTOR('',#3443,1.);
#3443 = DIRECTION('',(1.,0.));
#3444 = ( GEOMETRIC_REPRESENTATION_CONTEXT(2) 
PARAMETRIC_REPRESENTATION_CONTEXT() REPRESENTATION_CONTEXT('2D SPACE',''
  ) );
#3445 = PCURVE('',#2615,#3446);
#3446 = DEFINITIONAL_REPRESENTATION('',(#3447),#3451);
#3447 = LINE('',#3448,#3449);
#3448 = CARTESIAN_POINT('',(0.,3.1));
#3449 = VECTOR('',#3450,1.);
#3450 = DIRECTION('',(1.,0.));
#3451 = ( GEOMETRIC_REPRESENTATION_CONTEXT(2) 
PARAMETRIC_REPRESENTATION_CONTEXT() REPRESENTATION_CONTEXT('2D SPACE',''
  ) );
#3452 = ORIENTED_EDGE('',*,*,#2626,.F.);
#3453 = ADVANCED_FACE('',(#3454),#2615,.F.);
#3454 = FACE_BOUND('',#3455,.F.);
#3455 = EDGE_LOOP('',(#3456,#3477,#3478,#3479));
#3456 = ORIENTED_EDGE('',*,*,#3457,.F.);
#3457 = EDGE_CURVE('',#3264,#3410,#3458,.T.);
#3458 = SURFACE_CURVE('',#3459,(#3463,#3470),.PCURVE_S1.);
#3459 = LINE('',#3460,#3461);
#3460 = CARTESIAN_POINT('',(25.9,0.9,76.));
#3461 = VECTOR('',#3462,1.);
#3462 = DIRECTION('',(1.,0.,-0.));
#3463 = PCURVE('',#2615,#3464);
#3464 = DEFINITIONAL_REPRESENTATION('',(#3465),#3469);
#3465 = LINE('',#3466,#3467);
#3466 = CARTESIAN_POINT('',(0.,0.));
#3467 = VECTOR('',#3468,1.);
#3468 = DIRECTION('',(0.,1.));
#3469 = ( GEOMETRIC_REPRESENTATION_CONTEXT(2) 
PARAMETRIC_REPRESENTATION_CONTEXT() REPRESENTATION_CONTEXT('2D SPACE',''
  ) );
#3470 = PCURVE('',#3299,#3471);
#3471 = DEFINITIONAL_REPRESENTATION('',(#3472),#3476);
#3472 = LINE('',#3473,#3474);
#3473 = CARTESIAN_POINT('',(0.,1.8));
#3474 = VECTOR('',#3475,1.);
#3475 = DIRECTION('',(1.,0.));
#3476 = ( GEOMETRIC_REPRESENTATION_CONTEXT(2) 
PARAMETRIC_REPRESENTATION_CONTEXT() REPRESENTATION_CONTEXT('2D SPACE',''
  ) );
#3477 = ORIENTED_EDGE('',*,*,#3263,.T.);
#3478 = ORIENTED_EDGE('',*,*,#2600,.F.);
#3479 = ORIENTED_EDGE('',*,*,#3432,.F.);
#3480 = ADVANCED_FACE('',(#3481),#2897,.F.);
#3481 = FACE_BOUND('',#3482,.F.);
#3482 = EDGE_LOOP('',(#3483,#3506,#3527,#3528));
#3483 = ORIENTED_EDGE('',*,*,#3484,.F.);
#3484 = EDGE_CURVE('',#3485,#3190,#3487,.T.);
#3485 = VERTEX_POINT('',#3486);
#3486 = CARTESIAN_POINT('',(-29.,0.9,76.));
#3487 = SURFACE_CURVE('',#3488,(#3492,#3499),.PCURVE_S1.);
#3488 = LINE('',#3489,#3490);
#3489 = CARTESIAN_POINT('',(-29.,0.9,76.));
#3490 = VECTOR('',#3491,1.);
#3491 = DIRECTION('',(1.,0.,-0.));
#3492 = PCURVE('',#2897,#3493);
#3493 = DEFINITIONAL_REPRESENTATION('',(#3494),#3498);
#3494 = LINE('',#3495,#3496);
#3495 = CARTESIAN_POINT('',(0.,0.));
#3496 = VECTOR('',#3497,1.);
#3497 = DIRECTION('',(0.,1.));
#3498 = ( GEOMETRIC_REPRESENTATION_CONTEXT(2) 
PARAMETRIC_REPRESENTATION_CONTEXT() REPRESENTATION_CONTEXT('2D SPACE',''
  ) );
#3499 = PCURVE('',#3225,#3500);
#3500 = DEFINITIONAL_REPRESENTATION('',(#3501),#3505);
#3501 = LINE('',#3502,#3503);
#3502 = CARTESIAN_POINT('',(0.,1.8));
#3503 = VECTOR('',#3504,1.);
#3504 = DIRECTION('',(1.,0.));
#3505 = ( GEOMETRIC_REPRESENTATION_CONTEXT(2) 
PARAMETRIC_REPRESENTATION_CONTEXT() REPRESENTATION_CONTEXT('2D SPACE',''
  ) );
#3506 = ORIENTED_EDGE('',*,*,#3507,.T.);
#3507 = EDGE_CURVE('',#3485,#2857,#3508,.T.);
#3508 = SURFACE_CURVE('',#3509,(#3513,#3520),.PCURVE_S1.);
#3509 = LINE('',#3510,#3511);
#3510 = CARTESIAN_POINT('',(-29.,0.9,76.));
#3511 = VECTOR('',#3512,1.);
#3512 = DIRECTION('',(0.,0.,1.));
#3513 = PCURVE('',#2897,#3514);
#3514 = DEFINITIONAL_REPRESENTATION('',(#3515),#3519);
#3515 = LINE('',#3516,#3517);
#3516 = CARTESIAN_POINT('',(0.,0.));
#3517 = VECTOR('',#3518,1.);
#3518 = DIRECTION('',(1.,0.));
#3519 = ( GEOMETRIC_REPRESENTATION_CONTEXT(2) 
PARAMETRIC_REPRESENTATION_CONTEXT() REPRESENTATION_CONTEXT('2D SPACE',''
  ) );
#3520 = PCURVE('',#2871,#3521);
#3521 = DEFINITIONAL_REPRESENTATION('',(#3522),#3526);
#3522 = LINE('',#3523,#3524);
#3523 = CARTESIAN_POINT('',(0.,-1.8));
#3524 = VECTOR('',#3525,1.);
#3525 = DIRECTION('',(1.,0.));
#3526 = ( GEOMETRIC_REPRESENTATION_CONTEXT(2) 
PARAMETRIC_REPRESENTATION_CONTEXT() REPRESENTATION_CONTEXT('2D SPACE',''
  ) );
#3527 = ORIENTED_EDGE('',*,*,#2882,.F.);
#3528 = ORIENTED_EDGE('',*,*,#3189,.F.);
#3529 = ADVANCED_FACE('',(#3530),#2871,.T.);
#3530 = FACE_BOUND('',#3531,.T.);
#3531 = EDGE_LOOP('',(#3532,#3555,#3576,#3577));
#3532 = ORIENTED_EDGE('',*,*,#3533,.F.);
#3533 = EDGE_CURVE('',#3534,#2831,#3536,.T.);
#3534 = VERTEX_POINT('',#3535);
#3535 = CARTESIAN_POINT('',(-29.,-0.9,76.));
#3536 = SURFACE_CURVE('',#3537,(#3541,#3548),.PCURVE_S1.);
#3537 = LINE('',#3538,#3539);
#3538 = CARTESIAN_POINT('',(-29.,-0.9,76.));
#3539 = VECTOR('',#3540,1.);
#3540 = DIRECTION('',(0.,0.,1.));
#3541 = PCURVE('',#2871,#3542);
#3542 = DEFINITIONAL_REPRESENTATION('',(#3543),#3547);
#3543 = LINE('',#3544,#3545);
#3544 = CARTESIAN_POINT('',(0.,0.));
#3545 = VECTOR('',#3546,1.);
#3546 = DIRECTION('',(1.,0.));
#3547 = ( GEOMETRIC_REPRESENTATION_CONTEXT(2) 
PARAMETRIC_REPRESENTATION_CONTEXT() REPRESENTATION_CONTEXT('2D SPACE',''
  ) );
#3548 = PCURVE('',#2845,#3549);
#3549 = DEFINITIONAL_REPRESENTATION('',(#3550),#3554);
#3550 = LINE('',#3551,#3552);
#3551 = CARTESIAN_POINT('',(0.,0.));
#3552 = VECTOR('',#3553,1.);
#3553 = DIRECTION('',(1.,0.));
#3554 = ( GEOMETRIC_REPRESENTATION_CONTEXT(2) 
PARAMETRIC_REPRESENTATION_CONTEXT() REPRESENTATION_CONTEXT('2D SPACE',''
  ) );
#3555 = ORIENTED_EDGE('',*,*,#3556,.T.);
#3556 = EDGE_CURVE('',#3534,#3485,#3557,.T.);
#3557 = SURFACE_CURVE('',#3558,(#3562,#3569),.PCURVE_S1.);
#3558 = LINE('',#3559,#3560);
#3559 = CARTESIAN_POINT('',(-29.,-0.9,76.));
#3560 = VECTOR('',#3561,1.);
#3561 = DIRECTION('',(-0.,1.,0.));
#3562 = PCURVE('',#2871,#3563);
#3563 = DEFINITIONAL_REPRESENTATION('',(#3564),#3568);
#3564 = LINE('',#3565,#3566);
#3565 = CARTESIAN_POINT('',(0.,0.));
#3566 = VECTOR('',#3567,1.);
#3567 = DIRECTION('',(0.,-1.));
#3568 = ( GEOMETRIC_REPRESENTATION_CONTEXT(2) 
PARAMETRIC_REPRESENTATION_CONTEXT() REPRESENTATION_CONTEXT('2D SPACE',''
  ) );
#3569 = PCURVE('',#3225,#3570);
#3570 = DEFINITIONAL_REPRESENTATION('',(#3571),#3575);
#3571 = LINE('',#3572,#3573);
#3572 = CARTESIAN_POINT('',(0.,0.));
#3573 = VECTOR('',#3574,1.);
#3574 = DIRECTION('',(0.,1.));
#3575 = ( GEOMETRIC_REPRESENTATION_CONTEXT(2) 
PARAMETRIC_REPRESENTATION_CONTEXT() REPRESENTATION_CONTEXT('2D SPACE',''
  ) );
#3576 = ORIENTED_EDGE('',*,*,#3507,.T.);
#3577 = ORIENTED_EDGE('',*,*,#2856,.F.);
#3578 = ADVANCED_FACE('',(#3579),#2845,.T.);
#3579 = FACE_BOUND('',#3580,.T.);
#3580 = EDGE_LOOP('',(#3581,#3602,#3603,#3604));
#3581 = ORIENTED_EDGE('',*,*,#3582,.F.);
#3582 = EDGE_CURVE('',#3534,#3211,#3583,.T.);
#3583 = SURFACE_CURVE('',#3584,(#3588,#3595),.PCURVE_S1.);
#3584 = LINE('',#3585,#3586);
#3585 = CARTESIAN_POINT('',(-29.,-0.9,76.));
#3586 = VECTOR('',#3587,1.);
#3587 = DIRECTION('',(1.,0.,-0.));
#3588 = PCURVE('',#2845,#3589);
#3589 = DEFINITIONAL_REPRESENTATION('',(#3590),#3594);
#3590 = LINE('',#3591,#3592);
#3591 = CARTESIAN_POINT('',(0.,0.));
#3592 = VECTOR('',#3593,1.);
#3593 = DIRECTION('',(0.,1.));
#3594 = ( GEOMETRIC_REPRESENTATION_CONTEXT(2) 
PARAMETRIC_REPRESENTATION_CONTEXT() REPRESENTATION_CONTEXT('2D SPACE',''
  ) );
#3595 = PCURVE('',#3225,#3596);
#3596 = DEFINITIONAL_REPRESENTATION('',(#3597),#3601);
#3597 = LINE('',#3598,#3599);
#3598 = CARTESIAN_POINT('',(0.,0.));
#3599 = VECTOR('',#3600,1.);
#3600 = DIRECTION('',(1.,0.));
#3601 = ( GEOMETRIC_REPRESENTATION_CONTEXT(2) 
PARAMETRIC_REPRESENTATION_CONTEXT() REPRESENTATION_CONTEXT('2D SPACE',''
  ) );
#3602 = ORIENTED_EDGE('',*,*,#3533,.T.);
#3603 = ORIENTED_EDGE('',*,*,#2830,.F.);
#3604 = ORIENTED_EDGE('',*,*,#3236,.F.);
#3605 = ADVANCED_FACE('',(#3606,#3609),#2998,.F.);
#3606 = FACE_BOUND('',#3607,.F.);
#3607 = EDGE_LOOP('',(#3608));
#3608 = ORIENTED_EDGE('',*,*,#2983,.T.);
#3609 = FACE_BOUND('',#3610,.F.);
#3610 = EDGE_LOOP('',(#3611));
#3611 = ORIENTED_EDGE('',*,*,#3103,.F.);
#3612 = ADVANCED_FACE('',(#3613),#3034,.F.);
#3613 = FACE_BOUND('',#3614,.F.);
#3614 = EDGE_LOOP('',(#3615,#3616,#3639,#3666));
#3615 = ORIENTED_EDGE('',*,*,#3017,.F.);
#3616 = ORIENTED_EDGE('',*,*,#3617,.F.);
#3617 = EDGE_CURVE('',#3618,#3018,#3620,.T.);
#3618 = VERTEX_POINT('',#3619);
#3619 = CARTESIAN_POINT('',(1.6,29.5,108.));
#3620 = SEAM_CURVE('',#3621,(#3625,#3632),.PCURVE_S1.);
#3621 = LINE('',#3622,#3623);
#3622 = CARTESIAN_POINT('',(1.6,29.5,108.));
#3623 = VECTOR('',#3624,1.);
#3624 = DIRECTION('',(0.,0.,1.));
#3625 = PCURVE('',#3034,#3626);
#3626 = DEFINITIONAL_REPRESENTATION('',(#3627),#3631);
#3627 = LINE('',#3628,#3629);
#3628 = CARTESIAN_POINT('',(6.28318530718,-0.));
#3629 = VECTOR('',#3630,1.);
#3630 = DIRECTION('',(0.,1.));
#3631 = ( GEOMETRIC_REPRESENTATION_CONTEXT(2) 
PARAMETRIC_REPRESENTATION_CONTEXT() REPRESENTATION_CONTEXT('2D SPACE',''
  ) );
#3632 = PCURVE('',#3034,#3633);
#3633 = DEFINITIONAL_REPRESENTATION('',(#3634),#3638);
#3634 = LINE('',#3635,#3636);
#3635 = CARTESIAN_POINT('',(0.,-0.));
#3636 = VECTOR('',#3637,1.);
#3637 = DIRECTION('',(0.,1.));
#3638 = ( GEOMETRIC_REPRESENTATION_CONTEXT(2) 
PARAMETRIC_REPRESENTATION_CONTEXT() REPRESENTATION_CONTEXT('2D SPACE',''
  ) );
#3639 = ORIENTED_EDGE('',*,*,#3640,.T.);
#3640 = EDGE_CURVE('',#3618,#3618,#3641,.T.);
#3641 = SURFACE_CURVE('',#3642,(#3647,#3654),.PCURVE_S1.);
#3642 = CIRCLE('',#3643,1.6);
#3643 = AXIS2_PLACEMENT_3D('',#3644,#3645,#3646);
#3644 = CARTESIAN_POINT('',(0.,29.5,108.));
#3645 = DIRECTION('',(0.,0.,1.));
#3646 = DIRECTION('',(1.,0.,-0.));
#3647 = PCURVE('',#3034,#3648);
#3648 = DEFINITIONAL_REPRESENTATION('',(#3649),#3653);
#3649 = LINE('',#3650,#3651);
#3650 = CARTESIAN_POINT('',(0.,0.));
#3651 = VECTOR('',#3652,1.);
#3652 = DIRECTION('',(1.,0.));
#3653 = ( GEOMETRIC_REPRESENTATION_CONTEXT(2) 
PARAMETRIC_REPRESENTATION_CONTEXT() REPRESENTATION_CONTEXT('2D SPACE',''
  ) );
#3654 = PCURVE('',#3655,#3660);
#3655 = PLANE('',#3656);
#3656 = AXIS2_PLACEMENT_3D('',#3657,#3658,#3659);
#3657 = CARTESIAN_POINT('',(0.,29.5,108.));
#3658 = DIRECTION('',(0.,0.,1.));
#3659 = DIRECTION('',(1.,0.,-0.));
#3660 = DEFINITIONAL_REPRESENTATION('',(#3661),#3665);
#3661 = CIRCLE('',#3662,1.6);
#3662 = AXIS2_PLACEMENT_2D('',#3663,#3664);
#3663 = CARTESIAN_POINT('',(0.,0.));
#3664 = DIRECTION('',(1.,0.));
#3665 = ( GEOMETRIC_REPRESENTATION_CONTEXT(2) 
PARAMETRIC_REPRESENTATION_CONTEXT() REPRESENTATION_CONTEXT('2D SPACE',''
  ) );
#3666 = ORIENTED_EDGE('',*,*,#3617,.T.);
#3667 = ADVANCED_FACE('',(#3668),#3168,.T.);
#3668 = FACE_BOUND('',#3669,.F.);
#3669 = EDGE_LOOP('',(#3670));
#3670 = ORIENTED_EDGE('',*,*,#3153,.F.);
#3671 = ADVANCED_FACE('',(#3672),#3225,.T.);
#3672 = FACE_BOUND('',#3673,.T.);
#3673 = EDGE_LOOP('',(#3674,#3675,#3676,#3677));
#3674 = ORIENTED_EDGE('',*,*,#3484,.F.);
#3675 = ORIENTED_EDGE('',*,*,#3556,.F.);
#3676 = ORIENTED_EDGE('',*,*,#3582,.T.);
#3677 = ORIENTED_EDGE('',*,*,#3210,.F.);
#3678 = ADVANCED_FACE('',(#3679),#3299,.T.);
#3679 = FACE_BOUND('',#3680,.T.);
#3680 = EDGE_LOOP('',(#3681,#3682,#3683,#3684));
#3681 = ORIENTED_EDGE('',*,*,#3457,.F.);
#3682 = ORIENTED_EDGE('',*,*,#3284,.T.);
#3683 = ORIENTED_EDGE('',*,*,#3359,.T.);
#3684 = ORIENTED_EDGE('',*,*,#3409,.T.);
#3685 = ADVANCED_FACE('',(#3686),#3655,.T.);
#3686 = FACE_BOUND('',#3687,.F.);
#3687 = EDGE_LOOP('',(#3688));
#3688 = ORIENTED_EDGE('',*,*,#3640,.F.);
#3689 = ( GEOMETRIC_REPRESENTATION_CONTEXT(3) 
GLOBAL_UNCERTAINTY_ASSIGNED_CONTEXT((#3693)) 
GLOBAL_UNIT_ASSIGNED_CONTEXT((#3690,#3691,#3692)) REPRESENTATION_CONTEXT
('Context #1','3D Context with UNIT and UNCERTAINTY') );
#3690 = ( LENGTH_UNIT() NAMED_UNIT(*) SI_UNIT(.MILLI.,.METRE.) );
#3691 = ( NAMED_UNIT(*) PLANE_ANGLE_UNIT() SI_UNIT($,.RADIAN.) );
#3692 = ( NAMED_UNIT(*) SI_UNIT($,.STERADIAN.) SOLID_ANGLE_UNIT() );
#3693 = UNCERTAINTY_MEASURE_WITH_UNIT(LENGTH_MEASURE(1.E-07),#3690,
  'distance_accuracy_value','confusion accuracy');
#3694 = PRODUCT_RELATED_PRODUCT_CATEGORY('part',$,(#7));
ENDSEC;
END-ISO-10303-21;
